ISO-10303-21;
HEADER;
/* Generated by software containing ST-Developer
 * from STEP Tools, Inc. (www.steptools.com) 
 */
/* OPTION: using custom renumber hook */

FILE_DESCRIPTION(
/* description */ ('STEP AP242 Edition 2',
'CAx-IF Rec.Pracs.---Representation and Presentation of Product Manufa
cturing Information (PMI)---4.0---2014-10-13',
'CAx-IF Rec.Pracs.---3D Tessellated Geometry---0.4---2014-09-14','2;1',
'CAx-IF Rec.Pracs.---User Defined Attributes---1.5---2016-08-15'),
/* implementation_level */ '2;1');

FILE_NAME(
/* name */ 'Part Studio 2 Copy 1 - Part 1',
/* time_stamp */ '2026-07-03T12:52:57Z',
/* author */ (''),
/* organization */ (''),
/* preprocessor_version */ 'ST-DEVELOPER v20',
/* originating_system */ 'ONSHAPE BY PTC INC, 1.217',
/* authorisation */ '  ');

FILE_SCHEMA (('AP242_MANAGED_MODEL_BASED_3D_ENGINEERING_MIM_LF { 1 0 10303 442 3 1 4 }'));
ENDSEC;

DATA;
#10=SHAPE_REPRESENTATION_RELATIONSHIP('','',#1585,#11);
#11=ADVANCED_BREP_SHAPE_REPRESENTATION('',(#1583),#2637);
#12=ELLIPSE('',#1605,0.00313194574484871,0.003);
#13=ELLIPSE('',#1610,0.00313194574484871,0.003);
#14=ELLIPSE('',#1629,0.00313194574484871,0.003);
#15=ELLIPSE('',#1630,0.00313194574484871,0.003);
#16=CYLINDRICAL_SURFACE('',#1603,0.003);
#17=CYLINDRICAL_SURFACE('',#1608,0.003);
#18=CYLINDRICAL_SURFACE('',#1613,0.001625);
#19=CYLINDRICAL_SURFACE('',#1615,0.001625);
#20=CYLINDRICAL_SURFACE('',#1617,0.001625);
#21=CYLINDRICAL_SURFACE('',#1619,0.001625);
#22=CYLINDRICAL_SURFACE('',#1622,0.001625);
#23=CYLINDRICAL_SURFACE('',#1625,0.001625);
#24=CYLINDRICAL_SURFACE('',#1647,0.00175);
#25=CYLINDRICAL_SURFACE('',#1651,0.00175);
#26=CYLINDRICAL_SURFACE('',#1696,0.0005);
#27=CYLINDRICAL_SURFACE('',#1697,0.0005);
#28=CYLINDRICAL_SURFACE('',#1698,0.0005);
#29=CYLINDRICAL_SURFACE('',#1699,0.0005);
#30=CYLINDRICAL_SURFACE('',#1700,0.001);
#31=CYLINDRICAL_SURFACE('',#1701,0.0006);
#32=CYLINDRICAL_SURFACE('',#1702,0.0006);
#33=CYLINDRICAL_SURFACE('',#1703,0.0006);
#34=CYLINDRICAL_SURFACE('',#1704,0.0006);
#35=CYLINDRICAL_SURFACE('',#1705,0.0006);
#36=CYLINDRICAL_SURFACE('',#1706,0.0006);
#37=CYLINDRICAL_SURFACE('',#1707,0.0006);
#38=CYLINDRICAL_SURFACE('',#1708,0.0006);
#39=CYLINDRICAL_SURFACE('',#1709,0.001);
#40=CYLINDRICAL_SURFACE('',#1710,0.001);
#41=CYLINDRICAL_SURFACE('',#1711,0.001);
#42=CYLINDRICAL_SURFACE('',#1712,0.001);
#43=CYLINDRICAL_SURFACE('',#1713,0.001);
#44=CYLINDRICAL_SURFACE('',#1714,0.001625);
#45=CYLINDRICAL_SURFACE('',#1716,0.001625);
#46=CYLINDRICAL_SURFACE('',#1718,0.003);
#47=CYLINDRICAL_SURFACE('',#1721,0.003);
#48=CYLINDRICAL_SURFACE('',#1738,0.003);
#49=CYLINDRICAL_SURFACE('',#1739,0.003);
#50=CIRCLE('',#1594,0.001625);
#51=CIRCLE('',#1602,0.001625);
#52=CIRCLE('',#1604,0.003);
#53=CIRCLE('',#1607,0.001625);
#54=CIRCLE('',#1609,0.003);
#55=CIRCLE('',#1612,0.001625);
#56=CIRCLE('',#1614,0.001625);
#57=CIRCLE('',#1616,0.001625);
#58=CIRCLE('',#1618,0.001625);
#59=CIRCLE('',#1620,0.001625);
#60=CIRCLE('',#1623,0.001625);
#61=CIRCLE('',#1624,0.001625);
#62=CIRCLE('',#1626,0.001625);
#63=CIRCLE('',#1627,0.001625);
#64=CIRCLE('',#1632,0.001625);
#65=CIRCLE('',#1633,0.001625);
#66=CIRCLE('',#1648,0.00175);
#67=CIRCLE('',#1649,0.00175);
#68=CIRCLE('',#1652,0.00175);
#69=CIRCLE('',#1653,0.00175);
#70=CIRCLE('',#1655,0.001);
#71=CIRCLE('',#1656,0.003);
#72=CIRCLE('',#1657,0.001);
#73=CIRCLE('',#1658,0.001);
#74=CIRCLE('',#1659,0.0006);
#75=CIRCLE('',#1660,0.0005);
#76=CIRCLE('',#1661,0.0006);
#77=CIRCLE('',#1662,0.0006);
#78=CIRCLE('',#1663,0.0005);
#79=CIRCLE('',#1664,0.0006);
#80=CIRCLE('',#1665,0.001);
#81=CIRCLE('',#1666,0.0006);
#82=CIRCLE('',#1667,0.0005);
#83=CIRCLE('',#1668,0.0006);
#84=CIRCLE('',#1669,0.0006);
#85=CIRCLE('',#1670,0.0005);
#86=CIRCLE('',#1671,0.0006);
#87=CIRCLE('',#1672,0.001);
#88=CIRCLE('',#1673,0.001);
#89=CIRCLE('',#1674,0.003);
#90=CIRCLE('',#1676,0.001);
#91=CIRCLE('',#1677,0.003);
#92=CIRCLE('',#1678,0.003);
#93=CIRCLE('',#1679,0.001);
#94=CIRCLE('',#1680,0.001);
#95=CIRCLE('',#1681,0.0006);
#96=CIRCLE('',#1682,0.0005);
#97=CIRCLE('',#1683,0.0006);
#98=CIRCLE('',#1684,0.0006);
#99=CIRCLE('',#1685,0.0005);
#100=CIRCLE('',#1686,0.0006);
#101=CIRCLE('',#1687,0.001);
#102=CIRCLE('',#1688,0.0006);
#103=CIRCLE('',#1689,0.0005);
#104=CIRCLE('',#1690,0.0006);
#105=CIRCLE('',#1691,0.0006);
#106=CIRCLE('',#1692,0.0005);
#107=CIRCLE('',#1693,0.0006);
#108=CIRCLE('',#1694,0.001);
#109=CIRCLE('',#1695,0.001);
#110=CIRCLE('',#1715,0.001625);
#111=CIRCLE('',#1717,0.001625);
#112=CIRCLE('',#1719,0.003);
#113=CIRCLE('',#1722,0.003);
#114=ORIENTED_EDGE('',*,*,#534,.F.);
#115=ORIENTED_EDGE('',*,*,#535,.T.);
#116=ORIENTED_EDGE('',*,*,#536,.T.);
#117=ORIENTED_EDGE('',*,*,#537,.F.);
#118=ORIENTED_EDGE('',*,*,#538,.F.);
#119=ORIENTED_EDGE('',*,*,#539,.T.);
#120=ORIENTED_EDGE('',*,*,#534,.T.);
#121=ORIENTED_EDGE('',*,*,#540,.F.);
#122=ORIENTED_EDGE('',*,*,#541,.F.);
#123=ORIENTED_EDGE('',*,*,#542,.T.);
#124=ORIENTED_EDGE('',*,*,#538,.T.);
#125=ORIENTED_EDGE('',*,*,#543,.F.);
#126=ORIENTED_EDGE('',*,*,#544,.F.);
#127=ORIENTED_EDGE('',*,*,#545,.T.);
#128=ORIENTED_EDGE('',*,*,#541,.T.);
#129=ORIENTED_EDGE('',*,*,#546,.F.);
#130=ORIENTED_EDGE('',*,*,#547,.F.);
#131=ORIENTED_EDGE('',*,*,#548,.T.);
#132=ORIENTED_EDGE('',*,*,#544,.T.);
#133=ORIENTED_EDGE('',*,*,#549,.F.);
#134=ORIENTED_EDGE('',*,*,#536,.F.);
#135=ORIENTED_EDGE('',*,*,#550,.T.);
#136=ORIENTED_EDGE('',*,*,#547,.T.);
#137=ORIENTED_EDGE('',*,*,#551,.F.);
#138=ORIENTED_EDGE('',*,*,#552,.F.);
#139=ORIENTED_EDGE('',*,*,#535,.F.);
#140=ORIENTED_EDGE('',*,*,#539,.F.);
#141=ORIENTED_EDGE('',*,*,#542,.F.);
#142=ORIENTED_EDGE('',*,*,#545,.F.);
#143=ORIENTED_EDGE('',*,*,#548,.F.);
#144=ORIENTED_EDGE('',*,*,#550,.F.);
#145=ORIENTED_EDGE('',*,*,#553,.T.);
#146=ORIENTED_EDGE('',*,*,#554,.F.);
#147=ORIENTED_EDGE('',*,*,#555,.F.);
#148=ORIENTED_EDGE('',*,*,#556,.T.);
#149=ORIENTED_EDGE('',*,*,#557,.T.);
#150=ORIENTED_EDGE('',*,*,#558,.F.);
#151=ORIENTED_EDGE('',*,*,#559,.F.);
#152=ORIENTED_EDGE('',*,*,#554,.T.);
#153=ORIENTED_EDGE('',*,*,#560,.T.);
#154=ORIENTED_EDGE('',*,*,#561,.F.);
#155=ORIENTED_EDGE('',*,*,#562,.F.);
#156=ORIENTED_EDGE('',*,*,#558,.T.);
#157=ORIENTED_EDGE('',*,*,#563,.T.);
#158=ORIENTED_EDGE('',*,*,#564,.F.);
#159=ORIENTED_EDGE('',*,*,#565,.F.);
#160=ORIENTED_EDGE('',*,*,#561,.T.);
#161=ORIENTED_EDGE('',*,*,#566,.T.);
#162=ORIENTED_EDGE('',*,*,#567,.F.);
#163=ORIENTED_EDGE('',*,*,#568,.F.);
#164=ORIENTED_EDGE('',*,*,#564,.T.);
#165=ORIENTED_EDGE('',*,*,#569,.T.);
#166=ORIENTED_EDGE('',*,*,#556,.F.);
#167=ORIENTED_EDGE('',*,*,#570,.F.);
#168=ORIENTED_EDGE('',*,*,#567,.T.);
#169=ORIENTED_EDGE('',*,*,#571,.F.);
#170=ORIENTED_EDGE('',*,*,#555,.T.);
#171=ORIENTED_EDGE('',*,*,#559,.T.);
#172=ORIENTED_EDGE('',*,*,#562,.T.);
#173=ORIENTED_EDGE('',*,*,#565,.T.);
#174=ORIENTED_EDGE('',*,*,#568,.T.);
#175=ORIENTED_EDGE('',*,*,#570,.T.);
#176=ORIENTED_EDGE('',*,*,#572,.F.);
#177=ORIENTED_EDGE('',*,*,#573,.F.);
#178=ORIENTED_EDGE('',*,*,#572,.T.);
#179=ORIENTED_EDGE('',*,*,#574,.F.);
#180=ORIENTED_EDGE('',*,*,#575,.T.);
#181=ORIENTED_EDGE('',*,*,#576,.T.);
#182=ORIENTED_EDGE('',*,*,#577,.T.);
#183=ORIENTED_EDGE('',*,*,#575,.F.);
#184=ORIENTED_EDGE('',*,*,#577,.F.);
#185=ORIENTED_EDGE('',*,*,#578,.T.);
#186=ORIENTED_EDGE('',*,*,#574,.T.);
#187=ORIENTED_EDGE('',*,*,#579,.F.);
#188=ORIENTED_EDGE('',*,*,#580,.F.);
#189=ORIENTED_EDGE('',*,*,#552,.T.);
#190=ORIENTED_EDGE('',*,*,#581,.T.);
#191=ORIENTED_EDGE('',*,*,#571,.T.);
#192=ORIENTED_EDGE('',*,*,#582,.F.);
#193=ORIENTED_EDGE('',*,*,#583,.F.);
#194=ORIENTED_EDGE('',*,*,#584,.F.);
#195=ORIENTED_EDGE('',*,*,#585,.F.);
#196=ORIENTED_EDGE('',*,*,#586,.F.);
#197=ORIENTED_EDGE('',*,*,#587,.F.);
#198=ORIENTED_EDGE('',*,*,#588,.T.);
#199=ORIENTED_EDGE('',*,*,#589,.T.);
#200=ORIENTED_EDGE('',*,*,#590,.F.);
#201=ORIENTED_EDGE('',*,*,#591,.F.);
#202=ORIENTED_EDGE('',*,*,#592,.T.);
#203=ORIENTED_EDGE('',*,*,#593,.T.);
#204=ORIENTED_EDGE('',*,*,#594,.T.);
#205=ORIENTED_EDGE('',*,*,#595,.T.);
#206=ORIENTED_EDGE('',*,*,#596,.T.);
#207=ORIENTED_EDGE('',*,*,#597,.T.);
#208=ORIENTED_EDGE('',*,*,#598,.F.);
#209=ORIENTED_EDGE('',*,*,#599,.T.);
#210=ORIENTED_EDGE('',*,*,#600,.T.);
#211=ORIENTED_EDGE('',*,*,#601,.T.);
#212=ORIENTED_EDGE('',*,*,#602,.T.);
#213=ORIENTED_EDGE('',*,*,#603,.T.);
#214=ORIENTED_EDGE('',*,*,#604,.F.);
#215=ORIENTED_EDGE('',*,*,#605,.T.);
#216=ORIENTED_EDGE('',*,*,#606,.T.);
#217=ORIENTED_EDGE('',*,*,#607,.F.);
#218=ORIENTED_EDGE('',*,*,#608,.T.);
#219=ORIENTED_EDGE('',*,*,#609,.T.);
#220=ORIENTED_EDGE('',*,*,#610,.T.);
#221=ORIENTED_EDGE('',*,*,#611,.F.);
#222=ORIENTED_EDGE('',*,*,#612,.F.);
#223=ORIENTED_EDGE('',*,*,#613,.F.);
#224=ORIENTED_EDGE('',*,*,#598,.T.);
#225=ORIENTED_EDGE('',*,*,#614,.F.);
#226=ORIENTED_EDGE('',*,*,#615,.T.);
#227=ORIENTED_EDGE('',*,*,#616,.T.);
#228=ORIENTED_EDGE('',*,*,#617,.T.);
#229=ORIENTED_EDGE('',*,*,#600,.F.);
#230=ORIENTED_EDGE('',*,*,#618,.T.);
#231=ORIENTED_EDGE('',*,*,#619,.T.);
#232=ORIENTED_EDGE('',*,*,#620,.F.);
#233=ORIENTED_EDGE('',*,*,#612,.T.);
#234=ORIENTED_EDGE('',*,*,#621,.T.);
#235=ORIENTED_EDGE('',*,*,#622,.T.);
#236=ORIENTED_EDGE('',*,*,#623,.F.);
#237=ORIENTED_EDGE('',*,*,#624,.T.);
#238=ORIENTED_EDGE('',*,*,#625,.F.);
#239=ORIENTED_EDGE('',*,*,#626,.T.);
#240=ORIENTED_EDGE('',*,*,#627,.T.);
#241=ORIENTED_EDGE('',*,*,#628,.T.);
#242=ORIENTED_EDGE('',*,*,#629,.T.);
#243=ORIENTED_EDGE('',*,*,#630,.T.);
#244=ORIENTED_EDGE('',*,*,#631,.F.);
#245=ORIENTED_EDGE('',*,*,#632,.T.);
#246=ORIENTED_EDGE('',*,*,#540,.T.);
#247=ORIENTED_EDGE('',*,*,#537,.T.);
#248=ORIENTED_EDGE('',*,*,#551,.T.);
#249=ORIENTED_EDGE('',*,*,#549,.T.);
#250=ORIENTED_EDGE('',*,*,#546,.T.);
#251=ORIENTED_EDGE('',*,*,#543,.T.);
#252=ORIENTED_EDGE('',*,*,#553,.F.);
#253=ORIENTED_EDGE('',*,*,#569,.F.);
#254=ORIENTED_EDGE('',*,*,#566,.F.);
#255=ORIENTED_EDGE('',*,*,#563,.F.);
#256=ORIENTED_EDGE('',*,*,#560,.F.);
#257=ORIENTED_EDGE('',*,*,#557,.F.);
#258=ORIENTED_EDGE('',*,*,#633,.T.);
#259=ORIENTED_EDGE('',*,*,#634,.T.);
#260=ORIENTED_EDGE('',*,*,#635,.F.);
#261=ORIENTED_EDGE('',*,*,#636,.T.);
#262=ORIENTED_EDGE('',*,*,#637,.T.);
#263=ORIENTED_EDGE('',*,*,#638,.T.);
#264=ORIENTED_EDGE('',*,*,#639,.F.);
#265=ORIENTED_EDGE('',*,*,#640,.F.);
#266=ORIENTED_EDGE('',*,*,#581,.F.);
#267=ORIENTED_EDGE('',*,*,#580,.T.);
#268=ORIENTED_EDGE('',*,*,#641,.F.);
#269=ORIENTED_EDGE('',*,*,#642,.T.);
#270=ORIENTED_EDGE('',*,*,#643,.T.);
#271=ORIENTED_EDGE('',*,*,#640,.T.);
#272=ORIENTED_EDGE('',*,*,#644,.T.);
#273=ORIENTED_EDGE('',*,*,#645,.T.);
#274=ORIENTED_EDGE('',*,*,#646,.F.);
#275=ORIENTED_EDGE('',*,*,#647,.T.);
#276=ORIENTED_EDGE('',*,*,#578,.F.);
#277=ORIENTED_EDGE('',*,*,#579,.T.);
#278=ORIENTED_EDGE('',*,*,#648,.T.);
#279=ORIENTED_EDGE('',*,*,#649,.T.);
#280=ORIENTED_EDGE('',*,*,#650,.F.);
#281=ORIENTED_EDGE('',*,*,#651,.F.);
#282=ORIENTED_EDGE('',*,*,#652,.T.);
#283=ORIENTED_EDGE('',*,*,#653,.F.);
#284=ORIENTED_EDGE('',*,*,#654,.F.);
#285=ORIENTED_EDGE('',*,*,#651,.T.);
#286=ORIENTED_EDGE('',*,*,#576,.F.);
#287=ORIENTED_EDGE('',*,*,#573,.T.);
#288=ORIENTED_EDGE('',*,*,#655,.T.);
#289=ORIENTED_EDGE('',*,*,#656,.T.);
#290=ORIENTED_EDGE('',*,*,#657,.F.);
#291=ORIENTED_EDGE('',*,*,#653,.T.);
#292=ORIENTED_EDGE('',*,*,#658,.F.);
#293=ORIENTED_EDGE('',*,*,#617,.F.);
#294=ORIENTED_EDGE('',*,*,#659,.T.);
#295=ORIENTED_EDGE('',*,*,#591,.T.);
#296=ORIENTED_EDGE('',*,*,#660,.T.);
#297=ORIENTED_EDGE('',*,*,#661,.F.);
#298=ORIENTED_EDGE('',*,*,#662,.T.);
#299=ORIENTED_EDGE('',*,*,#663,.T.);
#300=ORIENTED_EDGE('',*,*,#664,.F.);
#301=ORIENTED_EDGE('',*,*,#665,.T.);
#302=ORIENTED_EDGE('',*,*,#666,.T.);
#303=ORIENTED_EDGE('',*,*,#667,.F.);
#304=ORIENTED_EDGE('',*,*,#668,.F.);
#305=ORIENTED_EDGE('',*,*,#627,.F.);
#306=ORIENTED_EDGE('',*,*,#669,.T.);
#307=ORIENTED_EDGE('',*,*,#629,.F.);
#308=ORIENTED_EDGE('',*,*,#670,.T.);
#309=ORIENTED_EDGE('',*,*,#633,.F.);
#310=ORIENTED_EDGE('',*,*,#671,.T.);
#311=ORIENTED_EDGE('',*,*,#637,.F.);
#312=ORIENTED_EDGE('',*,*,#643,.F.);
#313=ORIENTED_EDGE('',*,*,#672,.T.);
#314=ORIENTED_EDGE('',*,*,#673,.F.);
#315=ORIENTED_EDGE('',*,*,#674,.T.);
#316=ORIENTED_EDGE('',*,*,#644,.F.);
#317=ORIENTED_EDGE('',*,*,#675,.T.);
#318=ORIENTED_EDGE('',*,*,#676,.F.);
#319=ORIENTED_EDGE('',*,*,#677,.T.);
#320=ORIENTED_EDGE('',*,*,#648,.F.);
#321=ORIENTED_EDGE('',*,*,#654,.T.);
#322=ORIENTED_EDGE('',*,*,#657,.T.);
#323=ORIENTED_EDGE('',*,*,#678,.T.);
#324=ORIENTED_EDGE('',*,*,#588,.F.);
#325=ORIENTED_EDGE('',*,*,#659,.F.);
#326=ORIENTED_EDGE('',*,*,#616,.F.);
#327=ORIENTED_EDGE('',*,*,#679,.T.);
#328=ORIENTED_EDGE('',*,*,#680,.F.);
#329=ORIENTED_EDGE('',*,*,#681,.T.);
#330=ORIENTED_EDGE('',*,*,#662,.F.);
#331=ORIENTED_EDGE('',*,*,#682,.T.);
#332=ORIENTED_EDGE('',*,*,#683,.F.);
#333=ORIENTED_EDGE('',*,*,#684,.T.);
#334=ORIENTED_EDGE('',*,*,#609,.F.);
#335=ORIENTED_EDGE('',*,*,#620,.T.);
#336=ORIENTED_EDGE('',*,*,#685,.T.);
#337=ORIENTED_EDGE('',*,*,#604,.T.);
#338=ORIENTED_EDGE('',*,*,#686,.T.);
#339=ORIENTED_EDGE('',*,*,#623,.T.);
#340=ORIENTED_EDGE('',*,*,#687,.T.);
#341=ORIENTED_EDGE('',*,*,#660,.F.);
#342=ORIENTED_EDGE('',*,*,#666,.F.);
#343=ORIENTED_EDGE('',*,*,#688,.T.);
#344=ORIENTED_EDGE('',*,*,#631,.T.);
#345=ORIENTED_EDGE('',*,*,#689,.T.);
#346=ORIENTED_EDGE('',*,*,#625,.T.);
#347=ORIENTED_EDGE('',*,*,#690,.T.);
#348=ORIENTED_EDGE('',*,*,#621,.F.);
#349=ORIENTED_EDGE('',*,*,#691,.T.);
#350=ORIENTED_EDGE('',*,*,#602,.F.);
#351=ORIENTED_EDGE('',*,*,#692,.T.);
#352=ORIENTED_EDGE('',*,*,#618,.F.);
#353=ORIENTED_EDGE('',*,*,#611,.T.);
#354=ORIENTED_EDGE('',*,*,#693,.T.);
#355=ORIENTED_EDGE('',*,*,#694,.T.);
#356=ORIENTED_EDGE('',*,*,#695,.T.);
#357=ORIENTED_EDGE('',*,*,#664,.T.);
#358=ORIENTED_EDGE('',*,*,#696,.T.);
#359=ORIENTED_EDGE('',*,*,#697,.T.);
#360=ORIENTED_EDGE('',*,*,#698,.T.);
#361=ORIENTED_EDGE('',*,*,#614,.T.);
#362=ORIENTED_EDGE('',*,*,#658,.T.);
#363=ORIENTED_EDGE('',*,*,#590,.T.);
#364=ORIENTED_EDGE('',*,*,#699,.T.);
#365=ORIENTED_EDGE('',*,*,#655,.F.);
#366=ORIENTED_EDGE('',*,*,#652,.F.);
#367=ORIENTED_EDGE('',*,*,#650,.T.);
#368=ORIENTED_EDGE('',*,*,#700,.T.);
#369=ORIENTED_EDGE('',*,*,#701,.T.);
#370=ORIENTED_EDGE('',*,*,#702,.T.);
#371=ORIENTED_EDGE('',*,*,#646,.T.);
#372=ORIENTED_EDGE('',*,*,#703,.T.);
#373=ORIENTED_EDGE('',*,*,#704,.T.);
#374=ORIENTED_EDGE('',*,*,#705,.T.);
#375=ORIENTED_EDGE('',*,*,#641,.T.);
#376=ORIENTED_EDGE('',*,*,#639,.T.);
#377=ORIENTED_EDGE('',*,*,#706,.T.);
#378=ORIENTED_EDGE('',*,*,#635,.T.);
#379=ORIENTED_EDGE('',*,*,#707,.T.);
#380=ORIENTED_EDGE('',*,*,#661,.T.);
#381=ORIENTED_EDGE('',*,*,#667,.T.);
#382=ORIENTED_EDGE('',*,*,#683,.T.);
#383=ORIENTED_EDGE('',*,*,#708,.T.);
#384=ORIENTED_EDGE('',*,*,#694,.F.);
#385=ORIENTED_EDGE('',*,*,#709,.T.);
#386=ORIENTED_EDGE('',*,*,#680,.T.);
#387=ORIENTED_EDGE('',*,*,#710,.T.);
#388=ORIENTED_EDGE('',*,*,#697,.F.);
#389=ORIENTED_EDGE('',*,*,#711,.T.);
#390=ORIENTED_EDGE('',*,*,#676,.T.);
#391=ORIENTED_EDGE('',*,*,#712,.T.);
#392=ORIENTED_EDGE('',*,*,#701,.F.);
#393=ORIENTED_EDGE('',*,*,#713,.T.);
#394=ORIENTED_EDGE('',*,*,#673,.T.);
#395=ORIENTED_EDGE('',*,*,#714,.T.);
#396=ORIENTED_EDGE('',*,*,#704,.F.);
#397=ORIENTED_EDGE('',*,*,#715,.T.);
#398=ORIENTED_EDGE('',*,*,#668,.T.);
#399=ORIENTED_EDGE('',*,*,#688,.F.);
#400=ORIENTED_EDGE('',*,*,#705,.F.);
#401=ORIENTED_EDGE('',*,*,#714,.F.);
#402=ORIENTED_EDGE('',*,*,#672,.F.);
#403=ORIENTED_EDGE('',*,*,#642,.F.);
#404=ORIENTED_EDGE('',*,*,#703,.F.);
#405=ORIENTED_EDGE('',*,*,#645,.F.);
#406=ORIENTED_EDGE('',*,*,#674,.F.);
#407=ORIENTED_EDGE('',*,*,#715,.F.);
#408=ORIENTED_EDGE('',*,*,#702,.F.);
#409=ORIENTED_EDGE('',*,*,#712,.F.);
#410=ORIENTED_EDGE('',*,*,#675,.F.);
#411=ORIENTED_EDGE('',*,*,#647,.F.);
#412=ORIENTED_EDGE('',*,*,#700,.F.);
#413=ORIENTED_EDGE('',*,*,#649,.F.);
#414=ORIENTED_EDGE('',*,*,#677,.F.);
#415=ORIENTED_EDGE('',*,*,#713,.F.);
#416=ORIENTED_EDGE('',*,*,#698,.F.);
#417=ORIENTED_EDGE('',*,*,#710,.F.);
#418=ORIENTED_EDGE('',*,*,#679,.F.);
#419=ORIENTED_EDGE('',*,*,#615,.F.);
#420=ORIENTED_EDGE('',*,*,#696,.F.);
#421=ORIENTED_EDGE('',*,*,#663,.F.);
#422=ORIENTED_EDGE('',*,*,#681,.F.);
#423=ORIENTED_EDGE('',*,*,#711,.F.);
#424=ORIENTED_EDGE('',*,*,#695,.F.);
#425=ORIENTED_EDGE('',*,*,#708,.F.);
#426=ORIENTED_EDGE('',*,*,#682,.F.);
#427=ORIENTED_EDGE('',*,*,#665,.F.);
#428=ORIENTED_EDGE('',*,*,#693,.F.);
#429=ORIENTED_EDGE('',*,*,#610,.F.);
#430=ORIENTED_EDGE('',*,*,#684,.F.);
#431=ORIENTED_EDGE('',*,*,#709,.F.);
#432=ORIENTED_EDGE('',*,*,#670,.F.);
#433=ORIENTED_EDGE('',*,*,#632,.F.);
#434=ORIENTED_EDGE('',*,*,#707,.F.);
#435=ORIENTED_EDGE('',*,*,#634,.F.);
#436=ORIENTED_EDGE('',*,*,#671,.F.);
#437=ORIENTED_EDGE('',*,*,#636,.F.);
#438=ORIENTED_EDGE('',*,*,#706,.F.);
#439=ORIENTED_EDGE('',*,*,#638,.F.);
#440=ORIENTED_EDGE('',*,*,#678,.F.);
#441=ORIENTED_EDGE('',*,*,#656,.F.);
#442=ORIENTED_EDGE('',*,*,#699,.F.);
#443=ORIENTED_EDGE('',*,*,#589,.F.);
#444=ORIENTED_EDGE('',*,*,#686,.F.);
#445=ORIENTED_EDGE('',*,*,#603,.F.);
#446=ORIENTED_EDGE('',*,*,#691,.F.);
#447=ORIENTED_EDGE('',*,*,#624,.F.);
#448=ORIENTED_EDGE('',*,*,#685,.F.);
#449=ORIENTED_EDGE('',*,*,#619,.F.);
#450=ORIENTED_EDGE('',*,*,#692,.F.);
#451=ORIENTED_EDGE('',*,*,#605,.F.);
#452=ORIENTED_EDGE('',*,*,#716,.T.);
#453=ORIENTED_EDGE('',*,*,#608,.F.);
#454=ORIENTED_EDGE('',*,*,#717,.F.);
#455=ORIENTED_EDGE('',*,*,#613,.T.);
#456=ORIENTED_EDGE('',*,*,#718,.T.);
#457=ORIENTED_EDGE('',*,*,#607,.T.);
#458=ORIENTED_EDGE('',*,*,#717,.T.);
#459=ORIENTED_EDGE('',*,*,#718,.F.);
#460=ORIENTED_EDGE('',*,*,#719,.F.);
#461=ORIENTED_EDGE('',*,*,#606,.F.);
#462=ORIENTED_EDGE('',*,*,#719,.T.);
#463=ORIENTED_EDGE('',*,*,#716,.F.);
#464=ORIENTED_EDGE('',*,*,#582,.T.);
#465=ORIENTED_EDGE('',*,*,#720,.F.);
#466=ORIENTED_EDGE('',*,*,#721,.F.);
#467=ORIENTED_EDGE('',*,*,#722,.T.);
#468=ORIENTED_EDGE('',*,*,#587,.T.);
#469=ORIENTED_EDGE('',*,*,#723,.F.);
#470=ORIENTED_EDGE('',*,*,#724,.F.);
#471=ORIENTED_EDGE('',*,*,#720,.T.);
#472=ORIENTED_EDGE('',*,*,#586,.T.);
#473=ORIENTED_EDGE('',*,*,#725,.F.);
#474=ORIENTED_EDGE('',*,*,#726,.F.);
#475=ORIENTED_EDGE('',*,*,#723,.T.);
#476=ORIENTED_EDGE('',*,*,#585,.T.);
#477=ORIENTED_EDGE('',*,*,#727,.F.);
#478=ORIENTED_EDGE('',*,*,#728,.F.);
#479=ORIENTED_EDGE('',*,*,#725,.T.);
#480=ORIENTED_EDGE('',*,*,#584,.T.);
#481=ORIENTED_EDGE('',*,*,#729,.F.);
#482=ORIENTED_EDGE('',*,*,#730,.F.);
#483=ORIENTED_EDGE('',*,*,#727,.T.);
#484=ORIENTED_EDGE('',*,*,#583,.T.);
#485=ORIENTED_EDGE('',*,*,#722,.F.);
#486=ORIENTED_EDGE('',*,*,#731,.F.);
#487=ORIENTED_EDGE('',*,*,#729,.T.);
#488=ORIENTED_EDGE('',*,*,#601,.F.);
#489=ORIENTED_EDGE('',*,*,#721,.T.);
#490=ORIENTED_EDGE('',*,*,#724,.T.);
#491=ORIENTED_EDGE('',*,*,#726,.T.);
#492=ORIENTED_EDGE('',*,*,#728,.T.);
#493=ORIENTED_EDGE('',*,*,#730,.T.);
#494=ORIENTED_EDGE('',*,*,#731,.T.);
#495=ORIENTED_EDGE('',*,*,#732,.F.);
#496=ORIENTED_EDGE('',*,*,#733,.T.);
#497=ORIENTED_EDGE('',*,*,#734,.T.);
#498=ORIENTED_EDGE('',*,*,#593,.F.);
#499=ORIENTED_EDGE('',*,*,#735,.F.);
#500=ORIENTED_EDGE('',*,*,#736,.T.);
#501=ORIENTED_EDGE('',*,*,#732,.T.);
#502=ORIENTED_EDGE('',*,*,#592,.F.);
#503=ORIENTED_EDGE('',*,*,#737,.F.);
#504=ORIENTED_EDGE('',*,*,#738,.T.);
#505=ORIENTED_EDGE('',*,*,#735,.T.);
#506=ORIENTED_EDGE('',*,*,#597,.F.);
#507=ORIENTED_EDGE('',*,*,#739,.F.);
#508=ORIENTED_EDGE('',*,*,#740,.T.);
#509=ORIENTED_EDGE('',*,*,#737,.T.);
#510=ORIENTED_EDGE('',*,*,#596,.F.);
#511=ORIENTED_EDGE('',*,*,#741,.F.);
#512=ORIENTED_EDGE('',*,*,#742,.T.);
#513=ORIENTED_EDGE('',*,*,#739,.T.);
#514=ORIENTED_EDGE('',*,*,#595,.F.);
#515=ORIENTED_EDGE('',*,*,#734,.F.);
#516=ORIENTED_EDGE('',*,*,#743,.T.);
#517=ORIENTED_EDGE('',*,*,#741,.T.);
#518=ORIENTED_EDGE('',*,*,#594,.F.);
#519=ORIENTED_EDGE('',*,*,#599,.F.);
#520=ORIENTED_EDGE('',*,*,#733,.F.);
#521=ORIENTED_EDGE('',*,*,#736,.F.);
#522=ORIENTED_EDGE('',*,*,#738,.F.);
#523=ORIENTED_EDGE('',*,*,#740,.F.);
#524=ORIENTED_EDGE('',*,*,#742,.F.);
#525=ORIENTED_EDGE('',*,*,#743,.F.);
#526=ORIENTED_EDGE('',*,*,#669,.F.);
#527=ORIENTED_EDGE('',*,*,#626,.F.);
#528=ORIENTED_EDGE('',*,*,#689,.F.);
#529=ORIENTED_EDGE('',*,*,#630,.F.);
#530=ORIENTED_EDGE('',*,*,#687,.F.);
#531=ORIENTED_EDGE('',*,*,#622,.F.);
#532=ORIENTED_EDGE('',*,*,#690,.F.);
#533=ORIENTED_EDGE('',*,*,#628,.F.);
#534=EDGE_CURVE('',#744,#745,#894,.T.);
#535=EDGE_CURVE('',#744,#746,#895,.T.);
#536=EDGE_CURVE('',#746,#747,#896,.T.);
#537=EDGE_CURVE('',#745,#747,#897,.T.);
#538=EDGE_CURVE('',#748,#749,#898,.T.);
#539=EDGE_CURVE('',#748,#744,#899,.T.);
#540=EDGE_CURVE('',#749,#745,#900,.T.);
#541=EDGE_CURVE('',#750,#751,#901,.T.);
#542=EDGE_CURVE('',#750,#748,#902,.T.);
#543=EDGE_CURVE('',#751,#749,#903,.T.);
#544=EDGE_CURVE('',#752,#753,#904,.T.);
#545=EDGE_CURVE('',#752,#750,#905,.T.);
#546=EDGE_CURVE('',#753,#751,#906,.T.);
#547=EDGE_CURVE('',#754,#755,#907,.T.);
#548=EDGE_CURVE('',#754,#752,#908,.T.);
#549=EDGE_CURVE('',#755,#753,#909,.T.);
#550=EDGE_CURVE('',#746,#754,#910,.T.);
#551=EDGE_CURVE('',#747,#755,#911,.T.);
#552=EDGE_CURVE('',#756,#756,#50,.T.);
#553=EDGE_CURVE('',#757,#758,#912,.T.);
#554=EDGE_CURVE('',#759,#758,#913,.T.);
#555=EDGE_CURVE('',#760,#759,#914,.T.);
#556=EDGE_CURVE('',#760,#757,#915,.T.);
#557=EDGE_CURVE('',#758,#761,#916,.T.);
#558=EDGE_CURVE('',#762,#761,#917,.T.);
#559=EDGE_CURVE('',#759,#762,#918,.T.);
#560=EDGE_CURVE('',#761,#763,#919,.T.);
#561=EDGE_CURVE('',#764,#763,#920,.T.);
#562=EDGE_CURVE('',#762,#764,#921,.T.);
#563=EDGE_CURVE('',#763,#765,#922,.T.);
#564=EDGE_CURVE('',#766,#765,#923,.T.);
#565=EDGE_CURVE('',#764,#766,#924,.T.);
#566=EDGE_CURVE('',#765,#767,#925,.T.);
#567=EDGE_CURVE('',#768,#767,#926,.T.);
#568=EDGE_CURVE('',#766,#768,#927,.T.);
#569=EDGE_CURVE('',#767,#757,#928,.T.);
#570=EDGE_CURVE('',#768,#760,#929,.T.);
#571=EDGE_CURVE('',#769,#769,#51,.T.);
#572=EDGE_CURVE('',#770,#770,#52,.T.);
#573=EDGE_CURVE('',#771,#771,#12,.T.);
#574=EDGE_CURVE('',#772,#772,#53,.T.);
#575=EDGE_CURVE('',#773,#773,#54,.T.);
#576=EDGE_CURVE('',#774,#774,#13,.F.);
#577=EDGE_CURVE('',#775,#775,#55,.T.);
#578=EDGE_CURVE('',#776,#776,#56,.T.);
#579=EDGE_CURVE('',#777,#777,#57,.F.);
#580=EDGE_CURVE('',#778,#778,#58,.F.);
#581=EDGE_CURVE('',#779,#779,#59,.T.);
#582=EDGE_CURVE('',#780,#781,#930,.T.);
#583=EDGE_CURVE('',#782,#780,#931,.T.);
#584=EDGE_CURVE('',#783,#782,#932,.T.);
#585=EDGE_CURVE('',#784,#783,#933,.T.);
#586=EDGE_CURVE('',#785,#784,#934,.T.);
#587=EDGE_CURVE('',#781,#785,#935,.T.);
#588=EDGE_CURVE('',#786,#787,#936,.T.);
#589=EDGE_CURVE('',#787,#788,#937,.T.);
#590=EDGE_CURVE('',#789,#788,#938,.T.);
#591=EDGE_CURVE('',#786,#789,#939,.T.);
#592=EDGE_CURVE('',#790,#791,#940,.T.);
#593=EDGE_CURVE('',#791,#792,#941,.T.);
#594=EDGE_CURVE('',#792,#793,#942,.T.);
#595=EDGE_CURVE('',#793,#794,#943,.T.);
#596=EDGE_CURVE('',#794,#795,#944,.T.);
#597=EDGE_CURVE('',#795,#790,#945,.T.);
#598=EDGE_CURVE('',#796,#796,#60,.F.);
#599=EDGE_CURVE('',#797,#797,#61,.T.);
#600=EDGE_CURVE('',#798,#798,#62,.T.);
#601=EDGE_CURVE('',#799,#799,#63,.T.);
#602=EDGE_CURVE('',#800,#801,#946,.T.);
#603=EDGE_CURVE('',#801,#802,#947,.F.);
#604=EDGE_CURVE('',#803,#802,#948,.T.);
#605=EDGE_CURVE('',#803,#800,#949,.T.);
#606=EDGE_CURVE('',#804,#804,#14,.T.);
#607=EDGE_CURVE('',#805,#805,#15,.F.);
#608=EDGE_CURVE('',#806,#806,#64,.F.);
#609=EDGE_CURVE('',#807,#808,#950,.T.);
#610=EDGE_CURVE('',#808,#809,#951,.T.);
#611=EDGE_CURVE('',#810,#809,#952,.T.);
#612=EDGE_CURVE('',#807,#810,#953,.T.);
#613=EDGE_CURVE('',#811,#811,#65,.T.);
#614=EDGE_CURVE('',#812,#813,#954,.T.);
#615=EDGE_CURVE('',#812,#814,#955,.F.);
#616=EDGE_CURVE('',#814,#815,#956,.T.);
#617=EDGE_CURVE('',#815,#813,#957,.T.);
#618=EDGE_CURVE('',#810,#816,#958,.T.);
#619=EDGE_CURVE('',#816,#817,#959,.F.);
#620=EDGE_CURVE('',#807,#817,#960,.T.);
#621=EDGE_CURVE('',#818,#819,#961,.T.);
#622=EDGE_CURVE('',#819,#820,#962,.F.);
#623=EDGE_CURVE('',#821,#820,#963,.T.);
#624=EDGE_CURVE('',#821,#818,#964,.T.);
#625=EDGE_CURVE('',#822,#823,#965,.T.);
#626=EDGE_CURVE('',#822,#824,#966,.F.);
#627=EDGE_CURVE('',#824,#825,#967,.T.);
#628=EDGE_CURVE('',#825,#823,#968,.T.);
#629=EDGE_CURVE('',#826,#827,#969,.T.);
#630=EDGE_CURVE('',#827,#828,#970,.T.);
#631=EDGE_CURVE('',#829,#828,#971,.T.);
#632=EDGE_CURVE('',#829,#826,#972,.F.);
#633=EDGE_CURVE('',#830,#831,#973,.T.);
#634=EDGE_CURVE('',#831,#832,#974,.T.);
#635=EDGE_CURVE('',#833,#832,#975,.T.);
#636=EDGE_CURVE('',#833,#830,#976,.F.);
#637=EDGE_CURVE('',#834,#835,#977,.T.);
#638=EDGE_CURVE('',#835,#836,#978,.T.);
#639=EDGE_CURVE('',#837,#836,#979,.T.);
#640=EDGE_CURVE('',#834,#837,#980,.T.);
#641=EDGE_CURVE('',#838,#837,#981,.T.);
#642=EDGE_CURVE('',#838,#839,#982,.F.);
#643=EDGE_CURVE('',#839,#834,#983,.T.);
#644=EDGE_CURVE('',#840,#841,#984,.T.);
#645=EDGE_CURVE('',#841,#842,#985,.T.);
#646=EDGE_CURVE('',#843,#842,#986,.T.);
#647=EDGE_CURVE('',#843,#840,#987,.F.);
#648=EDGE_CURVE('',#844,#845,#988,.T.);
#649=EDGE_CURVE('',#845,#846,#989,.T.);
#650=EDGE_CURVE('',#847,#846,#990,.T.);
#651=EDGE_CURVE('',#844,#847,#991,.T.);
#652=EDGE_CURVE('',#847,#848,#992,.T.);
#653=EDGE_CURVE('',#849,#848,#993,.T.);
#654=EDGE_CURVE('',#844,#849,#994,.T.);
#655=EDGE_CURVE('',#848,#850,#995,.T.);
#656=EDGE_CURVE('',#850,#851,#996,.F.);
#657=EDGE_CURVE('',#849,#851,#997,.T.);
#658=EDGE_CURVE('',#813,#789,#998,.T.);
#659=EDGE_CURVE('',#815,#786,#999,.T.);
#660=EDGE_CURVE('',#852,#852,#66,.T.);
#661=EDGE_CURVE('',#853,#853,#67,.T.);
#662=EDGE_CURVE('',#854,#855,#1000,.T.);
#663=EDGE_CURVE('',#855,#856,#1001,.T.);
#664=EDGE_CURVE('',#857,#856,#1002,.T.);
#665=EDGE_CURVE('',#857,#854,#1003,.F.);
#666=EDGE_CURVE('',#858,#858,#68,.T.);
#667=EDGE_CURVE('',#859,#859,#69,.T.);
#668=EDGE_CURVE('',#860,#860,#70,.T.);
#669=EDGE_CURVE('',#824,#827,#71,.T.);
#670=EDGE_CURVE('',#826,#831,#72,.F.);
#671=EDGE_CURVE('',#830,#835,#73,.T.);
#672=EDGE_CURVE('',#839,#861,#74,.T.);
#673=EDGE_CURVE('',#862,#861,#75,.T.);
#674=EDGE_CURVE('',#862,#841,#76,.T.);
#675=EDGE_CURVE('',#840,#863,#77,.T.);
#676=EDGE_CURVE('',#864,#863,#78,.T.);
#677=EDGE_CURVE('',#864,#845,#79,.T.);
#678=EDGE_CURVE('',#851,#787,#80,.F.);
#679=EDGE_CURVE('',#814,#865,#81,.T.);
#680=EDGE_CURVE('',#866,#865,#82,.T.);
#681=EDGE_CURVE('',#866,#855,#83,.T.);
#682=EDGE_CURVE('',#854,#867,#84,.T.);
#683=EDGE_CURVE('',#868,#867,#85,.T.);
#684=EDGE_CURVE('',#868,#808,#86,.T.);
#685=EDGE_CURVE('',#817,#803,#87,.T.);
#686=EDGE_CURVE('',#802,#821,#88,.F.);
#687=EDGE_CURVE('',#820,#825,#89,.T.);
#688=EDGE_CURVE('',#869,#869,#90,.T.);
#689=EDGE_CURVE('',#828,#822,#91,.F.);
#690=EDGE_CURVE('',#823,#819,#92,.F.);
#691=EDGE_CURVE('',#818,#801,#93,.T.);
#692=EDGE_CURVE('',#800,#816,#94,.F.);
#693=EDGE_CURVE('',#809,#870,#95,.F.);
#694=EDGE_CURVE('',#870,#871,#96,.T.);
#695=EDGE_CURVE('',#871,#857,#97,.F.);
#696=EDGE_CURVE('',#856,#872,#98,.F.);
#697=EDGE_CURVE('',#872,#873,#99,.T.);
#698=EDGE_CURVE('',#873,#812,#100,.F.);
#699=EDGE_CURVE('',#788,#850,#101,.T.);
#700=EDGE_CURVE('',#846,#874,#102,.F.);
#701=EDGE_CURVE('',#874,#875,#103,.T.);
#702=EDGE_CURVE('',#875,#843,#104,.F.);
#703=EDGE_CURVE('',#842,#876,#105,.F.);
#704=EDGE_CURVE('',#876,#877,#106,.T.);
#705=EDGE_CURVE('',#877,#838,#107,.F.);
#706=EDGE_CURVE('',#836,#833,#108,.F.);
#707=EDGE_CURVE('',#832,#829,#109,.T.);
#708=EDGE_CURVE('',#867,#871,#1004,.F.);
#709=EDGE_CURVE('',#870,#868,#1005,.T.);
#710=EDGE_CURVE('',#865,#873,#1006,.F.);
#711=EDGE_CURVE('',#872,#866,#1007,.T.);
#712=EDGE_CURVE('',#863,#875,#1008,.F.);
#713=EDGE_CURVE('',#874,#864,#1009,.T.);
#714=EDGE_CURVE('',#861,#877,#1010,.F.);
#715=EDGE_CURVE('',#876,#862,#1011,.T.);
#716=EDGE_CURVE('',#878,#878,#110,.T.);
#717=EDGE_CURVE('',#879,#879,#111,.T.);
#718=EDGE_CURVE('',#880,#880,#112,.T.);
#719=EDGE_CURVE('',#881,#881,#113,.T.);
#720=EDGE_CURVE('',#882,#781,#1012,.T.);
#721=EDGE_CURVE('',#883,#882,#1013,.T.);
#722=EDGE_CURVE('',#883,#780,#1014,.T.);
#723=EDGE_CURVE('',#884,#785,#1015,.T.);
#724=EDGE_CURVE('',#882,#884,#1016,.T.);
#725=EDGE_CURVE('',#885,#784,#1017,.T.);
#726=EDGE_CURVE('',#884,#885,#1018,.T.);
#727=EDGE_CURVE('',#886,#783,#1019,.T.);
#728=EDGE_CURVE('',#885,#886,#1020,.T.);
#729=EDGE_CURVE('',#887,#782,#1021,.T.);
#730=EDGE_CURVE('',#886,#887,#1022,.T.);
#731=EDGE_CURVE('',#887,#883,#1023,.T.);
#732=EDGE_CURVE('',#888,#791,#1024,.T.);
#733=EDGE_CURVE('',#888,#889,#1025,.T.);
#734=EDGE_CURVE('',#889,#792,#1026,.T.);
#735=EDGE_CURVE('',#890,#790,#1027,.T.);
#736=EDGE_CURVE('',#890,#888,#1028,.T.);
#737=EDGE_CURVE('',#891,#795,#1029,.T.);
#738=EDGE_CURVE('',#891,#890,#1030,.T.);
#739=EDGE_CURVE('',#892,#794,#1031,.T.);
#740=EDGE_CURVE('',#892,#891,#1032,.T.);
#741=EDGE_CURVE('',#893,#793,#1033,.T.);
#742=EDGE_CURVE('',#893,#892,#1034,.T.);
#743=EDGE_CURVE('',#889,#893,#1035,.T.);
#744=VERTEX_POINT('',#2193);
#745=VERTEX_POINT('',#2194);
#746=VERTEX_POINT('',#2196);
#747=VERTEX_POINT('',#2198);
#748=VERTEX_POINT('',#2202);
#749=VERTEX_POINT('',#2203);
#750=VERTEX_POINT('',#2208);
#751=VERTEX_POINT('',#2209);
#752=VERTEX_POINT('',#2214);
#753=VERTEX_POINT('',#2215);
#754=VERTEX_POINT('',#2220);
#755=VERTEX_POINT('',#2221);
#756=VERTEX_POINT('',#2229);
#757=VERTEX_POINT('',#2232);
#758=VERTEX_POINT('',#2233);
#759=VERTEX_POINT('',#2235);
#760=VERTEX_POINT('',#2237);
#761=VERTEX_POINT('',#2241);
#762=VERTEX_POINT('',#2243);
#763=VERTEX_POINT('',#2247);
#764=VERTEX_POINT('',#2249);
#765=VERTEX_POINT('',#2253);
#766=VERTEX_POINT('',#2255);
#767=VERTEX_POINT('',#2259);
#768=VERTEX_POINT('',#2261);
#769=VERTEX_POINT('',#2268);
#770=VERTEX_POINT('',#2271);
#771=VERTEX_POINT('',#2273);
#772=VERTEX_POINT('',#2276);
#773=VERTEX_POINT('',#2279);
#774=VERTEX_POINT('',#2281);
#775=VERTEX_POINT('',#2284);
#776=VERTEX_POINT('',#2287);
#777=VERTEX_POINT('',#2290);
#778=VERTEX_POINT('',#2293);
#779=VERTEX_POINT('',#2296);
#780=VERTEX_POINT('',#2299);
#781=VERTEX_POINT('',#2300);
#782=VERTEX_POINT('',#2302);
#783=VERTEX_POINT('',#2304);
#784=VERTEX_POINT('',#2306);
#785=VERTEX_POINT('',#2308);
#786=VERTEX_POINT('',#2311);
#787=VERTEX_POINT('',#2312);
#788=VERTEX_POINT('',#2314);
#789=VERTEX_POINT('',#2316);
#790=VERTEX_POINT('',#2319);
#791=VERTEX_POINT('',#2320);
#792=VERTEX_POINT('',#2322);
#793=VERTEX_POINT('',#2324);
#794=VERTEX_POINT('',#2326);
#795=VERTEX_POINT('',#2328);
#796=VERTEX_POINT('',#2332);
#797=VERTEX_POINT('',#2334);
#798=VERTEX_POINT('',#2337);
#799=VERTEX_POINT('',#2339);
#800=VERTEX_POINT('',#2342);
#801=VERTEX_POINT('',#2343);
#802=VERTEX_POINT('',#2345);
#803=VERTEX_POINT('',#2347);
#804=VERTEX_POINT('',#2350);
#805=VERTEX_POINT('',#2352);
#806=VERTEX_POINT('',#2355);
#807=VERTEX_POINT('',#2357);
#808=VERTEX_POINT('',#2358);
#809=VERTEX_POINT('',#2360);
#810=VERTEX_POINT('',#2362);
#811=VERTEX_POINT('',#2365);
#812=VERTEX_POINT('',#2368);
#813=VERTEX_POINT('',#2369);
#814=VERTEX_POINT('',#2371);
#815=VERTEX_POINT('',#2373);
#816=VERTEX_POINT('',#2377);
#817=VERTEX_POINT('',#2379);
#818=VERTEX_POINT('',#2383);
#819=VERTEX_POINT('',#2384);
#820=VERTEX_POINT('',#2386);
#821=VERTEX_POINT('',#2388);
#822=VERTEX_POINT('',#2392);
#823=VERTEX_POINT('',#2393);
#824=VERTEX_POINT('',#2395);
#825=VERTEX_POINT('',#2397);
#826=VERTEX_POINT('',#2401);
#827=VERTEX_POINT('',#2402);
#828=VERTEX_POINT('',#2404);
#829=VERTEX_POINT('',#2406);
#830=VERTEX_POINT('',#2410);
#831=VERTEX_POINT('',#2411);
#832=VERTEX_POINT('',#2413);
#833=VERTEX_POINT('',#2415);
#834=VERTEX_POINT('',#2419);
#835=VERTEX_POINT('',#2420);
#836=VERTEX_POINT('',#2422);
#837=VERTEX_POINT('',#2424);
#838=VERTEX_POINT('',#2428);
#839=VERTEX_POINT('',#2430);
#840=VERTEX_POINT('',#2434);
#841=VERTEX_POINT('',#2435);
#842=VERTEX_POINT('',#2437);
#843=VERTEX_POINT('',#2439);
#844=VERTEX_POINT('',#2443);
#845=VERTEX_POINT('',#2444);
#846=VERTEX_POINT('',#2446);
#847=VERTEX_POINT('',#2448);
#848=VERTEX_POINT('',#2452);
#849=VERTEX_POINT('',#2454);
#850=VERTEX_POINT('',#2458);
#851=VERTEX_POINT('',#2460);
#852=VERTEX_POINT('',#2467);
#853=VERTEX_POINT('',#2469);
#854=VERTEX_POINT('',#2472);
#855=VERTEX_POINT('',#2473);
#856=VERTEX_POINT('',#2475);
#857=VERTEX_POINT('',#2477);
#858=VERTEX_POINT('',#2481);
#859=VERTEX_POINT('',#2483);
#860=VERTEX_POINT('',#2486);
#861=VERTEX_POINT('',#2491);
#862=VERTEX_POINT('',#2493);
#863=VERTEX_POINT('',#2496);
#864=VERTEX_POINT('',#2498);
#865=VERTEX_POINT('',#2502);
#866=VERTEX_POINT('',#2504);
#867=VERTEX_POINT('',#2507);
#868=VERTEX_POINT('',#2509);
#869=VERTEX_POINT('',#2516);
#870=VERTEX_POINT('',#2522);
#871=VERTEX_POINT('',#2524);
#872=VERTEX_POINT('',#2527);
#873=VERTEX_POINT('',#2529);
#874=VERTEX_POINT('',#2533);
#875=VERTEX_POINT('',#2535);
#876=VERTEX_POINT('',#2538);
#877=VERTEX_POINT('',#2540);
#878=VERTEX_POINT('',#2572);
#879=VERTEX_POINT('',#2575);
#880=VERTEX_POINT('',#2578);
#881=VERTEX_POINT('',#2582);
#882=VERTEX_POINT('',#2586);
#883=VERTEX_POINT('',#2588);
#884=VERTEX_POINT('',#2592);
#885=VERTEX_POINT('',#2596);
#886=VERTEX_POINT('',#2600);
#887=VERTEX_POINT('',#2604);
#888=VERTEX_POINT('',#2611);
#889=VERTEX_POINT('',#2613);
#890=VERTEX_POINT('',#2617);
#891=VERTEX_POINT('',#2621);
#892=VERTEX_POINT('',#2625);
#893=VERTEX_POINT('',#2629);
#894=LINE('',#2192,#1036);
#895=LINE('',#2195,#1037);
#896=LINE('',#2197,#1038);
#897=LINE('',#2199,#1039);
#898=LINE('',#2201,#1040);
#899=LINE('',#2204,#1041);
#900=LINE('',#2205,#1042);
#901=LINE('',#2207,#1043);
#902=LINE('',#2210,#1044);
#903=LINE('',#2211,#1045);
#904=LINE('',#2213,#1046);
#905=LINE('',#2216,#1047);
#906=LINE('',#2217,#1048);
#907=LINE('',#2219,#1049);
#908=LINE('',#2222,#1050);
#909=LINE('',#2223,#1051);
#910=LINE('',#2225,#1052);
#911=LINE('',#2226,#1053);
#912=LINE('',#2231,#1054);
#913=LINE('',#2234,#1055);
#914=LINE('',#2236,#1056);
#915=LINE('',#2238,#1057);
#916=LINE('',#2240,#1058);
#917=LINE('',#2242,#1059);
#918=LINE('',#2244,#1060);
#919=LINE('',#2246,#1061);
#920=LINE('',#2248,#1062);
#921=LINE('',#2250,#1063);
#922=LINE('',#2252,#1064);
#923=LINE('',#2254,#1065);
#924=LINE('',#2256,#1066);
#925=LINE('',#2258,#1067);
#926=LINE('',#2260,#1068);
#927=LINE('',#2262,#1069);
#928=LINE('',#2264,#1070);
#929=LINE('',#2265,#1071);
#930=LINE('',#2298,#1072);
#931=LINE('',#2301,#1073);
#932=LINE('',#2303,#1074);
#933=LINE('',#2305,#1075);
#934=LINE('',#2307,#1076);
#935=LINE('',#2309,#1077);
#936=LINE('',#2310,#1078);
#937=LINE('',#2313,#1079);
#938=LINE('',#2315,#1080);
#939=LINE('',#2317,#1081);
#940=LINE('',#2318,#1082);
#941=LINE('',#2321,#1083);
#942=LINE('',#2323,#1084);
#943=LINE('',#2325,#1085);
#944=LINE('',#2327,#1086);
#945=LINE('',#2329,#1087);
#946=LINE('',#2341,#1088);
#947=LINE('',#2344,#1089);
#948=LINE('',#2346,#1090);
#949=LINE('',#2348,#1091);
#950=LINE('',#2356,#1092);
#951=LINE('',#2359,#1093);
#952=LINE('',#2361,#1094);
#953=LINE('',#2363,#1095);
#954=LINE('',#2367,#1096);
#955=LINE('',#2370,#1097);
#956=LINE('',#2372,#1098);
#957=LINE('',#2374,#1099);
#958=LINE('',#2376,#1100);
#959=LINE('',#2378,#1101);
#960=LINE('',#2380,#1102);
#961=LINE('',#2382,#1103);
#962=LINE('',#2385,#1104);
#963=LINE('',#2387,#1105);
#964=LINE('',#2389,#1106);
#965=LINE('',#2391,#1107);
#966=LINE('',#2394,#1108);
#967=LINE('',#2396,#1109);
#968=LINE('',#2398,#1110);
#969=LINE('',#2400,#1111);
#970=LINE('',#2403,#1112);
#971=LINE('',#2405,#1113);
#972=LINE('',#2407,#1114);
#973=LINE('',#2409,#1115);
#974=LINE('',#2412,#1116);
#975=LINE('',#2414,#1117);
#976=LINE('',#2416,#1118);
#977=LINE('',#2418,#1119);
#978=LINE('',#2421,#1120);
#979=LINE('',#2423,#1121);
#980=LINE('',#2425,#1122);
#981=LINE('',#2427,#1123);
#982=LINE('',#2429,#1124);
#983=LINE('',#2431,#1125);
#984=LINE('',#2433,#1126);
#985=LINE('',#2436,#1127);
#986=LINE('',#2438,#1128);
#987=LINE('',#2440,#1129);
#988=LINE('',#2442,#1130);
#989=LINE('',#2445,#1131);
#990=LINE('',#2447,#1132);
#991=LINE('',#2449,#1133);
#992=LINE('',#2451,#1134);
#993=LINE('',#2453,#1135);
#994=LINE('',#2455,#1136);
#995=LINE('',#2457,#1137);
#996=LINE('',#2459,#1138);
#997=LINE('',#2461,#1139);
#998=LINE('',#2463,#1140);
#999=LINE('',#2464,#1141);
#1000=LINE('',#2471,#1142);
#1001=LINE('',#2474,#1143);
#1002=LINE('',#2476,#1144);
#1003=LINE('',#2478,#1145);
#1004=LINE('',#2545,#1146);
#1005=LINE('',#2546,#1147);
#1006=LINE('',#2548,#1148);
#1007=LINE('',#2549,#1149);
#1008=LINE('',#2551,#1150);
#1009=LINE('',#2552,#1151);
#1010=LINE('',#2554,#1152);
#1011=LINE('',#2555,#1153);
#1012=LINE('',#2585,#1154);
#1013=LINE('',#2587,#1155);
#1014=LINE('',#2589,#1156);
#1015=LINE('',#2591,#1157);
#1016=LINE('',#2593,#1158);
#1017=LINE('',#2595,#1159);
#1018=LINE('',#2597,#1160);
#1019=LINE('',#2599,#1161);
#1020=LINE('',#2601,#1162);
#1021=LINE('',#2603,#1163);
#1022=LINE('',#2605,#1164);
#1023=LINE('',#2607,#1165);
#1024=LINE('',#2610,#1166);
#1025=LINE('',#2612,#1167);
#1026=LINE('',#2614,#1168);
#1027=LINE('',#2616,#1169);
#1028=LINE('',#2618,#1170);
#1029=LINE('',#2620,#1171);
#1030=LINE('',#2622,#1172);
#1031=LINE('',#2624,#1173);
#1032=LINE('',#2626,#1174);
#1033=LINE('',#2628,#1175);
#1034=LINE('',#2630,#1176);
#1035=LINE('',#2632,#1177);
#1036=VECTOR('',#1744,1.);
#1037=VECTOR('',#1745,1.);
#1038=VECTOR('',#1746,1.);
#1039=VECTOR('',#1747,1.);
#1040=VECTOR('',#1750,1.);
#1041=VECTOR('',#1751,1.);
#1042=VECTOR('',#1752,1.);
#1043=VECTOR('',#1755,1.);
#1044=VECTOR('',#1756,1.);
#1045=VECTOR('',#1757,1.);
#1046=VECTOR('',#1760,1.);
#1047=VECTOR('',#1761,1.);
#1048=VECTOR('',#1762,1.);
#1049=VECTOR('',#1765,1.);
#1050=VECTOR('',#1766,1.);
#1051=VECTOR('',#1767,1.);
#1052=VECTOR('',#1770,1.);
#1053=VECTOR('',#1771,1.);
#1054=VECTOR('',#1778,1.);
#1055=VECTOR('',#1779,1.);
#1056=VECTOR('',#1780,1.);
#1057=VECTOR('',#1781,1.);
#1058=VECTOR('',#1784,1.);
#1059=VECTOR('',#1785,1.);
#1060=VECTOR('',#1786,1.);
#1061=VECTOR('',#1789,1.);
#1062=VECTOR('',#1790,1.);
#1063=VECTOR('',#1791,1.);
#1064=VECTOR('',#1794,1.);
#1065=VECTOR('',#1795,1.);
#1066=VECTOR('',#1796,1.);
#1067=VECTOR('',#1799,1.);
#1068=VECTOR('',#1800,1.);
#1069=VECTOR('',#1801,1.);
#1070=VECTOR('',#1804,1.);
#1071=VECTOR('',#1805,1.);
#1072=VECTOR('',#1848,1.);
#1073=VECTOR('',#1849,1.);
#1074=VECTOR('',#1850,1.);
#1075=VECTOR('',#1851,1.);
#1076=VECTOR('',#1852,1.);
#1077=VECTOR('',#1853,1.);
#1078=VECTOR('',#1854,1.);
#1079=VECTOR('',#1855,1.);
#1080=VECTOR('',#1856,1.);
#1081=VECTOR('',#1857,1.);
#1082=VECTOR('',#1858,1.);
#1083=VECTOR('',#1859,1.);
#1084=VECTOR('',#1860,1.);
#1085=VECTOR('',#1861,1.);
#1086=VECTOR('',#1862,1.);
#1087=VECTOR('',#1863,1.);
#1088=VECTOR('',#1878,1.);
#1089=VECTOR('',#1879,1.);
#1090=VECTOR('',#1880,1.);
#1091=VECTOR('',#1881,1.);
#1092=VECTOR('',#1890,1.);
#1093=VECTOR('',#1891,1.);
#1094=VECTOR('',#1892,1.);
#1095=VECTOR('',#1893,1.);
#1096=VECTOR('',#1898,1.);
#1097=VECTOR('',#1899,1.);
#1098=VECTOR('',#1900,1.);
#1099=VECTOR('',#1901,1.);
#1100=VECTOR('',#1904,1.);
#1101=VECTOR('',#1905,1.);
#1102=VECTOR('',#1906,1.);
#1103=VECTOR('',#1909,1.);
#1104=VECTOR('',#1910,1.);
#1105=VECTOR('',#1911,1.);
#1106=VECTOR('',#1912,1.);
#1107=VECTOR('',#1915,1.);
#1108=VECTOR('',#1916,1.);
#1109=VECTOR('',#1917,1.);
#1110=VECTOR('',#1918,1.);
#1111=VECTOR('',#1921,1.);
#1112=VECTOR('',#1922,1.);
#1113=VECTOR('',#1923,1.);
#1114=VECTOR('',#1924,1.);
#1115=VECTOR('',#1927,1.);
#1116=VECTOR('',#1928,1.);
#1117=VECTOR('',#1929,1.);
#1118=VECTOR('',#1930,1.);
#1119=VECTOR('',#1933,1.);
#1120=VECTOR('',#1934,1.);
#1121=VECTOR('',#1935,1.);
#1122=VECTOR('',#1936,1.);
#1123=VECTOR('',#1939,1.);
#1124=VECTOR('',#1940,1.);
#1125=VECTOR('',#1941,1.);
#1126=VECTOR('',#1944,1.);
#1127=VECTOR('',#1945,1.);
#1128=VECTOR('',#1946,1.);
#1129=VECTOR('',#1947,1.);
#1130=VECTOR('',#1950,1.);
#1131=VECTOR('',#1951,1.);
#1132=VECTOR('',#1952,1.);
#1133=VECTOR('',#1953,1.);
#1134=VECTOR('',#1956,1.);
#1135=VECTOR('',#1957,1.);
#1136=VECTOR('',#1958,1.);
#1137=VECTOR('',#1961,1.);
#1138=VECTOR('',#1962,1.);
#1139=VECTOR('',#1963,1.);
#1140=VECTOR('',#1966,1.);
#1141=VECTOR('',#1967,1.);
#1142=VECTOR('',#1976,1.);
#1143=VECTOR('',#1977,1.);
#1144=VECTOR('',#1978,1.);
#1145=VECTOR('',#1979,1.);
#1146=VECTOR('',#2072,1.);
#1147=VECTOR('',#2073,1.);
#1148=VECTOR('',#2076,1.);
#1149=VECTOR('',#2077,1.);
#1150=VECTOR('',#2080,1.);
#1151=VECTOR('',#2081,1.);
#1152=VECTOR('',#2084,1.);
#1153=VECTOR('',#2085,1.);
#1154=VECTOR('',#2136,1.);
#1155=VECTOR('',#2137,1.);
#1156=VECTOR('',#2138,1.);
#1157=VECTOR('',#2141,1.);
#1158=VECTOR('',#2142,1.);
#1159=VECTOR('',#2145,1.);
#1160=VECTOR('',#2146,1.);
#1161=VECTOR('',#2149,1.);
#1162=VECTOR('',#2150,1.);
#1163=VECTOR('',#2153,1.);
#1164=VECTOR('',#2154,1.);
#1165=VECTOR('',#2157,1.);
#1166=VECTOR('',#2162,1.);
#1167=VECTOR('',#2163,1.);
#1168=VECTOR('',#2164,1.);
#1169=VECTOR('',#2167,1.);
#1170=VECTOR('',#2168,1.);
#1171=VECTOR('',#2171,1.);
#1172=VECTOR('',#2172,1.);
#1173=VECTOR('',#2175,1.);
#1174=VECTOR('',#2176,1.);
#1175=VECTOR('',#2179,1.);
#1176=VECTOR('',#2180,1.);
#1177=VECTOR('',#2183,1.);
#1178=EDGE_LOOP('',(#114,#115,#116,#117));
#1179=EDGE_LOOP('',(#118,#119,#120,#121));
#1180=EDGE_LOOP('',(#122,#123,#124,#125));
#1181=EDGE_LOOP('',(#126,#127,#128,#129));
#1182=EDGE_LOOP('',(#130,#131,#132,#133));
#1183=EDGE_LOOP('',(#134,#135,#136,#137));
#1184=EDGE_LOOP('',(#138));
#1185=EDGE_LOOP('',(#139,#140,#141,#142,#143,#144));
#1186=EDGE_LOOP('',(#145,#146,#147,#148));
#1187=EDGE_LOOP('',(#149,#150,#151,#152));
#1188=EDGE_LOOP('',(#153,#154,#155,#156));
#1189=EDGE_LOOP('',(#157,#158,#159,#160));
#1190=EDGE_LOOP('',(#161,#162,#163,#164));
#1191=EDGE_LOOP('',(#165,#166,#167,#168));
#1192=EDGE_LOOP('',(#169));
#1193=EDGE_LOOP('',(#170,#171,#172,#173,#174,#175));
#1194=EDGE_LOOP('',(#176));
#1195=EDGE_LOOP('',(#177));
#1196=EDGE_LOOP('',(#178));
#1197=EDGE_LOOP('',(#179));
#1198=EDGE_LOOP('',(#180));
#1199=EDGE_LOOP('',(#181));
#1200=EDGE_LOOP('',(#182));
#1201=EDGE_LOOP('',(#183));
#1202=EDGE_LOOP('',(#184));
#1203=EDGE_LOOP('',(#185));
#1204=EDGE_LOOP('',(#186));
#1205=EDGE_LOOP('',(#187));
#1206=EDGE_LOOP('',(#188));
#1207=EDGE_LOOP('',(#189));
#1208=EDGE_LOOP('',(#190));
#1209=EDGE_LOOP('',(#191));
#1210=EDGE_LOOP('',(#192,#193,#194,#195,#196,#197));
#1211=EDGE_LOOP('',(#198,#199,#200,#201));
#1212=EDGE_LOOP('',(#202,#203,#204,#205,#206,#207));
#1213=EDGE_LOOP('',(#208));
#1214=EDGE_LOOP('',(#209));
#1215=EDGE_LOOP('',(#210));
#1216=EDGE_LOOP('',(#211));
#1217=EDGE_LOOP('',(#212,#213,#214,#215));
#1218=EDGE_LOOP('',(#216));
#1219=EDGE_LOOP('',(#217));
#1220=EDGE_LOOP('',(#218));
#1221=EDGE_LOOP('',(#219,#220,#221,#222));
#1222=EDGE_LOOP('',(#223));
#1223=EDGE_LOOP('',(#224));
#1224=EDGE_LOOP('',(#225,#226,#227,#228));
#1225=EDGE_LOOP('',(#229));
#1226=EDGE_LOOP('',(#230,#231,#232,#233));
#1227=EDGE_LOOP('',(#234,#235,#236,#237));
#1228=EDGE_LOOP('',(#238,#239,#240,#241));
#1229=EDGE_LOOP('',(#242,#243,#244,#245));
#1230=EDGE_LOOP('',(#246,#247,#248,#249,#250,#251));
#1231=EDGE_LOOP('',(#252,#253,#254,#255,#256,#257));
#1232=EDGE_LOOP('',(#258,#259,#260,#261));
#1233=EDGE_LOOP('',(#262,#263,#264,#265));
#1234=EDGE_LOOP('',(#266));
#1235=EDGE_LOOP('',(#267));
#1236=EDGE_LOOP('',(#268,#269,#270,#271));
#1237=EDGE_LOOP('',(#272,#273,#274,#275));
#1238=EDGE_LOOP('',(#276));
#1239=EDGE_LOOP('',(#277));
#1240=EDGE_LOOP('',(#278,#279,#280,#281));
#1241=EDGE_LOOP('',(#282,#283,#284,#285));
#1242=EDGE_LOOP('',(#286));
#1243=EDGE_LOOP('',(#287));
#1244=EDGE_LOOP('',(#288,#289,#290,#291));
#1245=EDGE_LOOP('',(#292,#293,#294,#295));
#1246=EDGE_LOOP('',(#296));
#1247=EDGE_LOOP('',(#297));
#1248=EDGE_LOOP('',(#298,#299,#300,#301));
#1249=EDGE_LOOP('',(#302));
#1250=EDGE_LOOP('',(#303));
#1251=EDGE_LOOP('',(#304));
#1252=EDGE_LOOP('',(#305,#306,#307,#308,#309,#310,#311,#312,#313,#314,#315,
#316,#317,#318,#319,#320,#321,#322,#323,#324,#325,#326,#327,#328,#329,#330,
#331,#332,#333,#334,#335,#336,#337,#338,#339,#340));
#1253=EDGE_LOOP('',(#341));
#1254=EDGE_LOOP('',(#342));
#1255=EDGE_LOOP('',(#343));
#1256=EDGE_LOOP('',(#344,#345,#346,#347,#348,#349,#350,#351,#352,#353,#354,
#355,#356,#357,#358,#359,#360,#361,#362,#363,#364,#365,#366,#367,#368,#369,
#370,#371,#372,#373,#374,#375,#376,#377,#378,#379));
#1257=EDGE_LOOP('',(#380));
#1258=EDGE_LOOP('',(#381));
#1259=EDGE_LOOP('',(#382,#383,#384,#385));
#1260=EDGE_LOOP('',(#386,#387,#388,#389));
#1261=EDGE_LOOP('',(#390,#391,#392,#393));
#1262=EDGE_LOOP('',(#394,#395,#396,#397));
#1263=EDGE_LOOP('',(#398));
#1264=EDGE_LOOP('',(#399));
#1265=EDGE_LOOP('',(#400,#401,#402,#403));
#1266=EDGE_LOOP('',(#404,#405,#406,#407));
#1267=EDGE_LOOP('',(#408,#409,#410,#411));
#1268=EDGE_LOOP('',(#412,#413,#414,#415));
#1269=EDGE_LOOP('',(#416,#417,#418,#419));
#1270=EDGE_LOOP('',(#420,#421,#422,#423));
#1271=EDGE_LOOP('',(#424,#425,#426,#427));
#1272=EDGE_LOOP('',(#428,#429,#430,#431));
#1273=EDGE_LOOP('',(#432,#433,#434,#435));
#1274=EDGE_LOOP('',(#436,#437,#438,#439));
#1275=EDGE_LOOP('',(#440,#441,#442,#443));
#1276=EDGE_LOOP('',(#444,#445,#446,#447));
#1277=EDGE_LOOP('',(#448,#449,#450,#451));
#1278=EDGE_LOOP('',(#452));
#1279=EDGE_LOOP('',(#453));
#1280=EDGE_LOOP('',(#454));
#1281=EDGE_LOOP('',(#455));
#1282=EDGE_LOOP('',(#456));
#1283=EDGE_LOOP('',(#457));
#1284=EDGE_LOOP('',(#458));
#1285=EDGE_LOOP('',(#459));
#1286=EDGE_LOOP('',(#460));
#1287=EDGE_LOOP('',(#461));
#1288=EDGE_LOOP('',(#462));
#1289=EDGE_LOOP('',(#463));
#1290=EDGE_LOOP('',(#464,#465,#466,#467));
#1291=EDGE_LOOP('',(#468,#469,#470,#471));
#1292=EDGE_LOOP('',(#472,#473,#474,#475));
#1293=EDGE_LOOP('',(#476,#477,#478,#479));
#1294=EDGE_LOOP('',(#480,#481,#482,#483));
#1295=EDGE_LOOP('',(#484,#485,#486,#487));
#1296=EDGE_LOOP('',(#488));
#1297=EDGE_LOOP('',(#489,#490,#491,#492,#493,#494));
#1298=EDGE_LOOP('',(#495,#496,#497,#498));
#1299=EDGE_LOOP('',(#499,#500,#501,#502));
#1300=EDGE_LOOP('',(#503,#504,#505,#506));
#1301=EDGE_LOOP('',(#507,#508,#509,#510));
#1302=EDGE_LOOP('',(#511,#512,#513,#514));
#1303=EDGE_LOOP('',(#515,#516,#517,#518));
#1304=EDGE_LOOP('',(#519));
#1305=EDGE_LOOP('',(#520,#521,#522,#523,#524,#525));
#1306=EDGE_LOOP('',(#526,#527,#528,#529));
#1307=EDGE_LOOP('',(#530,#531,#532,#533));
#1308=FACE_BOUND('',#1178,.T.);
#1309=FACE_BOUND('',#1179,.T.);
#1310=FACE_BOUND('',#1180,.T.);
#1311=FACE_BOUND('',#1181,.T.);
#1312=FACE_BOUND('',#1182,.T.);
#1313=FACE_BOUND('',#1183,.T.);
#1314=FACE_BOUND('',#1184,.T.);
#1315=FACE_BOUND('',#1185,.T.);
#1316=FACE_BOUND('',#1186,.T.);
#1317=FACE_BOUND('',#1187,.T.);
#1318=FACE_BOUND('',#1188,.T.);
#1319=FACE_BOUND('',#1189,.T.);
#1320=FACE_BOUND('',#1190,.T.);
#1321=FACE_BOUND('',#1191,.T.);
#1322=FACE_BOUND('',#1192,.T.);
#1323=FACE_BOUND('',#1193,.T.);
#1324=FACE_BOUND('',#1194,.T.);
#1325=FACE_BOUND('',#1195,.T.);
#1326=FACE_BOUND('',#1196,.T.);
#1327=FACE_BOUND('',#1197,.T.);
#1328=FACE_BOUND('',#1198,.T.);
#1329=FACE_BOUND('',#1199,.T.);
#1330=FACE_BOUND('',#1200,.T.);
#1331=FACE_BOUND('',#1201,.T.);
#1332=FACE_BOUND('',#1202,.T.);
#1333=FACE_BOUND('',#1203,.T.);
#1334=FACE_BOUND('',#1204,.T.);
#1335=FACE_BOUND('',#1205,.T.);
#1336=FACE_BOUND('',#1206,.T.);
#1337=FACE_BOUND('',#1207,.T.);
#1338=FACE_BOUND('',#1208,.T.);
#1339=FACE_BOUND('',#1209,.T.);
#1340=FACE_BOUND('',#1210,.T.);
#1341=FACE_BOUND('',#1211,.T.);
#1342=FACE_BOUND('',#1212,.T.);
#1343=FACE_BOUND('',#1213,.T.);
#1344=FACE_BOUND('',#1214,.T.);
#1345=FACE_BOUND('',#1215,.T.);
#1346=FACE_BOUND('',#1216,.T.);
#1347=FACE_BOUND('',#1217,.T.);
#1348=FACE_BOUND('',#1218,.T.);
#1349=FACE_BOUND('',#1219,.T.);
#1350=FACE_BOUND('',#1220,.T.);
#1351=FACE_BOUND('',#1221,.T.);
#1352=FACE_BOUND('',#1222,.T.);
#1353=FACE_BOUND('',#1223,.T.);
#1354=FACE_BOUND('',#1224,.T.);
#1355=FACE_BOUND('',#1225,.T.);
#1356=FACE_BOUND('',#1226,.T.);
#1357=FACE_BOUND('',#1227,.T.);
#1358=FACE_BOUND('',#1228,.T.);
#1359=FACE_BOUND('',#1229,.T.);
#1360=FACE_BOUND('',#1230,.T.);
#1361=FACE_BOUND('',#1231,.T.);
#1362=FACE_BOUND('',#1232,.T.);
#1363=FACE_BOUND('',#1233,.T.);
#1364=FACE_BOUND('',#1234,.T.);
#1365=FACE_BOUND('',#1235,.T.);
#1366=FACE_BOUND('',#1236,.T.);
#1367=FACE_BOUND('',#1237,.T.);
#1368=FACE_BOUND('',#1238,.T.);
#1369=FACE_BOUND('',#1239,.T.);
#1370=FACE_BOUND('',#1240,.T.);
#1371=FACE_BOUND('',#1241,.T.);
#1372=FACE_BOUND('',#1242,.T.);
#1373=FACE_BOUND('',#1243,.T.);
#1374=FACE_BOUND('',#1244,.T.);
#1375=FACE_BOUND('',#1245,.T.);
#1376=FACE_BOUND('',#1246,.T.);
#1377=FACE_BOUND('',#1247,.T.);
#1378=FACE_BOUND('',#1248,.T.);
#1379=FACE_BOUND('',#1249,.T.);
#1380=FACE_BOUND('',#1250,.T.);
#1381=FACE_BOUND('',#1251,.T.);
#1382=FACE_BOUND('',#1252,.T.);
#1383=FACE_BOUND('',#1253,.T.);
#1384=FACE_BOUND('',#1254,.T.);
#1385=FACE_BOUND('',#1255,.T.);
#1386=FACE_BOUND('',#1256,.T.);
#1387=FACE_BOUND('',#1257,.T.);
#1388=FACE_BOUND('',#1258,.T.);
#1389=FACE_BOUND('',#1259,.T.);
#1390=FACE_BOUND('',#1260,.T.);
#1391=FACE_BOUND('',#1261,.T.);
#1392=FACE_BOUND('',#1262,.T.);
#1393=FACE_BOUND('',#1263,.T.);
#1394=FACE_BOUND('',#1264,.T.);
#1395=FACE_BOUND('',#1265,.T.);
#1396=FACE_BOUND('',#1266,.T.);
#1397=FACE_BOUND('',#1267,.T.);
#1398=FACE_BOUND('',#1268,.T.);
#1399=FACE_BOUND('',#1269,.T.);
#1400=FACE_BOUND('',#1270,.T.);
#1401=FACE_BOUND('',#1271,.T.);
#1402=FACE_BOUND('',#1272,.T.);
#1403=FACE_BOUND('',#1273,.T.);
#1404=FACE_BOUND('',#1274,.T.);
#1405=FACE_BOUND('',#1275,.T.);
#1406=FACE_BOUND('',#1276,.T.);
#1407=FACE_BOUND('',#1277,.T.);
#1408=FACE_BOUND('',#1278,.T.);
#1409=FACE_BOUND('',#1279,.T.);
#1410=FACE_BOUND('',#1280,.T.);
#1411=FACE_BOUND('',#1281,.T.);
#1412=FACE_BOUND('',#1282,.T.);
#1413=FACE_BOUND('',#1283,.T.);
#1414=FACE_BOUND('',#1284,.T.);
#1415=FACE_BOUND('',#1285,.T.);
#1416=FACE_BOUND('',#1286,.T.);
#1417=FACE_BOUND('',#1287,.T.);
#1418=FACE_BOUND('',#1288,.T.);
#1419=FACE_BOUND('',#1289,.T.);
#1420=FACE_BOUND('',#1290,.T.);
#1421=FACE_BOUND('',#1291,.T.);
#1422=FACE_BOUND('',#1292,.T.);
#1423=FACE_BOUND('',#1293,.T.);
#1424=FACE_BOUND('',#1294,.T.);
#1425=FACE_BOUND('',#1295,.T.);
#1426=FACE_BOUND('',#1296,.T.);
#1427=FACE_BOUND('',#1297,.T.);
#1428=FACE_BOUND('',#1298,.T.);
#1429=FACE_BOUND('',#1299,.T.);
#1430=FACE_BOUND('',#1300,.T.);
#1431=FACE_BOUND('',#1301,.T.);
#1432=FACE_BOUND('',#1302,.T.);
#1433=FACE_BOUND('',#1303,.T.);
#1434=FACE_BOUND('',#1304,.T.);
#1435=FACE_BOUND('',#1305,.T.);
#1436=FACE_BOUND('',#1306,.T.);
#1437=FACE_BOUND('',#1307,.T.);
#1438=PLANE('',#1587);
#1439=PLANE('',#1588);
#1440=PLANE('',#1589);
#1441=PLANE('',#1590);
#1442=PLANE('',#1591);
#1443=PLANE('',#1592);
#1444=PLANE('',#1593);
#1445=PLANE('',#1595);
#1446=PLANE('',#1596);
#1447=PLANE('',#1597);
#1448=PLANE('',#1598);
#1449=PLANE('',#1599);
#1450=PLANE('',#1600);
#1451=PLANE('',#1601);
#1452=PLANE('',#1606);
#1453=PLANE('',#1611);
#1454=PLANE('',#1621);
#1455=PLANE('',#1628);
#1456=PLANE('',#1631);
#1457=PLANE('',#1634);
#1458=PLANE('',#1635);
#1459=PLANE('',#1636);
#1460=PLANE('',#1637);
#1461=PLANE('',#1638);
#1462=PLANE('',#1639);
#1463=PLANE('',#1640);
#1464=PLANE('',#1641);
#1465=PLANE('',#1642);
#1466=PLANE('',#1643);
#1467=PLANE('',#1644);
#1468=PLANE('',#1645);
#1469=PLANE('',#1646);
#1470=PLANE('',#1650);
#1471=PLANE('',#1654);
#1472=PLANE('',#1675);
#1473=PLANE('',#1720);
#1474=PLANE('',#1723);
#1475=PLANE('',#1724);
#1476=PLANE('',#1725);
#1477=PLANE('',#1726);
#1478=PLANE('',#1727);
#1479=PLANE('',#1728);
#1480=PLANE('',#1729);
#1481=PLANE('',#1730);
#1482=PLANE('',#1731);
#1483=PLANE('',#1732);
#1484=PLANE('',#1733);
#1485=PLANE('',#1734);
#1486=PLANE('',#1735);
#1487=PLANE('',#1736);
#1488=PLANE('',#1737);
#1489=ADVANCED_FACE('',(#1308),#1438,.T.);
#1490=ADVANCED_FACE('',(#1309),#1439,.T.);
#1491=ADVANCED_FACE('',(#1310),#1440,.T.);
#1492=ADVANCED_FACE('',(#1311),#1441,.T.);
#1493=ADVANCED_FACE('',(#1312),#1442,.T.);
#1494=ADVANCED_FACE('',(#1313),#1443,.T.);
#1495=ADVANCED_FACE('',(#1314,#1315),#1444,.T.);
#1496=ADVANCED_FACE('',(#1316),#1445,.F.);
#1497=ADVANCED_FACE('',(#1317),#1446,.F.);
#1498=ADVANCED_FACE('',(#1318),#1447,.F.);
#1499=ADVANCED_FACE('',(#1319),#1448,.F.);
#1500=ADVANCED_FACE('',(#1320),#1449,.F.);
#1501=ADVANCED_FACE('',(#1321),#1450,.F.);
#1502=ADVANCED_FACE('',(#1322,#1323),#1451,.T.);
#1503=ADVANCED_FACE('',(#1324,#1325),#16,.F.);
#1504=ADVANCED_FACE('',(#1326,#1327),#1452,.F.);
#1505=ADVANCED_FACE('',(#1328,#1329),#17,.F.);
#1506=ADVANCED_FACE('',(#1330,#1331),#1453,.F.);
#1507=ADVANCED_FACE('',(#1332,#1333),#18,.F.);
#1508=ADVANCED_FACE('',(#1334,#1335),#19,.F.);
#1509=ADVANCED_FACE('',(#1336,#1337),#20,.F.);
#1510=ADVANCED_FACE('',(#1338,#1339),#21,.F.);
#1511=ADVANCED_FACE('',(#1340,#1341,#1342),#1454,.T.);
#1512=ADVANCED_FACE('',(#1343,#1344),#22,.F.);
#1513=ADVANCED_FACE('',(#1345,#1346),#23,.F.);
#1514=ADVANCED_FACE('',(#1347,#1348,#1349),#1455,.F.);
#1515=ADVANCED_FACE('',(#1350,#1351,#1352),#1456,.T.);
#1516=ADVANCED_FACE('',(#1353,#1354,#1355),#1457,.T.);
#1517=ADVANCED_FACE('',(#1356),#1458,.F.);
#1518=ADVANCED_FACE('',(#1357),#1459,.F.);
#1519=ADVANCED_FACE('',(#1358),#1460,.T.);
#1520=ADVANCED_FACE('',(#1359),#1461,.T.);
#1521=ADVANCED_FACE('',(#1360,#1361,#1362),#1462,.T.);
#1522=ADVANCED_FACE('',(#1363),#1463,.T.);
#1523=ADVANCED_FACE('',(#1364,#1365,#1366),#1464,.T.);
#1524=ADVANCED_FACE('',(#1367),#1465,.T.);
#1525=ADVANCED_FACE('',(#1368,#1369,#1370),#1466,.T.);
#1526=ADVANCED_FACE('',(#1371),#1467,.F.);
#1527=ADVANCED_FACE('',(#1372,#1373,#1374),#1468,.F.);
#1528=ADVANCED_FACE('',(#1375),#1469,.T.);
#1529=ADVANCED_FACE('',(#1376,#1377),#24,.F.);
#1530=ADVANCED_FACE('',(#1378),#1470,.T.);
#1531=ADVANCED_FACE('',(#1379,#1380),#25,.F.);
#1532=ADVANCED_FACE('',(#1381,#1382,#1383,#1384),#1471,.T.);
#1533=ADVANCED_FACE('',(#1385,#1386,#1387,#1388),#1472,.F.);
#1534=ADVANCED_FACE('',(#1389),#26,.F.);
#1535=ADVANCED_FACE('',(#1390),#27,.F.);
#1536=ADVANCED_FACE('',(#1391),#28,.F.);
#1537=ADVANCED_FACE('',(#1392),#29,.F.);
#1538=ADVANCED_FACE('',(#1393,#1394),#30,.F.);
#1539=ADVANCED_FACE('',(#1395),#31,.T.);
#1540=ADVANCED_FACE('',(#1396),#32,.T.);
#1541=ADVANCED_FACE('',(#1397),#33,.T.);
#1542=ADVANCED_FACE('',(#1398),#34,.T.);
#1543=ADVANCED_FACE('',(#1399),#35,.T.);
#1544=ADVANCED_FACE('',(#1400),#36,.T.);
#1545=ADVANCED_FACE('',(#1401),#37,.T.);
#1546=ADVANCED_FACE('',(#1402),#38,.T.);
#1547=ADVANCED_FACE('',(#1403),#39,.F.);
#1548=ADVANCED_FACE('',(#1404),#40,.T.);
#1549=ADVANCED_FACE('',(#1405),#41,.F.);
#1550=ADVANCED_FACE('',(#1406),#42,.F.);
#1551=ADVANCED_FACE('',(#1407),#43,.T.);
#1552=ADVANCED_FACE('',(#1408,#1409),#44,.F.);
#1553=ADVANCED_FACE('',(#1410,#1411),#45,.F.);
#1554=ADVANCED_FACE('',(#1412,#1413),#46,.F.);
#1555=ADVANCED_FACE('',(#1414,#1415),#1473,.F.);
#1556=ADVANCED_FACE('',(#1416,#1417),#47,.F.);
#1557=ADVANCED_FACE('',(#1418,#1419),#1474,.F.);
#1558=ADVANCED_FACE('',(#1420),#1475,.F.);
#1559=ADVANCED_FACE('',(#1421),#1476,.F.);
#1560=ADVANCED_FACE('',(#1422),#1477,.F.);
#1561=ADVANCED_FACE('',(#1423),#1478,.F.);
#1562=ADVANCED_FACE('',(#1424),#1479,.F.);
#1563=ADVANCED_FACE('',(#1425),#1480,.F.);
#1564=ADVANCED_FACE('',(#1426,#1427),#1481,.T.);
#1565=ADVANCED_FACE('',(#1428),#1482,.T.);
#1566=ADVANCED_FACE('',(#1429),#1483,.T.);
#1567=ADVANCED_FACE('',(#1430),#1484,.T.);
#1568=ADVANCED_FACE('',(#1431),#1485,.T.);
#1569=ADVANCED_FACE('',(#1432),#1486,.T.);
#1570=ADVANCED_FACE('',(#1433),#1487,.T.);
#1571=ADVANCED_FACE('',(#1434,#1435),#1488,.T.);
#1572=ADVANCED_FACE('',(#1436),#48,.T.);
#1573=ADVANCED_FACE('',(#1437),#49,.T.);
#1574=CLOSED_SHELL('',(#1489,#1490,#1491,#1492,#1493,#1494,#1495,#1496,
#1497,#1498,#1499,#1500,#1501,#1502,#1503,#1504,#1505,#1506,#1507,#1508,
#1509,#1510,#1511,#1512,#1513,#1514,#1515,#1516,#1517,#1518,#1519,#1520,
#1521,#1522,#1523,#1524,#1525,#1526,#1527,#1528,#1529,#1530,#1531,#1532,
#1533,#1534,#1535,#1536,#1537,#1538,#1539,#1540,#1541,#1542,#1543,#1544,
#1545,#1546,#1547,#1548,#1549,#1550,#1551,#1552,#1553,#1554,#1555,#1556,
#1557,#1558,#1559,#1560,#1561,#1562,#1563,#1564,#1565,#1566,#1567,#1568,
#1569,#1570,#1571,#1572,#1573));
#1575=STYLED_ITEM('',(#1576),#1583);
#1576=PRESENTATION_STYLE_ASSIGNMENT((#1577));
#1577=SURFACE_STYLE_USAGE(.BOTH.,#1578);
#1578=SURFACE_SIDE_STYLE('',(#1579));
#1579=SURFACE_STYLE_FILL_AREA(#1580);
#1580=FILL_AREA_STYLE('',(#1581));
#1581=FILL_AREA_STYLE_COLOUR('',#1582);
#1582=COLOUR_RGB('',0.615686274509804,0.811764705882353,0.929411764705882);
#1583=MANIFOLD_SOLID_BREP('Part 1',#1574);
#1584=SHAPE_DEFINITION_REPRESENTATION(#2642,#1585);
#1585=SHAPE_REPRESENTATION('Part 1',(#1586),#2637);
#1586=AXIS2_PLACEMENT_3D('',#2190,#1740,#1741);
#1587=AXIS2_PLACEMENT_3D('',#2191,#1742,#1743);
#1588=AXIS2_PLACEMENT_3D('',#2200,#1748,#1749);
#1589=AXIS2_PLACEMENT_3D('',#2206,#1753,#1754);
#1590=AXIS2_PLACEMENT_3D('',#2212,#1758,#1759);
#1591=AXIS2_PLACEMENT_3D('',#2218,#1763,#1764);
#1592=AXIS2_PLACEMENT_3D('',#2224,#1768,#1769);
#1593=AXIS2_PLACEMENT_3D('',#2227,#1772,#1773);
#1594=AXIS2_PLACEMENT_3D('',#2228,#1774,#1775);
#1595=AXIS2_PLACEMENT_3D('',#2230,#1776,#1777);
#1596=AXIS2_PLACEMENT_3D('',#2239,#1782,#1783);
#1597=AXIS2_PLACEMENT_3D('',#2245,#1787,#1788);
#1598=AXIS2_PLACEMENT_3D('',#2251,#1792,#1793);
#1599=AXIS2_PLACEMENT_3D('',#2257,#1797,#1798);
#1600=AXIS2_PLACEMENT_3D('',#2263,#1802,#1803);
#1601=AXIS2_PLACEMENT_3D('',#2266,#1806,#1807);
#1602=AXIS2_PLACEMENT_3D('',#2267,#1808,#1809);
#1603=AXIS2_PLACEMENT_3D('',#2269,#1810,#1811);
#1604=AXIS2_PLACEMENT_3D('',#2270,#1812,#1813);
#1605=AXIS2_PLACEMENT_3D('',#2272,#1814,#1815);
#1606=AXIS2_PLACEMENT_3D('',#2274,#1816,#1817);
#1607=AXIS2_PLACEMENT_3D('',#2275,#1818,#1819);
#1608=AXIS2_PLACEMENT_3D('',#2277,#1820,#1821);
#1609=AXIS2_PLACEMENT_3D('',#2278,#1822,#1823);
#1610=AXIS2_PLACEMENT_3D('',#2280,#1824,#1825);
#1611=AXIS2_PLACEMENT_3D('',#2282,#1826,#1827);
#1612=AXIS2_PLACEMENT_3D('',#2283,#1828,#1829);
#1613=AXIS2_PLACEMENT_3D('',#2285,#1830,#1831);
#1614=AXIS2_PLACEMENT_3D('',#2286,#1832,#1833);
#1615=AXIS2_PLACEMENT_3D('',#2288,#1834,#1835);
#1616=AXIS2_PLACEMENT_3D('',#2289,#1836,#1837);
#1617=AXIS2_PLACEMENT_3D('',#2291,#1838,#1839);
#1618=AXIS2_PLACEMENT_3D('',#2292,#1840,#1841);
#1619=AXIS2_PLACEMENT_3D('',#2294,#1842,#1843);
#1620=AXIS2_PLACEMENT_3D('',#2295,#1844,#1845);
#1621=AXIS2_PLACEMENT_3D('',#2297,#1846,#1847);
#1622=AXIS2_PLACEMENT_3D('',#2330,#1864,#1865);
#1623=AXIS2_PLACEMENT_3D('',#2331,#1866,#1867);
#1624=AXIS2_PLACEMENT_3D('',#2333,#1868,#1869);
#1625=AXIS2_PLACEMENT_3D('',#2335,#1870,#1871);
#1626=AXIS2_PLACEMENT_3D('',#2336,#1872,#1873);
#1627=AXIS2_PLACEMENT_3D('',#2338,#1874,#1875);
#1628=AXIS2_PLACEMENT_3D('',#2340,#1876,#1877);
#1629=AXIS2_PLACEMENT_3D('',#2349,#1882,#1883);
#1630=AXIS2_PLACEMENT_3D('',#2351,#1884,#1885);
#1631=AXIS2_PLACEMENT_3D('',#2353,#1886,#1887);
#1632=AXIS2_PLACEMENT_3D('',#2354,#1888,#1889);
#1633=AXIS2_PLACEMENT_3D('',#2364,#1894,#1895);
#1634=AXIS2_PLACEMENT_3D('',#2366,#1896,#1897);
#1635=AXIS2_PLACEMENT_3D('',#2375,#1902,#1903);
#1636=AXIS2_PLACEMENT_3D('',#2381,#1907,#1908);
#1637=AXIS2_PLACEMENT_3D('',#2390,#1913,#1914);
#1638=AXIS2_PLACEMENT_3D('',#2399,#1919,#1920);
#1639=AXIS2_PLACEMENT_3D('',#2408,#1925,#1926);
#1640=AXIS2_PLACEMENT_3D('',#2417,#1931,#1932);
#1641=AXIS2_PLACEMENT_3D('',#2426,#1937,#1938);
#1642=AXIS2_PLACEMENT_3D('',#2432,#1942,#1943);
#1643=AXIS2_PLACEMENT_3D('',#2441,#1948,#1949);
#1644=AXIS2_PLACEMENT_3D('',#2450,#1954,#1955);
#1645=AXIS2_PLACEMENT_3D('',#2456,#1959,#1960);
#1646=AXIS2_PLACEMENT_3D('',#2462,#1964,#1965);
#1647=AXIS2_PLACEMENT_3D('',#2465,#1968,#1969);
#1648=AXIS2_PLACEMENT_3D('',#2466,#1970,#1971);
#1649=AXIS2_PLACEMENT_3D('',#2468,#1972,#1973);
#1650=AXIS2_PLACEMENT_3D('',#2470,#1974,#1975);
#1651=AXIS2_PLACEMENT_3D('',#2479,#1980,#1981);
#1652=AXIS2_PLACEMENT_3D('',#2480,#1982,#1983);
#1653=AXIS2_PLACEMENT_3D('',#2482,#1984,#1985);
#1654=AXIS2_PLACEMENT_3D('',#2484,#1986,#1987);
#1655=AXIS2_PLACEMENT_3D('',#2485,#1988,#1989);
#1656=AXIS2_PLACEMENT_3D('',#2487,#1990,#1991);
#1657=AXIS2_PLACEMENT_3D('',#2488,#1992,#1993);
#1658=AXIS2_PLACEMENT_3D('',#2489,#1994,#1995);
#1659=AXIS2_PLACEMENT_3D('',#2490,#1996,#1997);
#1660=AXIS2_PLACEMENT_3D('',#2492,#1998,#1999);
#1661=AXIS2_PLACEMENT_3D('',#2494,#2000,#2001);
#1662=AXIS2_PLACEMENT_3D('',#2495,#2002,#2003);
#1663=AXIS2_PLACEMENT_3D('',#2497,#2004,#2005);
#1664=AXIS2_PLACEMENT_3D('',#2499,#2006,#2007);
#1665=AXIS2_PLACEMENT_3D('',#2500,#2008,#2009);
#1666=AXIS2_PLACEMENT_3D('',#2501,#2010,#2011);
#1667=AXIS2_PLACEMENT_3D('',#2503,#2012,#2013);
#1668=AXIS2_PLACEMENT_3D('',#2505,#2014,#2015);
#1669=AXIS2_PLACEMENT_3D('',#2506,#2016,#2017);
#1670=AXIS2_PLACEMENT_3D('',#2508,#2018,#2019);
#1671=AXIS2_PLACEMENT_3D('',#2510,#2020,#2021);
#1672=AXIS2_PLACEMENT_3D('',#2511,#2022,#2023);
#1673=AXIS2_PLACEMENT_3D('',#2512,#2024,#2025);
#1674=AXIS2_PLACEMENT_3D('',#2513,#2026,#2027);
#1675=AXIS2_PLACEMENT_3D('',#2514,#2028,#2029);
#1676=AXIS2_PLACEMENT_3D('',#2515,#2030,#2031);
#1677=AXIS2_PLACEMENT_3D('',#2517,#2032,#2033);
#1678=AXIS2_PLACEMENT_3D('',#2518,#2034,#2035);
#1679=AXIS2_PLACEMENT_3D('',#2519,#2036,#2037);
#1680=AXIS2_PLACEMENT_3D('',#2520,#2038,#2039);
#1681=AXIS2_PLACEMENT_3D('',#2521,#2040,#2041);
#1682=AXIS2_PLACEMENT_3D('',#2523,#2042,#2043);
#1683=AXIS2_PLACEMENT_3D('',#2525,#2044,#2045);
#1684=AXIS2_PLACEMENT_3D('',#2526,#2046,#2047);
#1685=AXIS2_PLACEMENT_3D('',#2528,#2048,#2049);
#1686=AXIS2_PLACEMENT_3D('',#2530,#2050,#2051);
#1687=AXIS2_PLACEMENT_3D('',#2531,#2052,#2053);
#1688=AXIS2_PLACEMENT_3D('',#2532,#2054,#2055);
#1689=AXIS2_PLACEMENT_3D('',#2534,#2056,#2057);
#1690=AXIS2_PLACEMENT_3D('',#2536,#2058,#2059);
#1691=AXIS2_PLACEMENT_3D('',#2537,#2060,#2061);
#1692=AXIS2_PLACEMENT_3D('',#2539,#2062,#2063);
#1693=AXIS2_PLACEMENT_3D('',#2541,#2064,#2065);
#1694=AXIS2_PLACEMENT_3D('',#2542,#2066,#2067);
#1695=AXIS2_PLACEMENT_3D('',#2543,#2068,#2069);
#1696=AXIS2_PLACEMENT_3D('',#2544,#2070,#2071);
#1697=AXIS2_PLACEMENT_3D('',#2547,#2074,#2075);
#1698=AXIS2_PLACEMENT_3D('',#2550,#2078,#2079);
#1699=AXIS2_PLACEMENT_3D('',#2553,#2082,#2083);
#1700=AXIS2_PLACEMENT_3D('',#2556,#2086,#2087);
#1701=AXIS2_PLACEMENT_3D('',#2557,#2088,#2089);
#1702=AXIS2_PLACEMENT_3D('',#2558,#2090,#2091);
#1703=AXIS2_PLACEMENT_3D('',#2559,#2092,#2093);
#1704=AXIS2_PLACEMENT_3D('',#2560,#2094,#2095);
#1705=AXIS2_PLACEMENT_3D('',#2561,#2096,#2097);
#1706=AXIS2_PLACEMENT_3D('',#2562,#2098,#2099);
#1707=AXIS2_PLACEMENT_3D('',#2563,#2100,#2101);
#1708=AXIS2_PLACEMENT_3D('',#2564,#2102,#2103);
#1709=AXIS2_PLACEMENT_3D('',#2565,#2104,#2105);
#1710=AXIS2_PLACEMENT_3D('',#2566,#2106,#2107);
#1711=AXIS2_PLACEMENT_3D('',#2567,#2108,#2109);
#1712=AXIS2_PLACEMENT_3D('',#2568,#2110,#2111);
#1713=AXIS2_PLACEMENT_3D('',#2569,#2112,#2113);
#1714=AXIS2_PLACEMENT_3D('',#2570,#2114,#2115);
#1715=AXIS2_PLACEMENT_3D('',#2571,#2116,#2117);
#1716=AXIS2_PLACEMENT_3D('',#2573,#2118,#2119);
#1717=AXIS2_PLACEMENT_3D('',#2574,#2120,#2121);
#1718=AXIS2_PLACEMENT_3D('',#2576,#2122,#2123);
#1719=AXIS2_PLACEMENT_3D('',#2577,#2124,#2125);
#1720=AXIS2_PLACEMENT_3D('',#2579,#2126,#2127);
#1721=AXIS2_PLACEMENT_3D('',#2580,#2128,#2129);
#1722=AXIS2_PLACEMENT_3D('',#2581,#2130,#2131);
#1723=AXIS2_PLACEMENT_3D('',#2583,#2132,#2133);
#1724=AXIS2_PLACEMENT_3D('',#2584,#2134,#2135);
#1725=AXIS2_PLACEMENT_3D('',#2590,#2139,#2140);
#1726=AXIS2_PLACEMENT_3D('',#2594,#2143,#2144);
#1727=AXIS2_PLACEMENT_3D('',#2598,#2147,#2148);
#1728=AXIS2_PLACEMENT_3D('',#2602,#2151,#2152);
#1729=AXIS2_PLACEMENT_3D('',#2606,#2155,#2156);
#1730=AXIS2_PLACEMENT_3D('',#2608,#2158,#2159);
#1731=AXIS2_PLACEMENT_3D('',#2609,#2160,#2161);
#1732=AXIS2_PLACEMENT_3D('',#2615,#2165,#2166);
#1733=AXIS2_PLACEMENT_3D('',#2619,#2169,#2170);
#1734=AXIS2_PLACEMENT_3D('',#2623,#2173,#2174);
#1735=AXIS2_PLACEMENT_3D('',#2627,#2177,#2178);
#1736=AXIS2_PLACEMENT_3D('',#2631,#2181,#2182);
#1737=AXIS2_PLACEMENT_3D('',#2633,#2184,#2185);
#1738=AXIS2_PLACEMENT_3D('',#2634,#2186,#2187);
#1739=AXIS2_PLACEMENT_3D('',#2635,#2188,#2189);
#1740=DIRECTION('',(0.,0.,1.));
#1741=DIRECTION('',(1.,0.,0.));
#1742=DIRECTION('',(0.43301270189222,0.25,-0.866025403784438));
#1743=DIRECTION('',(0.75,0.433012701892219,0.5));
#1744=DIRECTION('',(0.5,-0.866025403784439,0.));
#1745=DIRECTION('',(0.75,0.433012701892219,0.5));
#1746=DIRECTION('',(0.5,-0.866025403784439,0.));
#1747=DIRECTION('',(0.600263716096395,0.636768944675928,0.483951218858318));
#1748=DIRECTION('',(0.866025403784439,0.5,0.));
#1749=DIRECTION('',(0.,0.,1.));
#1750=DIRECTION('',(0.5,-0.866025403784439,0.));
#1751=DIRECTION('',(0.,0.,1.));
#1752=DIRECTION('',(0.,0.,1.));
#1753=DIRECTION('',(0.43301270189222,0.25,0.866025403784439));
#1754=DIRECTION('',(-0.75,-0.433012701892219,0.5));
#1755=DIRECTION('',(0.5,-0.866025403784439,0.));
#1756=DIRECTION('',(-0.75,-0.433012701892219,0.5));
#1757=DIRECTION('',(-0.600263716096395,-0.636768944675928,0.483951218858318));
#1758=DIRECTION('',(-0.43301270189222,-0.25,0.866025403784439));
#1759=DIRECTION('',(-0.75,-0.433012701892219,-0.5));
#1760=DIRECTION('',(0.5,-0.866025403784439,0.));
#1761=DIRECTION('',(-0.75,-0.433012701892219,-0.5));
#1762=DIRECTION('',(-0.600263716096395,-0.636768944675928,-0.483951218858318));
#1763=DIRECTION('',(-0.866025403784439,-0.5,0.));
#1764=DIRECTION('',(0.,0.,-1.));
#1765=DIRECTION('',(0.5,-0.866025403784439,0.));
#1766=DIRECTION('',(0.,0.,-1.));
#1767=DIRECTION('',(0.,0.,-1.));
#1768=DIRECTION('',(-0.43301270189222,-0.25,-0.866025403784439));
#1769=DIRECTION('',(0.75,0.433012701892219,-0.5));
#1770=DIRECTION('',(0.75,0.433012701892219,-0.5));
#1771=DIRECTION('',(0.600263716096395,0.636768944675928,-0.483951218858318));
#1772=DIRECTION('',(0.5,-0.866025403784439,0.));
#1773=DIRECTION('',(0.866025403784439,0.5,0.));
#1774=DIRECTION('',(0.5,-0.866025403784439,0.));
#1775=DIRECTION('',(0.,0.,-1.));
#1776=DIRECTION('',(0.43301270189222,0.25,-0.866025403784439));
#1777=DIRECTION('',(0.75,0.433012701892219,0.5));
#1778=DIRECTION('',(0.600263716096395,0.636768944675928,0.483951218858318));
#1779=DIRECTION('',(0.5,-0.866025403784439,0.));
#1780=DIRECTION('',(0.75,0.433012701892219,0.5));
#1781=DIRECTION('',(0.5,-0.866025403784439,0.));
#1782=DIRECTION('',(0.866025403784439,0.5,0.));
#1783=DIRECTION('',(0.,0.,1.));
#1784=DIRECTION('',(0.,0.,1.));
#1785=DIRECTION('',(0.5,-0.866025403784439,0.));
#1786=DIRECTION('',(0.,0.,1.));
#1787=DIRECTION('',(0.43301270189222,0.25,0.866025403784438));
#1788=DIRECTION('',(-0.75,-0.433012701892219,0.5));
#1789=DIRECTION('',(-0.600263716096394,-0.636768944675928,0.483951218858319));
#1790=DIRECTION('',(0.5,-0.866025403784439,0.));
#1791=DIRECTION('',(-0.75,-0.433012701892219,0.5));
#1792=DIRECTION('',(-0.43301270189222,-0.25,0.866025403784439));
#1793=DIRECTION('',(-0.75,-0.433012701892219,-0.5));
#1794=DIRECTION('',(-0.600263716096395,-0.636768944675928,-0.483951218858318));
#1795=DIRECTION('',(0.5,-0.866025403784439,0.));
#1796=DIRECTION('',(-0.75,-0.433012701892219,-0.5));
#1797=DIRECTION('',(-0.866025403784439,-0.5,0.));
#1798=DIRECTION('',(0.,0.,-1.));
#1799=DIRECTION('',(0.,0.,-1.));
#1800=DIRECTION('',(0.5,-0.866025403784439,0.));
#1801=DIRECTION('',(0.,0.,-1.));
#1802=DIRECTION('',(-0.43301270189222,-0.25,-0.866025403784438));
#1803=DIRECTION('',(0.75,0.433012701892219,-0.5));
#1804=DIRECTION('',(0.600263716096395,0.636768944675928,-0.483951218858318));
#1805=DIRECTION('',(0.75,0.433012701892219,-0.5));
#1806=DIRECTION('',(0.5,-0.866025403784439,0.));
#1807=DIRECTION('',(0.866025403784439,0.5,0.));
#1808=DIRECTION('',(0.5,-0.866025403784439,0.));
#1809=DIRECTION('',(0.,0.,-1.));
#1810=DIRECTION('',(-0.5,0.866025403784439,0.));
#1811=DIRECTION('',(0.,0.,1.));
#1812=DIRECTION('',(-0.5,0.866025403784439,0.));
#1813=DIRECTION('',(0.,0.,-1.));
#1814=DIRECTION('',(0.230214045559271,-0.973140017277696,0.));
#1815=DIRECTION('',(-0.973140017277696,-0.230214045559271,0.));
#1816=DIRECTION('',(0.5,-0.866025403784439,0.));
#1817=DIRECTION('',(0.866025403784439,0.5,0.));
#1818=DIRECTION('',(-0.5,0.866025403784439,0.));
#1819=DIRECTION('',(0.,0.,-1.));
#1820=DIRECTION('',(-0.5,0.866025403784439,0.));
#1821=DIRECTION('',(0.,0.,1.));
#1822=DIRECTION('',(0.5,-0.866025403784439,0.));
#1823=DIRECTION('',(0.,0.,-1.));
#1824=DIRECTION('',(0.230214045559271,-0.973140017277696,0.));
#1825=DIRECTION('',(-0.973140017277696,-0.230214045559271,0.));
#1826=DIRECTION('',(0.5,-0.866025403784439,0.));
#1827=DIRECTION('',(0.866025403784439,0.5,0.));
#1828=DIRECTION('',(0.5,-0.866025403784439,0.));
#1829=DIRECTION('',(0.,0.,-1.));
#1830=DIRECTION('',(0.5,-0.866025403784439,0.));
#1831=DIRECTION('',(0.,0.,-1.));
#1832=DIRECTION('',(0.5,-0.866025403784439,0.));
#1833=DIRECTION('',(0.,0.,-1.));
#1834=DIRECTION('',(0.5,-0.866025403784439,0.));
#1835=DIRECTION('',(0.,0.,-1.));
#1836=DIRECTION('',(0.5,-0.866025403784439,0.));
#1837=DIRECTION('',(0.,0.,-1.));
#1838=DIRECTION('',(0.5,-0.866025403784439,0.));
#1839=DIRECTION('',(0.,0.,-1.));
#1840=DIRECTION('',(-0.5,0.866025403784439,0.));
#1841=DIRECTION('',(0.,0.,1.));
#1842=DIRECTION('',(0.5,-0.866025403784439,0.));
#1843=DIRECTION('',(0.,0.,-1.));
#1844=DIRECTION('',(-0.5,0.866025403784439,0.));
#1845=DIRECTION('',(0.,0.,1.));
#1846=DIRECTION('',(0.957870999181348,0.28719879687653,0.));
#1847=DIRECTION('',(-0.28719879687653,0.957870999181348,0.));
#1848=DIRECTION('',(-0.251326224382165,0.838228099447492,0.483951218858318));
#1849=DIRECTION('',(-0.251326224382165,0.838228099447492,-0.483951218858318));
#1850=DIRECTION('',(0.,0.,-1.));
#1851=DIRECTION('',(0.251326224382165,-0.838228099447492,-0.483951218858318));
#1852=DIRECTION('',(0.251326224382165,-0.838228099447491,0.483951218858319));
#1853=DIRECTION('',(0.,0.,1.));
#1854=DIRECTION('',(0.28719879687653,-0.957870999181348,0.));
#1855=DIRECTION('',(0.,0.,-1.));
#1856=DIRECTION('',(0.28719879687653,-0.957870999181348,0.));
#1857=DIRECTION('',(0.,0.,-1.));
#1858=DIRECTION('',(0.,0.,1.));
#1859=DIRECTION('',(-0.251326224382165,0.838228099447492,0.483951218858318));
#1860=DIRECTION('',(-0.251326224382165,0.838228099447492,-0.483951218858318));
#1861=DIRECTION('',(0.,0.,-1.));
#1862=DIRECTION('',(0.251326224382165,-0.838228099447492,-0.483951218858318));
#1863=DIRECTION('',(0.251326224382165,-0.838228099447492,0.483951218858318));
#1864=DIRECTION('',(1.,0.,0.));
#1865=DIRECTION('',(0.,0.,-1.));
#1866=DIRECTION('',(-1.,0.,0.));
#1867=DIRECTION('',(0.,0.,1.));
#1868=DIRECTION('',(1.,0.,0.));
#1869=DIRECTION('',(0.,0.,-1.));
#1870=DIRECTION('',(1.,0.,0.));
#1871=DIRECTION('',(0.,0.,-1.));
#1872=DIRECTION('',(-1.,0.,0.));
#1873=DIRECTION('',(0.,0.,1.));
#1874=DIRECTION('',(1.,0.,0.));
#1875=DIRECTION('',(0.,0.,-1.));
#1876=DIRECTION('',(0.957870999181348,-0.28719879687653,0.));
#1877=DIRECTION('',(0.28719879687653,0.957870999181348,0.));
#1878=DIRECTION('',(-0.28719879687653,-0.957870999181348,0.));
#1879=DIRECTION('',(0.,0.,-1.));
#1880=DIRECTION('',(-0.28719879687653,-0.957870999181348,0.));
#1881=DIRECTION('',(0.,0.,-1.));
#1882=DIRECTION('',(0.957870999181348,-0.28719879687653,0.));
#1883=DIRECTION('',(-0.28719879687653,-0.957870999181348,0.));
#1884=DIRECTION('',(0.957870999181348,-0.28719879687653,0.));
#1885=DIRECTION('',(-0.28719879687653,-0.957870999181348,0.));
#1886=DIRECTION('',(1.,0.,0.));
#1887=DIRECTION('',(0.,0.,-1.));
#1888=DIRECTION('',(1.,0.,0.));
#1889=DIRECTION('',(0.,0.,-1.));
#1890=DIRECTION('',(0.,-1.,0.));
#1891=DIRECTION('',(0.,0.,-1.));
#1892=DIRECTION('',(0.,-1.,0.));
#1893=DIRECTION('',(0.,0.,-1.));
#1894=DIRECTION('',(1.,0.,0.));
#1895=DIRECTION('',(0.,0.,-1.));
#1896=DIRECTION('',(-1.,0.,0.));
#1897=DIRECTION('',(0.,0.,1.));
#1898=DIRECTION('',(0.,1.,0.));
#1899=DIRECTION('',(0.,0.,-1.));
#1900=DIRECTION('',(0.,1.,0.));
#1901=DIRECTION('',(0.,0.,-1.));
#1902=DIRECTION('',(0.,-1.,0.));
#1903=DIRECTION('',(0.,0.,-1.));
#1904=DIRECTION('',(-1.,0.,0.));
#1905=DIRECTION('',(0.,0.,-1.));
#1906=DIRECTION('',(-1.,0.,0.));
#1907=DIRECTION('',(0.866025403784439,-0.5,0.));
#1908=DIRECTION('',(0.5,0.866025403784439,0.));
#1909=DIRECTION('',(-0.5,-0.866025403784439,0.));
#1910=DIRECTION('',(0.,0.,-1.));
#1911=DIRECTION('',(-0.5,-0.866025403784439,0.));
#1912=DIRECTION('',(0.,0.,-1.));
#1913=DIRECTION('',(-0.5,-0.866025403784439,0.));
#1914=DIRECTION('',(0.866025403784439,-0.5,0.));
#1915=DIRECTION('',(-0.866025403784439,0.5,0.));
#1916=DIRECTION('',(0.,0.,-1.));
#1917=DIRECTION('',(-0.866025403784439,0.5,0.));
#1918=DIRECTION('',(0.,0.,-1.));
#1919=DIRECTION('',(0.866025403784439,-0.5,0.));
#1920=DIRECTION('',(0.5,0.866025403784439,0.));
#1921=DIRECTION('',(-0.5,-0.866025403784439,0.));
#1922=DIRECTION('',(0.,0.,-1.));
#1923=DIRECTION('',(-0.5,-0.866025403784439,0.));
#1924=DIRECTION('',(0.,0.,-1.));
#1925=DIRECTION('',(0.727656953622076,-0.685941220401165,0.));
#1926=DIRECTION('',(0.685941220401165,0.727656953622076,0.));
#1927=DIRECTION('',(-0.685941220401165,-0.727656953622076,0.));
#1928=DIRECTION('',(0.,0.,-1.));
#1929=DIRECTION('',(-0.685941220401165,-0.727656953622076,0.));
#1930=DIRECTION('',(0.,0.,-1.));
#1931=DIRECTION('',(0.866025403784439,0.5,0.));
#1932=DIRECTION('',(-0.5,0.866025403784439,0.));
#1933=DIRECTION('',(0.5,-0.866025403784439,0.));
#1934=DIRECTION('',(0.,0.,-1.));
#1935=DIRECTION('',(0.5,-0.866025403784439,0.));
#1936=DIRECTION('',(0.,0.,-1.));
#1937=DIRECTION('',(-0.5,0.866025403784439,0.));
#1938=DIRECTION('',(-0.866025403784439,-0.5,0.));
#1939=DIRECTION('',(0.866025403784439,0.5,0.));
#1940=DIRECTION('',(0.,0.,-1.));
#1941=DIRECTION('',(0.866025403784439,0.5,0.));
#1942=DIRECTION('',(0.866025403784439,0.5,0.));
#1943=DIRECTION('',(-0.5,0.866025403784439,0.));
#1944=DIRECTION('',(0.5,-0.866025403784439,0.));
#1945=DIRECTION('',(0.,0.,-1.));
#1946=DIRECTION('',(0.5,-0.866025403784439,0.));
#1947=DIRECTION('',(0.,0.,-1.));
#1948=DIRECTION('',(0.5,-0.866025403784439,0.));
#1949=DIRECTION('',(0.866025403784439,0.5,0.));
#1950=DIRECTION('',(-0.866025403784439,-0.5,0.));
#1951=DIRECTION('',(0.,0.,-1.));
#1952=DIRECTION('',(-0.866025403784439,-0.5,0.));
#1953=DIRECTION('',(0.,0.,-1.));
#1954=DIRECTION('',(-0.866025403784439,-0.5,0.));
#1955=DIRECTION('',(0.5,-0.866025403784439,0.));
#1956=DIRECTION('',(-0.5,0.866025403784439,0.));
#1957=DIRECTION('',(0.,0.,-1.));
#1958=DIRECTION('',(-0.5,0.866025403784439,0.));
#1959=DIRECTION('',(0.230214045559272,-0.973140017277695,0.));
#1960=DIRECTION('',(0.973140017277696,0.230214045559272,0.));
#1961=DIRECTION('',(-0.973140017277696,-0.230214045559272,0.));
#1962=DIRECTION('',(0.,0.,-1.));
#1963=DIRECTION('',(-0.973140017277696,-0.230214045559272,0.));
#1964=DIRECTION('',(0.,1.,0.));
#1965=DIRECTION('',(0.,0.,1.));
#1966=DIRECTION('',(1.,0.,0.));
#1967=DIRECTION('',(1.,0.,0.));
#1968=DIRECTION('',(0.,0.,-1.));
#1969=DIRECTION('',(-1.,0.,0.));
#1970=DIRECTION('',(0.,0.,1.));
#1971=DIRECTION('',(1.,0.,0.));
#1972=DIRECTION('',(0.,0.,1.));
#1973=DIRECTION('',(1.,0.,0.));
#1974=DIRECTION('',(0.,1.,0.));
#1975=DIRECTION('',(0.,0.,1.));
#1976=DIRECTION('',(1.,0.,0.));
#1977=DIRECTION('',(0.,0.,-1.));
#1978=DIRECTION('',(1.,0.,0.));
#1979=DIRECTION('',(0.,0.,-1.));
#1980=DIRECTION('',(0.,0.,-1.));
#1981=DIRECTION('',(-1.,0.,0.));
#1982=DIRECTION('',(0.,0.,1.));
#1983=DIRECTION('',(1.,0.,0.));
#1984=DIRECTION('',(0.,0.,1.));
#1985=DIRECTION('',(1.,0.,0.));
#1986=DIRECTION('',(0.,0.,1.));
#1987=DIRECTION('',(1.,0.,0.));
#1988=DIRECTION('',(0.,0.,1.));
#1989=DIRECTION('',(1.,0.,0.));
#1990=DIRECTION('',(0.,0.,1.));
#1991=DIRECTION('',(1.,0.,0.));
#1992=DIRECTION('',(0.,0.,1.));
#1993=DIRECTION('',(1.,0.,0.));
#1994=DIRECTION('',(0.,0.,1.));
#1995=DIRECTION('',(1.,0.,0.));
#1996=DIRECTION('',(0.,0.,1.));
#1997=DIRECTION('',(1.,0.,0.));
#1998=DIRECTION('',(0.,0.,1.));
#1999=DIRECTION('',(1.,0.,0.));
#2000=DIRECTION('',(0.,0.,1.));
#2001=DIRECTION('',(1.,0.,0.));
#2002=DIRECTION('',(0.,0.,1.));
#2003=DIRECTION('',(1.,0.,0.));
#2004=DIRECTION('',(0.,0.,1.));
#2005=DIRECTION('',(1.,0.,0.));
#2006=DIRECTION('',(0.,0.,1.));
#2007=DIRECTION('',(1.,0.,0.));
#2008=DIRECTION('',(0.,0.,1.));
#2009=DIRECTION('',(1.,0.,0.));
#2010=DIRECTION('',(0.,0.,1.));
#2011=DIRECTION('',(1.,0.,0.));
#2012=DIRECTION('',(0.,0.,1.));
#2013=DIRECTION('',(1.,0.,0.));
#2014=DIRECTION('',(0.,0.,1.));
#2015=DIRECTION('',(1.,0.,0.));
#2016=DIRECTION('',(0.,0.,1.));
#2017=DIRECTION('',(1.,0.,0.));
#2018=DIRECTION('',(0.,0.,1.));
#2019=DIRECTION('',(1.,0.,0.));
#2020=DIRECTION('',(0.,0.,1.));
#2021=DIRECTION('',(1.,0.,0.));
#2022=DIRECTION('',(0.,0.,1.));
#2023=DIRECTION('',(1.,0.,0.));
#2024=DIRECTION('',(0.,0.,1.));
#2025=DIRECTION('',(1.,0.,0.));
#2026=DIRECTION('',(0.,0.,1.));
#2027=DIRECTION('',(1.,0.,0.));
#2028=DIRECTION('',(0.,0.,1.));
#2029=DIRECTION('',(1.,0.,0.));
#2030=DIRECTION('',(0.,0.,1.));
#2031=DIRECTION('',(1.,0.,0.));
#2032=DIRECTION('',(0.,0.,1.));
#2033=DIRECTION('',(1.,0.,0.));
#2034=DIRECTION('',(0.,0.,1.));
#2035=DIRECTION('',(1.,0.,0.));
#2036=DIRECTION('',(0.,0.,1.));
#2037=DIRECTION('',(1.,0.,0.));
#2038=DIRECTION('',(0.,0.,1.));
#2039=DIRECTION('',(1.,0.,0.));
#2040=DIRECTION('',(0.,0.,1.));
#2041=DIRECTION('',(1.,0.,0.));
#2042=DIRECTION('',(0.,0.,1.));
#2043=DIRECTION('',(1.,0.,0.));
#2044=DIRECTION('',(0.,0.,1.));
#2045=DIRECTION('',(1.,0.,0.));
#2046=DIRECTION('',(0.,0.,1.));
#2047=DIRECTION('',(1.,0.,0.));
#2048=DIRECTION('',(0.,0.,1.));
#2049=DIRECTION('',(1.,0.,0.));
#2050=DIRECTION('',(0.,0.,1.));
#2051=DIRECTION('',(1.,0.,0.));
#2052=DIRECTION('',(0.,0.,1.));
#2053=DIRECTION('',(1.,0.,0.));
#2054=DIRECTION('',(0.,0.,1.));
#2055=DIRECTION('',(1.,0.,0.));
#2056=DIRECTION('',(0.,0.,1.));
#2057=DIRECTION('',(1.,0.,0.));
#2058=DIRECTION('',(0.,0.,1.));
#2059=DIRECTION('',(1.,0.,0.));
#2060=DIRECTION('',(0.,0.,1.));
#2061=DIRECTION('',(1.,0.,0.));
#2062=DIRECTION('',(0.,0.,1.));
#2063=DIRECTION('',(1.,0.,0.));
#2064=DIRECTION('',(0.,0.,1.));
#2065=DIRECTION('',(1.,0.,0.));
#2066=DIRECTION('',(0.,0.,1.));
#2067=DIRECTION('',(1.,0.,0.));
#2068=DIRECTION('',(0.,0.,1.));
#2069=DIRECTION('',(1.,0.,0.));
#2070=DIRECTION('',(0.,0.,1.));
#2071=DIRECTION('',(1.,0.,0.));
#2072=DIRECTION('',(0.,0.,1.));
#2073=DIRECTION('',(0.,0.,1.));
#2074=DIRECTION('',(0.,0.,1.));
#2075=DIRECTION('',(1.,0.,0.));
#2076=DIRECTION('',(0.,0.,1.));
#2077=DIRECTION('',(0.,0.,1.));
#2078=DIRECTION('',(0.,0.,1.));
#2079=DIRECTION('',(1.,0.,0.));
#2080=DIRECTION('',(0.,0.,1.));
#2081=DIRECTION('',(0.,0.,1.));
#2082=DIRECTION('',(0.,0.,1.));
#2083=DIRECTION('',(1.,0.,0.));
#2084=DIRECTION('',(0.,0.,1.));
#2085=DIRECTION('',(0.,0.,1.));
#2086=DIRECTION('',(0.,0.,1.));
#2087=DIRECTION('',(1.,0.,0.));
#2088=DIRECTION('',(0.,0.,1.));
#2089=DIRECTION('',(1.,0.,0.));
#2090=DIRECTION('',(0.,0.,1.));
#2091=DIRECTION('',(1.,0.,0.));
#2092=DIRECTION('',(0.,0.,1.));
#2093=DIRECTION('',(1.,0.,0.));
#2094=DIRECTION('',(0.,0.,1.));
#2095=DIRECTION('',(1.,0.,0.));
#2096=DIRECTION('',(0.,0.,1.));
#2097=DIRECTION('',(1.,0.,0.));
#2098=DIRECTION('',(0.,0.,1.));
#2099=DIRECTION('',(1.,0.,0.));
#2100=DIRECTION('',(0.,0.,1.));
#2101=DIRECTION('',(1.,0.,0.));
#2102=DIRECTION('',(0.,0.,1.));
#2103=DIRECTION('',(1.,0.,0.));
#2104=DIRECTION('',(0.,0.,1.));
#2105=DIRECTION('',(1.,0.,0.));
#2106=DIRECTION('',(0.,0.,-1.));
#2107=DIRECTION('',(-1.,0.,0.));
#2108=DIRECTION('',(0.,0.,-1.));
#2109=DIRECTION('',(-1.,0.,0.));
#2110=DIRECTION('',(0.,0.,1.));
#2111=DIRECTION('',(1.,0.,0.));
#2112=DIRECTION('',(0.,0.,-1.));
#2113=DIRECTION('',(-1.,0.,0.));
#2114=DIRECTION('',(1.,0.,0.));
#2115=DIRECTION('',(0.,0.,-1.));
#2116=DIRECTION('',(-1.,0.,0.));
#2117=DIRECTION('',(0.,0.,-1.));
#2118=DIRECTION('',(1.,0.,0.));
#2119=DIRECTION('',(0.,0.,-1.));
#2120=DIRECTION('',(1.,0.,0.));
#2121=DIRECTION('',(0.,0.,-1.));
#2122=DIRECTION('',(-1.,0.,0.));
#2123=DIRECTION('',(0.,0.,1.));
#2124=DIRECTION('',(1.,0.,0.));
#2125=DIRECTION('',(0.,0.,-1.));
#2126=DIRECTION('',(1.,0.,0.));
#2127=DIRECTION('',(0.,1.,0.));
#2128=DIRECTION('',(-1.,0.,0.));
#2129=DIRECTION('',(0.,0.,1.));
#2130=DIRECTION('',(-1.,0.,0.));
#2131=DIRECTION('',(0.,0.,-1.));
#2132=DIRECTION('',(1.,0.,0.));
#2133=DIRECTION('',(0.,1.,0.));
#2134=DIRECTION('',(0.,0.5,-0.866025403784439));
#2135=DIRECTION('',(0.,0.866025403784439,0.5));
#2136=DIRECTION('',(1.,0.,0.));
#2137=DIRECTION('',(0.,0.866025403784439,0.5));
#2138=DIRECTION('',(1.,0.,0.));
#2139=DIRECTION('',(0.,1.,0.));
#2140=DIRECTION('',(0.,0.,1.));
#2141=DIRECTION('',(1.,0.,0.));
#2142=DIRECTION('',(0.,0.,1.));
#2143=DIRECTION('',(0.,0.5,0.866025403784438));
#2144=DIRECTION('',(0.,-0.866025403784438,0.5));
#2145=DIRECTION('',(1.,0.,0.));
#2146=DIRECTION('',(0.,-0.866025403784438,0.5));
#2147=DIRECTION('',(0.,-0.5,0.866025403784439));
#2148=DIRECTION('',(0.,-0.866025403784439,-0.5));
#2149=DIRECTION('',(1.,0.,0.));
#2150=DIRECTION('',(0.,-0.866025403784439,-0.5));
#2151=DIRECTION('',(0.,-1.,0.));
#2152=DIRECTION('',(0.,0.,-1.));
#2153=DIRECTION('',(1.,0.,0.));
#2154=DIRECTION('',(0.,0.,-1.));
#2155=DIRECTION('',(0.,-0.5,-0.866025403784438));
#2156=DIRECTION('',(0.,0.866025403784439,-0.5));
#2157=DIRECTION('',(0.,0.866025403784439,-0.5));
#2158=DIRECTION('',(1.,0.,0.));
#2159=DIRECTION('',(0.,1.,0.));
#2160=DIRECTION('',(0.,0.5,-0.866025403784438));
#2161=DIRECTION('',(0.,0.866025403784439,0.5));
#2162=DIRECTION('',(1.,0.,0.));
#2163=DIRECTION('',(0.,0.866025403784439,0.5));
#2164=DIRECTION('',(1.,0.,0.));
#2165=DIRECTION('',(0.,1.,0.));
#2166=DIRECTION('',(0.,0.,1.));
#2167=DIRECTION('',(1.,0.,0.));
#2168=DIRECTION('',(0.,0.,1.));
#2169=DIRECTION('',(0.,0.5,0.866025403784439));
#2170=DIRECTION('',(0.,-0.866025403784439,0.5));
#2171=DIRECTION('',(1.,0.,0.));
#2172=DIRECTION('',(0.,-0.866025403784439,0.5));
#2173=DIRECTION('',(0.,-0.5,0.866025403784439));
#2174=DIRECTION('',(0.,-0.866025403784439,-0.5));
#2175=DIRECTION('',(1.,0.,0.));
#2176=DIRECTION('',(0.,-0.866025403784439,-0.5));
#2177=DIRECTION('',(0.,-1.,0.));
#2178=DIRECTION('',(0.,0.,-1.));
#2179=DIRECTION('',(1.,0.,0.));
#2180=DIRECTION('',(0.,0.,-1.));
#2181=DIRECTION('',(0.,-0.5,-0.866025403784439));
#2182=DIRECTION('',(0.,0.866025403784439,-0.5));
#2183=DIRECTION('',(0.,0.866025403784439,-0.5));
#2184=DIRECTION('',(1.,0.,0.));
#2185=DIRECTION('',(0.,1.,0.));
#2186=DIRECTION('',(0.,0.,-1.));
#2187=DIRECTION('',(-1.,0.,0.));
#2188=DIRECTION('',(0.,0.,1.));
#2189=DIRECTION('',(1.,0.,0.));
#2190=CARTESIAN_POINT('',(0.,0.,0.));
#2191=CARTESIAN_POINT('',(0.0171080725103905,0.00756794919243111,0.00742487113059642));
#2192=CARTESIAN_POINT('',(0.0158956369450923,0.00686794919243111,0.00661658075373095));
#2193=CARTESIAN_POINT('',(0.0158956369450923,0.00686794919243111,0.00661658075373095));
#2194=CARTESIAN_POINT('',(0.0170649753098364,0.00484259573345491,0.00661658075373095));
#2195=CARTESIAN_POINT('',(0.0171080725103905,0.00756794919243111,0.00742487113059642));
#2196=CARTESIAN_POINT('',(0.0183205080756888,0.00826794919243111,0.00823316150746191));
#2197=CARTESIAN_POINT('',(0.0183205080756888,0.00826794919243111,0.00823316150746191));
#2198=CARTESIAN_POINT('',(0.0190700839505247,0.00696964569308739,0.00823316150746191));
#2199=CARTESIAN_POINT('',(0.0213436522159808,0.00938148173484915,0.0100661827341661));
#2200=CARTESIAN_POINT('',(0.0158956369450923,0.00686794919243111,0.005));
#2201=CARTESIAN_POINT('',(0.0158956369450923,0.00686794919243111,0.00338341924626905));
#2202=CARTESIAN_POINT('',(0.0158956369450923,0.00686794919243111,0.00338341924626905));
#2203=CARTESIAN_POINT('',(0.0170649753098364,0.0048425957334549,0.00338341924626905));
#2204=CARTESIAN_POINT('',(0.0158956369450923,0.00686794919243111,0.005));
#2205=CARTESIAN_POINT('',(0.0170649753098364,0.00484259573345491,0.02));
#2206=CARTESIAN_POINT('',(0.0171080725103905,0.00756794919243111,0.00257512886940357));
#2207=CARTESIAN_POINT('',(0.0183205080756888,0.00826794919243111,0.00176683849253809));
#2208=CARTESIAN_POINT('',(0.0183205080756888,0.00826794919243111,0.00176683849253809));
#2209=CARTESIAN_POINT('',(0.0190700839505247,0.00696964569308739,0.00176683849253809));
#2210=CARTESIAN_POINT('',(0.0171080725103905,0.00756794919243111,0.00257512886940357));
#2211=CARTESIAN_POINT('',(0.0126287015047426,0.00013652852763794,0.00696008073286741));
#2212=CARTESIAN_POINT('',(0.019532943640987,0.00896794919243111,0.00257512886940357));
#2213=CARTESIAN_POINT('',(0.0207453792062852,0.0096679491924311,0.00338341924626905));
#2214=CARTESIAN_POINT('',(0.0207453792062852,0.0096679491924311,0.00338341924626905));
#2215=CARTESIAN_POINT('',(0.021075192591213,0.00909669565271987,0.00338341924626905));
#2216=CARTESIAN_POINT('',(0.019532943640987,0.00896794919243111,0.00257512886940357));
#2217=CARTESIAN_POINT('',(0.0232221084279143,0.0113741768580386,0.00511432935810223));
#2218=CARTESIAN_POINT('',(0.0207453792062852,0.0096679491924311,0.005));
#2219=CARTESIAN_POINT('',(0.0207453792062852,0.0096679491924311,0.00661658075373095));
#2220=CARTESIAN_POINT('',(0.0207453792062852,0.0096679491924311,0.00661658075373095));
#2221=CARTESIAN_POINT('',(0.021075192591213,0.00909669565271987,0.00661658075373095));
#2222=CARTESIAN_POINT('',(0.0207453792062852,0.0096679491924311,0.005));
#2223=CARTESIAN_POINT('',(0.021075192591213,0.00909669565271987,0.02));
#2224=CARTESIAN_POINT('',(0.019532943640987,0.00896794919243111,0.00742487113059643));
#2225=CARTESIAN_POINT('',(0.019532943640987,0.00896794919243111,0.00742487113059643));
#2226=CARTESIAN_POINT('',(0.0145071577166761,0.00212922365082739,0.0119119341089313));
#2227=CARTESIAN_POINT('',(0.0183205080756888,0.00826794919243111,0.01));
#2228=CARTESIAN_POINT('',(0.0183205080756888,0.00826794919243111,0.005));
#2229=CARTESIAN_POINT('',(0.0183205080756888,0.00826794919243111,0.003375));
#2230=CARTESIAN_POINT('',(0.019532943640987,0.00896794919243111,0.0125751288694036));
#2231=CARTESIAN_POINT('',(0.0203171248575016,0.0082925257889682,0.0127722415357577));
#2232=CARTESIAN_POINT('',(0.0190700839505247,0.00696964569308739,0.0117668384925381));
#2233=CARTESIAN_POINT('',(0.021075192591213,0.00909669565271987,0.013383419246269));
#2234=CARTESIAN_POINT('',(0.0207453792062852,0.0096679491924311,0.013383419246269));
#2235=CARTESIAN_POINT('',(0.0207453792062852,0.0096679491924311,0.013383419246269));
#2236=CARTESIAN_POINT('',(0.019532943640987,0.00896794919243111,0.0125751288694036));
#2237=CARTESIAN_POINT('',(0.0183205080756888,0.00826794919243111,0.0117668384925381));
#2238=CARTESIAN_POINT('',(0.0183205080756888,0.00826794919243111,0.0117668384925381));
#2239=CARTESIAN_POINT('',(0.0207453792062852,0.0096679491924311,0.015));
#2240=CARTESIAN_POINT('',(0.021075192591213,0.00909669565271987,0.02));
#2241=CARTESIAN_POINT('',(0.021075192591213,0.00909669565271987,0.0166165807537309));
#2242=CARTESIAN_POINT('',(0.0207453792062852,0.0096679491924311,0.0166165807537309));
#2243=CARTESIAN_POINT('',(0.0207453792062852,0.0096679491924311,0.0166165807537309));
#2244=CARTESIAN_POINT('',(0.0207453792062852,0.0096679491924311,0.015));
#2245=CARTESIAN_POINT('',(0.019532943640987,0.00896794919243111,0.0174248711305964));
#2246=CARTESIAN_POINT('',(0.0174121412870889,0.00521087471989779,0.0195698462865868));
#2247=CARTESIAN_POINT('',(0.0190700839505247,0.00696964569308739,0.0182331615074619));
#2248=CARTESIAN_POINT('',(0.0183205080756888,0.00826794919243111,0.0182331615074619));
#2249=CARTESIAN_POINT('',(0.0183205080756888,0.00826794919243111,0.0182331615074619));
#2250=CARTESIAN_POINT('',(0.019532943640987,0.00896794919243111,0.0174248711305964));
#2251=CARTESIAN_POINT('',(0.0171080725103905,0.00756794919243111,0.0174248711305964));
#2252=CARTESIAN_POINT('',(0.018438668645568,0.00629983066577874,0.0177240949118216));
#2253=CARTESIAN_POINT('',(0.0170649753098364,0.00484259573345491,0.0166165807537309));
#2254=CARTESIAN_POINT('',(0.0158956369450923,0.00686794919243111,0.0166165807537309));
#2255=CARTESIAN_POINT('',(0.0158956369450923,0.00686794919243111,0.0166165807537309));
#2256=CARTESIAN_POINT('',(0.0171080725103905,0.00756794919243111,0.0174248711305964));
#2257=CARTESIAN_POINT('',(0.0158956369450923,0.00686794919243111,0.015));
#2258=CARTESIAN_POINT('',(0.0170649753098364,0.00484259573345491,0.02));
#2259=CARTESIAN_POINT('',(0.0170649753098364,0.00484259573345491,0.0133834192462691));
#2260=CARTESIAN_POINT('',(0.0158956369450923,0.00686794919243111,0.0133834192462691));
#2261=CARTESIAN_POINT('',(0.0158956369450923,0.00686794919243111,0.0133834192462691));
#2262=CARTESIAN_POINT('',(0.0158956369450923,0.00686794919243111,0.015));
#2263=CARTESIAN_POINT('',(0.0171080725103905,0.00756794919243111,0.0125751288694036));
#2264=CARTESIAN_POINT('',(0.0155336850751553,0.00321817959670834,0.0146179929105229));
#2265=CARTESIAN_POINT('',(0.0171080725103905,0.00756794919243111,0.0125751288694036));
#2266=CARTESIAN_POINT('',(0.0183205080756888,0.00826794919243111,0.01));
#2267=CARTESIAN_POINT('',(0.0183205080756888,0.00826794919243111,0.015));
#2268=CARTESIAN_POINT('',(0.0183205080756888,0.00826794919243111,0.013375));
#2269=CARTESIAN_POINT('',(0.0163205080756888,0.0117320508075689,0.005));
#2270=CARTESIAN_POINT('',(0.0163205080756888,0.0117320508075689,0.005));
#2271=CARTESIAN_POINT('',(0.0163205080756888,0.0117320508075689,0.002));
#2272=CARTESIAN_POINT('',(0.0155709322008529,0.0130303543069126,0.005));
#2273=CARTESIAN_POINT('',(0.012523110464598,0.0123093364065188,0.005));
#2274=CARTESIAN_POINT('',(0.0130617993001164,0.00985063441878154,0.01));
#2275=CARTESIAN_POINT('',(0.0163205080756888,0.0117320508075689,0.005));
#2276=CARTESIAN_POINT('',(0.0163205080756888,0.0117320508075689,0.003375));
#2277=CARTESIAN_POINT('',(0.0163205080756888,0.0117320508075689,0.015));
#2278=CARTESIAN_POINT('',(0.0163205080756888,0.0117320508075689,0.015));
#2279=CARTESIAN_POINT('',(0.0163205080756888,0.0117320508075689,0.012));
#2280=CARTESIAN_POINT('',(0.0155709322008529,0.0130303543069126,0.015));
#2281=CARTESIAN_POINT('',(0.012523110464598,0.0123093364065188,0.015));
#2282=CARTESIAN_POINT('',(0.0130617993001164,0.00985063441878154,0.01));
#2283=CARTESIAN_POINT('',(0.0163205080756888,0.0117320508075689,0.015));
#2284=CARTESIAN_POINT('',(0.0163205080756888,0.0117320508075689,0.013375));
#2285=CARTESIAN_POINT('',(0.0110705080756888,0.0208253175473055,0.015));
#2286=CARTESIAN_POINT('',(0.0168205080756888,0.0108660254037844,0.015));
#2287=CARTESIAN_POINT('',(0.0168205080756888,0.0108660254037844,0.013375));
#2288=CARTESIAN_POINT('',(0.0110705080756888,0.0208253175473055,0.005));
#2289=CARTESIAN_POINT('',(0.0168205080756888,0.0108660254037844,0.005));
#2290=CARTESIAN_POINT('',(0.0168205080756888,0.0108660254037844,0.003375));
#2291=CARTESIAN_POINT('',(0.0110705080756888,0.0208253175473055,0.005));
#2292=CARTESIAN_POINT('',(0.0178205080756888,0.00913397459621555,0.005));
#2293=CARTESIAN_POINT('',(0.0178205080756888,0.00913397459621555,0.006625));
#2294=CARTESIAN_POINT('',(0.0110705080756888,0.0208253175473055,0.015));
#2295=CARTESIAN_POINT('',(0.0178205080756888,0.00913397459621555,0.015));
#2296=CARTESIAN_POINT('',(0.0178205080756888,0.00913397459621555,0.016625));
#2297=CARTESIAN_POINT('',(0.004125,0.0179126587736528,0.02));
#2298=CARTESIAN_POINT('',(0.00297702443396671,0.0217414091529408,0.0127722415357577));
#2299=CARTESIAN_POINT('',(0.00349915174967186,0.02,0.0117668384925381));
#2300=CARTESIAN_POINT('',(0.00265962676985562,0.0228,0.013383419246269));
#2301=CARTESIAN_POINT('',(0.00497981725288745,0.0150616556878258,0.0146179929105229));
#2302=CARTESIAN_POINT('',(0.0043386767294881,0.0172,0.0133834192462691));
#2303=CARTESIAN_POINT('',(0.0043386767294881,0.0172,0.02));
#2304=CARTESIAN_POINT('',(0.0043386767294881,0.0172,0.0166165807537309));
#2305=CARTESIAN_POINT('',(0.00376352092667937,0.0191182707919149,0.0177240949118216));
#2306=CARTESIAN_POINT('',(0.00349915174967186,0.02,0.0182331615074619));
#2307=CARTESIAN_POINT('',(0.0041933207601748,0.0176847940488517,0.0195698462865868));
#2308=CARTESIAN_POINT('',(0.00265962676985562,0.0228,0.0166165807537309));
#2309=CARTESIAN_POINT('',(0.00265962676985562,0.0228,0.02));
#2310=CARTESIAN_POINT('',(0.004125,0.0179126587736528,0.02));
#2311=CARTESIAN_POINT('',(0.002,0.025,0.02));
#2312=CARTESIAN_POINT('',(0.00597926597863648,0.0117282749077688,0.02));
#2313=CARTESIAN_POINT('',(0.00597926597863648,0.0117282749077688,0.02));
#2314=CARTESIAN_POINT('',(0.00597926597863648,0.0117282749077688,0.));
#2315=CARTESIAN_POINT('',(0.004125,0.0179126587736528,0.));
#2316=CARTESIAN_POINT('',(0.002,0.025,0.));
#2317=CARTESIAN_POINT('',(0.002,0.025,0.02));
#2318=CARTESIAN_POINT('',(0.0043386767294881,0.0172,0.02));
#2319=CARTESIAN_POINT('',(0.0043386767294881,0.0172,0.00338341924626905));
#2320=CARTESIAN_POINT('',(0.0043386767294881,0.0172,0.00661658075373095));
#2321=CARTESIAN_POINT('',(0.00254722460047129,0.023174885896004,0.0100661827341661));
#2322=CARTESIAN_POINT('',(0.00349915174967186,0.02,0.00823316150746191));
#2323=CARTESIAN_POINT('',(0.00540961708638287,0.0136281789447626,0.0119119341089313));
#2324=CARTESIAN_POINT('',(0.00265962676985562,0.0228,0.00661658075373095));
#2325=CARTESIAN_POINT('',(0.00265962676985562,0.0228,0.02));
#2326=CARTESIAN_POINT('',(0.00265962676985562,0.0228,0.00338341924626905));
#2327=CARTESIAN_POINT('',(0.00176072810775863,0.0257980242570298,0.00511432935810223));
#2328=CARTESIAN_POINT('',(0.00349915174967186,0.02,0.00176683849253809));
#2329=CARTESIAN_POINT('',(0.00619611357909553,0.0110050405837368,0.00696008073286741));
#2330=CARTESIAN_POINT('',(-0.0125,0.02,0.005));
#2331=CARTESIAN_POINT('',(0.001,0.02,0.005));
#2332=CARTESIAN_POINT('',(0.001,0.02,0.006625));
#2333=CARTESIAN_POINT('',(0.002,0.02,0.005));
#2334=CARTESIAN_POINT('',(0.002,0.02,0.003375));
#2335=CARTESIAN_POINT('',(-0.0125,0.02,0.015));
#2336=CARTESIAN_POINT('',(0.001,0.02,0.015));
#2337=CARTESIAN_POINT('',(0.001,0.02,0.016625));
#2338=CARTESIAN_POINT('',(0.002,0.02,0.015));
#2339=CARTESIAN_POINT('',(0.002,0.02,0.013375));
#2340=CARTESIAN_POINT('',(-0.004125,0.0179126587736528,0.02));
#2341=CARTESIAN_POINT('',(-0.004125,0.0179126587736528,0.));
#2342=CARTESIAN_POINT('',(-0.00221371943416615,0.0242871987968765,0.));
#2343=CARTESIAN_POINT('',(-0.00621649138108307,0.0109370761432057,0.));
#2344=CARTESIAN_POINT('',(-0.00621649138108307,0.0109370761432057,0.02));
#2345=CARTESIAN_POINT('',(-0.00621649138108307,0.0109370761432057,0.02));
#2346=CARTESIAN_POINT('',(-0.004125,0.0179126587736528,0.02));
#2347=CARTESIAN_POINT('',(-0.00221371943416615,0.0242871987968765,0.02));
#2348=CARTESIAN_POINT('',(-0.00221371943416615,0.0242871987968765,0.02));
#2349=CARTESIAN_POINT('',(-0.00349915174967186,0.02,0.005));
#2350=CARTESIAN_POINT('',(-0.00439864279947498,0.017,0.005));
#2351=CARTESIAN_POINT('',(-0.00349915174967186,0.02,0.015));
#2352=CARTESIAN_POINT('',(-0.00439864279947498,0.017,0.015));
#2353=CARTESIAN_POINT('',(-0.001,0.0175,0.02));
#2354=CARTESIAN_POINT('',(-0.001,0.02,0.005));
#2355=CARTESIAN_POINT('',(-0.001,0.02,0.003375));
#2356=CARTESIAN_POINT('',(-0.001,0.0175,0.02));
#2357=CARTESIAN_POINT('',(-0.001,0.025,0.02));
#2358=CARTESIAN_POINT('',(-0.001,0.0109219544457293,0.02));
#2359=CARTESIAN_POINT('',(-0.001,0.0109219544457293,0.));
#2360=CARTESIAN_POINT('',(-0.001,0.0109219544457293,0.));
#2361=CARTESIAN_POINT('',(-0.001,0.0175,0.));
#2362=CARTESIAN_POINT('',(-0.001,0.025,0.));
#2363=CARTESIAN_POINT('',(-0.001,0.025,0.02));
#2364=CARTESIAN_POINT('',(-0.001,0.02,0.015));
#2365=CARTESIAN_POINT('',(-0.001,0.02,0.013375));
#2366=CARTESIAN_POINT('',(0.001,0.0175,0.02));
#2367=CARTESIAN_POINT('',(0.001,0.0175,0.));
#2368=CARTESIAN_POINT('',(0.001,0.0109219544457293,0.));
#2369=CARTESIAN_POINT('',(0.001,0.025,0.));
#2370=CARTESIAN_POINT('',(0.001,0.0109219544457293,0.02));
#2371=CARTESIAN_POINT('',(0.001,0.0109219544457293,0.02));
#2372=CARTESIAN_POINT('',(0.001,0.0175,0.02));
#2373=CARTESIAN_POINT('',(0.001,0.025,0.02));
#2374=CARTESIAN_POINT('',(0.001,0.025,0.02));
#2375=CARTESIAN_POINT('',(-0.0015,0.025,0.02));
#2376=CARTESIAN_POINT('',(-0.0015,0.025,0.));
#2377=CARTESIAN_POINT('',(-0.0012558484349848,0.025,0.));
#2378=CARTESIAN_POINT('',(-0.0012558484349848,0.025,0.02));
#2379=CARTESIAN_POINT('',(-0.0012558484349848,0.025,0.02));
#2380=CARTESIAN_POINT('',(-0.0015,0.025,0.02));
#2381=CARTESIAN_POINT('',(-0.0091875,0.0057374183000719,0.02));
#2382=CARTESIAN_POINT('',(-0.0091875,0.0057374183000719,0.));
#2383=CARTESIAN_POINT('',(-0.00630833697647998,0.0107242749400822,0.));
#2384=CARTESIAN_POINT('',(-0.010625,0.00324759526419164,0.));
#2385=CARTESIAN_POINT('',(-0.010625,0.00324759526419164,0.02));
#2386=CARTESIAN_POINT('',(-0.010625,0.00324759526419164,0.02));
#2387=CARTESIAN_POINT('',(-0.0091875,0.0057374183000719,0.02));
#2388=CARTESIAN_POINT('',(-0.00630833697647998,0.0107242749400822,0.02));
#2389=CARTESIAN_POINT('',(-0.00630833697647998,0.0107242749400822,6.93889390390723E-18));
#2390=CARTESIAN_POINT('',(-0.00275,-0.00476313972081441,0.02));
#2391=CARTESIAN_POINT('',(-0.00275,-0.00476313972081441,0.));
#2392=CARTESIAN_POINT('',(0.00402692378864669,-0.00867579849446715,0.));
#2393=CARTESIAN_POINT('',(-0.00952692378864668,-0.000850480947161675,0.));
#2394=CARTESIAN_POINT('',(0.00402692378864669,-0.00867579849446715,0.02));
#2395=CARTESIAN_POINT('',(0.00402692378864669,-0.00867579849446715,0.02));
#2396=CARTESIAN_POINT('',(-0.00275,-0.00476313972081441,0.02));
#2397=CARTESIAN_POINT('',(-0.00952692378864668,-0.000850480947161675,0.02));
#2398=CARTESIAN_POINT('',(-0.00952692378864668,-0.000850480947161675,0.));
#2399=CARTESIAN_POINT('',(0.0095625,-0.00508789924723357,0.02));
#2400=CARTESIAN_POINT('',(0.0095625,-0.00508789924723357,0.02));
#2401=CARTESIAN_POINT('',(0.01244166302352,-0.000101042607223269,0.02));
#2402=CARTESIAN_POINT('',(0.008125,-0.00757772228311383,0.02));
#2403=CARTESIAN_POINT('',(0.008125,-0.00757772228311383,0.02));
#2404=CARTESIAN_POINT('',(0.008125,-0.00757772228311383,0.));
#2405=CARTESIAN_POINT('',(0.0095625,-0.00508789924723357,0.));
#2406=CARTESIAN_POINT('',(0.01244166302352,-0.000101042607223269,0.));
#2407=CARTESIAN_POINT('',(0.01244166302352,-0.000101042607223269,0.02));
#2408=CARTESIAN_POINT('',(0.0175753175473055,0.00538397459621556,0.02));
#2409=CARTESIAN_POINT('',(0.0175753175473055,0.00538397459621556,0.02));
#2410=CARTESIAN_POINT('',(0.022140190861941,0.0102264621315991,0.02));
#2411=CARTESIAN_POINT('',(0.0125800314736824,8.48986131778964E-5,0.02));
#2412=CARTESIAN_POINT('',(0.0125800314736824,8.48986131778968E-5,6.93889390390723E-18));
#2413=CARTESIAN_POINT('',(0.0125800314736824,8.48986131778964E-5,0.));
#2414=CARTESIAN_POINT('',(0.0175753175473055,0.00538397459621556,0.));
#2415=CARTESIAN_POINT('',(0.022140190861941,0.0102264621315991,0.));
#2416=CARTESIAN_POINT('',(0.022140190861941,0.0102264621315991,0.02));
#2417=CARTESIAN_POINT('',(0.022400635094611,0.0112009618943233,0.02));
#2418=CARTESIAN_POINT('',(0.022400635094611,0.0112009618943233,0.02));
#2419=CARTESIAN_POINT('',(0.0221506350946109,0.0116339745962155,0.02));
#2420=CARTESIAN_POINT('',(0.0222785593121033,0.0114124033520002,0.02));
#2421=CARTESIAN_POINT('',(0.0222785593121033,0.0114124033520002,0.02));
#2422=CARTESIAN_POINT('',(0.0222785593121033,0.0114124033520002,0.));
#2423=CARTESIAN_POINT('',(0.022400635094611,0.0112009618943233,0.));
#2424=CARTESIAN_POINT('',(0.0221506350946109,0.0116339745962155,0.));
#2425=CARTESIAN_POINT('',(0.0221506350946109,0.0116339745962155,0.02));
#2426=CARTESIAN_POINT('',(0.0156554445662276,0.00788397459621556,0.02));
#2427=CARTESIAN_POINT('',(0.0156554445662276,0.00788397459621556,0.));
#2428=CARTESIAN_POINT('',(0.00995869000897795,0.0045949518190802,0.));
#2429=CARTESIAN_POINT('',(0.00995869000897795,0.0045949518190802,0.02));
#2430=CARTESIAN_POINT('',(0.00995869000897795,0.0045949518190802,0.02));
#2431=CARTESIAN_POINT('',(0.0156554445662276,0.00788397459621556,0.02));
#2432=CARTESIAN_POINT('',(0.00866025403784438,0.005,0.02));
#2433=CARTESIAN_POINT('',(0.00866025403784438,0.005,0.02));
#2434=CARTESIAN_POINT('',(0.00862123126070903,0.00506758943265088,0.02));
#2435=CARTESIAN_POINT('',(0.00869927681497974,0.00493241056734913,0.02));
#2436=CARTESIAN_POINT('',(0.00869927681497974,0.00493241056734913,0.));
#2437=CARTESIAN_POINT('',(0.00869927681497974,0.00493241056734913,0.));
#2438=CARTESIAN_POINT('',(0.00866025403784438,0.005,0.));
#2439=CARTESIAN_POINT('',(0.00862123126070903,0.00506758943265088,0.));
#2440=CARTESIAN_POINT('',(0.00862123126070903,0.00506758943265088,0.02));
#2441=CARTESIAN_POINT('',(0.0146554445662277,0.00961602540378444,0.02));
#2442=CARTESIAN_POINT('',(0.0146554445662277,0.00961602540378444,0.02));
#2443=CARTESIAN_POINT('',(0.021150635094611,0.0133660254037844,0.02));
#2444=CARTESIAN_POINT('',(0.00895869000897795,0.00632700262664909,0.02));
#2445=CARTESIAN_POINT('',(0.00895869000897795,0.00632700262664909,0.));
#2446=CARTESIAN_POINT('',(0.00895869000897795,0.00632700262664909,0.));
#2447=CARTESIAN_POINT('',(0.0146554445662277,0.00961602540378444,0.));
#2448=CARTESIAN_POINT('',(0.021150635094611,0.0133660254037844,0.));
#2449=CARTESIAN_POINT('',(0.021150635094611,0.0133660254037844,0.02));
#2450=CARTESIAN_POINT('',(0.020900635094611,0.0137990381056766,0.02));
#2451=CARTESIAN_POINT('',(0.020900635094611,0.0137990381056766,0.));
#2452=CARTESIAN_POINT('',(0.020650635094611,0.0142320508075688,0.));
#2453=CARTESIAN_POINT('',(0.020650635094611,0.0142320508075688,0.02));
#2454=CARTESIAN_POINT('',(0.020650635094611,0.0142320508075688,0.02));
#2455=CARTESIAN_POINT('',(0.020900635094611,0.0137990381056766,0.02));
#2456=CARTESIAN_POINT('',(0.0134503175473055,0.0125286841774372,0.02));
#2457=CARTESIAN_POINT('',(0.0134503175473055,0.0125286841774372,0.));
#2458=CARTESIAN_POINT('',(0.0071673510233771,0.0110423336873676,0.));
#2459=CARTESIAN_POINT('',(0.0071673510233771,0.0110423336873676,0.02));
#2460=CARTESIAN_POINT('',(0.0071673510233771,0.0110423336873676,0.02));
#2461=CARTESIAN_POINT('',(0.0134503175473055,0.0125286841774372,0.02));
#2462=CARTESIAN_POINT('',(0.0015,0.025,0.02));
#2463=CARTESIAN_POINT('',(0.0015,0.025,0.));
#2464=CARTESIAN_POINT('',(0.0015,0.025,0.02));
#2465=CARTESIAN_POINT('',(-0.0046875,0.00270632938682637,0.02));
#2466=CARTESIAN_POINT('',(-0.0046875,0.00270632938682637,0.02));
#2467=CARTESIAN_POINT('',(-0.0029375,0.00270632938682637,0.02));
#2468=CARTESIAN_POINT('',(-0.0046875,0.00270632938682637,0.));
#2469=CARTESIAN_POINT('',(-0.0029375,0.00270632938682637,0.));
#2470=CARTESIAN_POINT('',(0.,0.01,0.02));
#2471=CARTESIAN_POINT('',(0.,0.01,0.02));
#2472=CARTESIAN_POINT('',(-7.8045554270714E-5,0.01,0.02));
#2473=CARTESIAN_POINT('',(7.80455542707125E-5,0.01,0.02));
#2474=CARTESIAN_POINT('',(7.80455542707125E-5,0.01,0.));
#2475=CARTESIAN_POINT('',(7.80455542707125E-5,0.01,0.));
#2476=CARTESIAN_POINT('',(0.,0.01,0.));
#2477=CARTESIAN_POINT('',(-7.8045554270714E-5,0.01,0.));
#2478=CARTESIAN_POINT('',(-7.8045554270714E-5,0.01,0.02));
#2479=CARTESIAN_POINT('',(0.0046875,-0.00270632938682637,0.02));
#2480=CARTESIAN_POINT('',(0.0046875,-0.00270632938682637,0.02));
#2481=CARTESIAN_POINT('',(0.0064375,-0.00270632938682637,0.02));
#2482=CARTESIAN_POINT('',(0.0046875,-0.00270632938682637,0.));
#2483=CARTESIAN_POINT('',(0.0064375,-0.00270632938682637,0.));
#2484=CARTESIAN_POINT('',(0.00526281754730548,0.00741210075276643,0.02));
#2485=CARTESIAN_POINT('',(0.,6.12323399573679E-20,0.02));
#2486=CARTESIAN_POINT('',(0.001,6.12323399573679E-20,0.02));
#2487=CARTESIAN_POINT('',(0.00552692378864669,-0.00607772228311383,0.02));
#2488=CARTESIAN_POINT('',(0.0133076884273045,-0.00060104260722327,0.02));
#2489=CARTESIAN_POINT('',(0.0214125339083189,0.0109124033520002,0.02));
#2490=CARTESIAN_POINT('',(0.0102586900089779,0.00407533657680954,0.02));
#2491=CARTESIAN_POINT('',(0.00965954311563237,0.00410732095103101,0.02));
#2492=CARTESIAN_POINT('',(0.00916025403784439,0.00413397459621557,0.02));
#2493=CARTESIAN_POINT('',(0.00871453019005561,0.00436053640127628,0.02));
#2494=CARTESIAN_POINT('',(0.00817966157270908,0.00463241056734913,0.02));
#2495=CARTESIAN_POINT('',(0.00810161601843837,0.00476758943265088,0.02));
#2496=CARTESIAN_POINT('',(0.00813360039265983,0.00536673632599646,0.02));
#2497=CARTESIAN_POINT('',(0.00816025403784438,0.00586602540378444,0.02));
#2498=CARTESIAN_POINT('',(0.0083868158429051,0.00631174925157322,0.02));
#2499=CARTESIAN_POINT('',(0.00865869000897795,0.00684661786891975,0.02));
#2500=CARTESIAN_POINT('',(0.00693713697781782,0.0120154737046453,0.02));
#2501=CARTESIAN_POINT('',(0.0016,0.0109219544457293,0.02));
#2502=CARTESIAN_POINT('',(0.00127272727272727,0.0104190702026042,0.02));
#2503=CARTESIAN_POINT('',(0.001,0.01,0.02));
#2504=CARTESIAN_POINT('',(0.000580929797395778,0.00972727272727273,0.02));
#2505=CARTESIAN_POINT('',(7.80455542707125E-5,0.0094,0.02));
#2506=CARTESIAN_POINT('',(-7.8045554270714E-5,0.0094,0.02));
#2507=CARTESIAN_POINT('',(-0.000580929797395781,0.00972727272727273,0.02));
#2508=CARTESIAN_POINT('',(-0.001,0.01,0.02));
#2509=CARTESIAN_POINT('',(-0.00127272727272727,0.0104190702026042,0.02));
#2510=CARTESIAN_POINT('',(-0.0016,0.0109219544457293,0.02));
#2511=CARTESIAN_POINT('',(-0.0012558484349848,0.024,0.02));
#2512=CARTESIAN_POINT('',(-0.00717436238026442,0.0112242749400822,0.02));
#2513=CARTESIAN_POINT('',(-0.00802692378864668,0.00174759526419164,0.02));
#2514=CARTESIAN_POINT('',(0.00526281754730548,0.00741210075276643,0.));
#2515=CARTESIAN_POINT('',(0.,6.12323399573679E-20,0.));
#2516=CARTESIAN_POINT('',(0.001,6.12323399573679E-20,0.));
#2517=CARTESIAN_POINT('',(0.00552692378864669,-0.00607772228311383,0.));
#2518=CARTESIAN_POINT('',(-0.00802692378864668,0.00174759526419164,0.));
#2519=CARTESIAN_POINT('',(-0.00717436238026442,0.0112242749400822,0.));
#2520=CARTESIAN_POINT('',(-0.0012558484349848,0.024,0.));
#2521=CARTESIAN_POINT('',(-0.0016,0.0109219544457293,0.));
#2522=CARTESIAN_POINT('',(-0.00127272727272727,0.0104190702026042,0.));
#2523=CARTESIAN_POINT('',(-0.001,0.01,0.));
#2524=CARTESIAN_POINT('',(-0.000580929797395781,0.00972727272727273,0.));
#2525=CARTESIAN_POINT('',(-7.8045554270714E-5,0.0094,0.));
#2526=CARTESIAN_POINT('',(7.80455542707125E-5,0.0094,0.));
#2527=CARTESIAN_POINT('',(0.000580929797395778,0.00972727272727273,0.));
#2528=CARTESIAN_POINT('',(0.001,0.01,0.));
#2529=CARTESIAN_POINT('',(0.00127272727272727,0.0104190702026042,0.));
#2530=CARTESIAN_POINT('',(0.0016,0.0109219544457293,0.));
#2531=CARTESIAN_POINT('',(0.00693713697781782,0.0120154737046453,0.));
#2532=CARTESIAN_POINT('',(0.00865869000897795,0.00684661786891975,0.));
#2533=CARTESIAN_POINT('',(0.0083868158429051,0.00631174925157322,0.));
#2534=CARTESIAN_POINT('',(0.00816025403784438,0.00586602540378444,0.));
#2535=CARTESIAN_POINT('',(0.00813360039265983,0.00536673632599646,0.));
#2536=CARTESIAN_POINT('',(0.00810161601843837,0.00476758943265088,0.));
#2537=CARTESIAN_POINT('',(0.00817966157270908,0.00463241056734913,0.));
#2538=CARTESIAN_POINT('',(0.00871453019005561,0.00436053640127628,0.));
#2539=CARTESIAN_POINT('',(0.00916025403784439,0.00413397459621557,0.));
#2540=CARTESIAN_POINT('',(0.00965954311563237,0.00410732095103101,0.));
#2541=CARTESIAN_POINT('',(0.0102586900089779,0.00407533657680954,0.));
#2542=CARTESIAN_POINT('',(0.0214125339083189,0.0109124033520002,0.));
#2543=CARTESIAN_POINT('',(0.0133076884273045,-0.00060104260722327,0.));
#2544=CARTESIAN_POINT('',(-0.001,0.01,-0.005));
#2545=CARTESIAN_POINT('',(-0.000580929797395781,0.00972727272727273,-0.005));
#2546=CARTESIAN_POINT('',(-0.00127272727272727,0.0104190702026042,-0.005));
#2547=CARTESIAN_POINT('',(0.001,0.01,-0.005));
#2548=CARTESIAN_POINT('',(0.00127272727272727,0.0104190702026042,-0.005));
#2549=CARTESIAN_POINT('',(0.000580929797395778,0.00972727272727273,-0.005));
#2550=CARTESIAN_POINT('',(0.00816025403784438,0.00586602540378444,-0.005));
#2551=CARTESIAN_POINT('',(0.00813360039265983,0.00536673632599646,-0.005));
#2552=CARTESIAN_POINT('',(0.0083868158429051,0.00631174925157322,-0.005));
#2553=CARTESIAN_POINT('',(0.00916025403784439,0.00413397459621557,-0.005));
#2554=CARTESIAN_POINT('',(0.00965954311563237,0.00410732095103101,-0.005));
#2555=CARTESIAN_POINT('',(0.00871453019005561,0.00436053640127628,-0.005));
#2556=CARTESIAN_POINT('',(0.,6.12323399573679E-20,-0.005));
#2557=CARTESIAN_POINT('',(0.0102586900089779,0.00407533657680954,-0.005));
#2558=CARTESIAN_POINT('',(0.00817966157270908,0.00463241056734913,-0.005));
#2559=CARTESIAN_POINT('',(0.00810161601843837,0.00476758943265088,-0.005));
#2560=CARTESIAN_POINT('',(0.00865869000897795,0.00684661786891975,-0.005));
#2561=CARTESIAN_POINT('',(0.0016,0.0109219544457293,-0.005));
#2562=CARTESIAN_POINT('',(7.80455542707125E-5,0.0094,-0.005));
#2563=CARTESIAN_POINT('',(-7.8045554270714E-5,0.0094,-0.005));
#2564=CARTESIAN_POINT('',(-0.0016,0.0109219544457293,-0.005));
#2565=CARTESIAN_POINT('',(0.0133076884273045,-0.00060104260722327,0.02));
#2566=CARTESIAN_POINT('',(0.0214125339083189,0.0109124033520002,0.02));
#2567=CARTESIAN_POINT('',(0.00693713697781782,0.0120154737046453,0.02));
#2568=CARTESIAN_POINT('',(-0.00717436238026442,0.0112242749400822,0.02));
#2569=CARTESIAN_POINT('',(-0.0012558484349848,0.024,0.02));
#2570=CARTESIAN_POINT('',(-0.0125,0.02,0.005));
#2571=CARTESIAN_POINT('',(-0.002,0.02,0.005));
#2572=CARTESIAN_POINT('',(-0.002,0.02,0.003375));
#2573=CARTESIAN_POINT('',(-0.0125,0.02,0.015));
#2574=CARTESIAN_POINT('',(-0.002,0.02,0.015));
#2575=CARTESIAN_POINT('',(-0.002,0.02,0.013375));
#2576=CARTESIAN_POINT('',(-0.002,0.02,0.015));
#2577=CARTESIAN_POINT('',(-0.002,0.02,0.015));
#2578=CARTESIAN_POINT('',(-0.002,0.02,0.012));
#2579=CARTESIAN_POINT('',(-0.002,0.0162371672224254,0.01));
#2580=CARTESIAN_POINT('',(-0.002,0.02,0.005));
#2581=CARTESIAN_POINT('',(-0.002,0.02,0.005));
#2582=CARTESIAN_POINT('',(-0.002,0.02,0.002));
#2583=CARTESIAN_POINT('',(-0.002,0.0162371672224254,0.01));
#2584=CARTESIAN_POINT('',(0.002,0.0214,0.0125751288694036));
#2585=CARTESIAN_POINT('',(0.002,0.0228,0.013383419246269));
#2586=CARTESIAN_POINT('',(0.002,0.0228,0.013383419246269));
#2587=CARTESIAN_POINT('',(0.002,0.0214,0.0125751288694036));
#2588=CARTESIAN_POINT('',(0.002,0.02,0.0117668384925381));
#2589=CARTESIAN_POINT('',(0.002,0.02,0.0117668384925381));
#2590=CARTESIAN_POINT('',(0.002,0.0228,0.015));
#2591=CARTESIAN_POINT('',(0.002,0.0228,0.0166165807537309));
#2592=CARTESIAN_POINT('',(0.002,0.0228,0.0166165807537309));
#2593=CARTESIAN_POINT('',(0.002,0.0228,0.015));
#2594=CARTESIAN_POINT('',(0.002,0.0214,0.0174248711305964));
#2595=CARTESIAN_POINT('',(0.002,0.02,0.0182331615074619));
#2596=CARTESIAN_POINT('',(0.002,0.02,0.0182331615074619));
#2597=CARTESIAN_POINT('',(0.002,0.0214,0.0174248711305964));
#2598=CARTESIAN_POINT('',(0.002,0.0186,0.0174248711305964));
#2599=CARTESIAN_POINT('',(0.002,0.0172,0.0166165807537309));
#2600=CARTESIAN_POINT('',(0.002,0.0172,0.0166165807537309));
#2601=CARTESIAN_POINT('',(0.002,0.0186,0.0174248711305964));
#2602=CARTESIAN_POINT('',(0.002,0.0172,0.015));
#2603=CARTESIAN_POINT('',(0.002,0.0172,0.0133834192462691));
#2604=CARTESIAN_POINT('',(0.002,0.0172,0.0133834192462691));
#2605=CARTESIAN_POINT('',(0.002,0.0172,0.015));
#2606=CARTESIAN_POINT('',(0.002,0.0186,0.0125751288694036));
#2607=CARTESIAN_POINT('',(0.002,0.0186,0.0125751288694036));
#2608=CARTESIAN_POINT('',(0.002,0.02,0.01));
#2609=CARTESIAN_POINT('',(0.002,0.0186,0.00742487113059642));
#2610=CARTESIAN_POINT('',(0.002,0.0172,0.00661658075373095));
#2611=CARTESIAN_POINT('',(0.002,0.0172,0.00661658075373095));
#2612=CARTESIAN_POINT('',(0.002,0.0186,0.00742487113059642));
#2613=CARTESIAN_POINT('',(0.002,0.02,0.00823316150746191));
#2614=CARTESIAN_POINT('',(0.002,0.02,0.00823316150746191));
#2615=CARTESIAN_POINT('',(0.002,0.0172,0.005));
#2616=CARTESIAN_POINT('',(0.002,0.0172,0.00338341924626905));
#2617=CARTESIAN_POINT('',(0.002,0.0172,0.00338341924626905));
#2618=CARTESIAN_POINT('',(0.002,0.0172,0.005));
#2619=CARTESIAN_POINT('',(0.002,0.0186,0.00257512886940357));
#2620=CARTESIAN_POINT('',(0.002,0.02,0.00176683849253809));
#2621=CARTESIAN_POINT('',(0.002,0.02,0.00176683849253809));
#2622=CARTESIAN_POINT('',(0.002,0.0186,0.00257512886940357));
#2623=CARTESIAN_POINT('',(0.002,0.0214,0.00257512886940357));
#2624=CARTESIAN_POINT('',(0.002,0.0228,0.00338341924626905));
#2625=CARTESIAN_POINT('',(0.002,0.0228,0.00338341924626905));
#2626=CARTESIAN_POINT('',(0.002,0.0214,0.00257512886940357));
#2627=CARTESIAN_POINT('',(0.002,0.0228,0.005));
#2628=CARTESIAN_POINT('',(0.002,0.0228,0.00661658075373095));
#2629=CARTESIAN_POINT('',(0.002,0.0228,0.00661658075373095));
#2630=CARTESIAN_POINT('',(0.002,0.0228,0.005));
#2631=CARTESIAN_POINT('',(0.002,0.0214,0.00742487113059643));
#2632=CARTESIAN_POINT('',(0.002,0.0214,0.00742487113059643));
#2633=CARTESIAN_POINT('',(0.002,0.02,0.01));
#2634=CARTESIAN_POINT('',(0.00552692378864669,-0.00607772228311383,0.02));
#2635=CARTESIAN_POINT('',(-0.00802692378864668,0.00174759526419164,0.02));
#2636=MECHANICAL_DESIGN_GEOMETRIC_PRESENTATION_REPRESENTATION('',(#1575),
#2637);
#2637=(
GEOMETRIC_REPRESENTATION_CONTEXT(3)
GLOBAL_UNCERTAINTY_ASSIGNED_CONTEXT((#2638))
GLOBAL_UNIT_ASSIGNED_CONTEXT((#2641,#2640,#2639))
REPRESENTATION_CONTEXT('Part 1','TOP_LEVEL_ASSEMBLY_PART')
);
#2638=UNCERTAINTY_MEASURE_WITH_UNIT(LENGTH_MEASURE(1.E-8),#2641,
'DISTANCE_ACCURACY_VALUE','Maximum Tolerance applied to model');
#2639=(
NAMED_UNIT(*)
SI_UNIT($,.STERADIAN.)
SOLID_ANGLE_UNIT()
);
#2640=(
NAMED_UNIT(*)
PLANE_ANGLE_UNIT()
SI_UNIT($,.RADIAN.)
);
#2641=(
LENGTH_UNIT()
NAMED_UNIT(*)
SI_UNIT($,.METRE.)
);
#2642=PRODUCT_DEFINITION_SHAPE('','',#2643);
#2643=PRODUCT_DEFINITION('','',#2645,#2644);
#2644=PRODUCT_DEFINITION_CONTEXT('',#2651,'design');
#2645=PRODUCT_DEFINITION_FORMATION_WITH_SPECIFIED_SOURCE('','',#2647,
 .NOT_KNOWN.);
#2646=PRODUCT_RELATED_PRODUCT_CATEGORY('','',(#2647));
#2647=PRODUCT('Part 1','Part 1','Part 1',(#2649));
#2648=PRODUCT_CATEGORY('','');
#2649=PRODUCT_CONTEXT('',#2651,'mechanical');
#2650=APPLICATION_PROTOCOL_DEFINITION('international standard',
'ap242_managed_model_based_3d_engineering',2020,#2651);
#2651=APPLICATION_CONTEXT('managed model based 3d engineering');
ENDSEC;
END-ISO-10303-21;
