ISO-10303-21;
HEADER;
/* Generated by software containing ST-Developer
 * from STEP Tools, Inc. (www.steptools.com) 
 */
/* OPTION: using custom renumber hook */

FILE_DESCRIPTION(
/* description */ ('STEP AP242 Edition 2',
'CAx-IF Rec.Pracs.---Representation and Presentation of Product Manufa
cturing Information (PMI)---4.0---2014-10-13',
'CAx-IF Rec.Pracs.---3D Tessellated Geometry---0.4---2014-09-14','2;1',
'CAx-IF Rec.Pracs.---User Defined Attributes---1.5---2016-08-15'),
/* implementation_level */ '2;1');

FILE_NAME(
/* name */ 'Part Studio 2 - Part 1',
/* time_stamp */ '2026-07-03T12:52:38Z',
/* author */ (''),
/* organization */ (''),
/* preprocessor_version */ 'ST-DEVELOPER v20',
/* originating_system */ 'ONSHAPE BY PTC INC, 1.217',
/* authorisation */ '  ');

FILE_SCHEMA (('AP242_MANAGED_MODEL_BASED_3D_ENGINEERING_MIM_LF { 1 0 10303 442 3 1 4 }'));
ENDSEC;

DATA;
#10=SHAPE_REPRESENTATION_RELATIONSHIP('','',#4059,#11);
#11=ADVANCED_BREP_SHAPE_REPRESENTATION('',(#4057),#6727);
#12=ELLIPSE('',#4079,0.00313194574484871,0.003);
#13=ELLIPSE('',#4084,0.00313194574484871,0.003);
#14=ELLIPSE('',#4113,0.00313194574484871,0.003);
#15=ELLIPSE('',#4118,0.00313194574484871,0.003);
#16=ELLIPSE('',#4147,0.00313194574484871,0.003);
#17=ELLIPSE('',#4152,0.00313194574484871,0.003);
#18=ELLIPSE('',#4181,0.00313194574484871,0.003);
#19=ELLIPSE('',#4186,0.00313194574484871,0.003);
#20=ELLIPSE('',#4215,0.00313194574484871,0.003);
#21=ELLIPSE('',#4220,0.00313194574484871,0.003);
#22=ELLIPSE('',#4239,0.00313194574484871,0.003);
#23=ELLIPSE('',#4240,0.00313194574484871,0.003);
#24=CYLINDRICAL_SURFACE('',#4077,0.003);
#25=CYLINDRICAL_SURFACE('',#4082,0.003);
#26=CYLINDRICAL_SURFACE('',#4087,0.001625);
#27=CYLINDRICAL_SURFACE('',#4089,0.001625);
#28=CYLINDRICAL_SURFACE('',#4091,0.001625);
#29=CYLINDRICAL_SURFACE('',#4093,0.001625);
#30=CYLINDRICAL_SURFACE('',#4111,0.003);
#31=CYLINDRICAL_SURFACE('',#4116,0.003);
#32=CYLINDRICAL_SURFACE('',#4121,0.001625);
#33=CYLINDRICAL_SURFACE('',#4123,0.001625);
#34=CYLINDRICAL_SURFACE('',#4125,0.001625);
#35=CYLINDRICAL_SURFACE('',#4127,0.001625);
#36=CYLINDRICAL_SURFACE('',#4145,0.003);
#37=CYLINDRICAL_SURFACE('',#4150,0.003);
#38=CYLINDRICAL_SURFACE('',#4155,0.001625);
#39=CYLINDRICAL_SURFACE('',#4157,0.001625);
#40=CYLINDRICAL_SURFACE('',#4159,0.001625);
#41=CYLINDRICAL_SURFACE('',#4161,0.001625);
#42=CYLINDRICAL_SURFACE('',#4179,0.003);
#43=CYLINDRICAL_SURFACE('',#4184,0.003);
#44=CYLINDRICAL_SURFACE('',#4189,0.001625);
#45=CYLINDRICAL_SURFACE('',#4191,0.001625);
#46=CYLINDRICAL_SURFACE('',#4193,0.001625);
#47=CYLINDRICAL_SURFACE('',#4195,0.001625);
#48=CYLINDRICAL_SURFACE('',#4213,0.003);
#49=CYLINDRICAL_SURFACE('',#4218,0.003);
#50=CYLINDRICAL_SURFACE('',#4223,0.001625);
#51=CYLINDRICAL_SURFACE('',#4225,0.001625);
#52=CYLINDRICAL_SURFACE('',#4227,0.001625);
#53=CYLINDRICAL_SURFACE('',#4229,0.001625);
#54=CYLINDRICAL_SURFACE('',#4232,0.001625);
#55=CYLINDRICAL_SURFACE('',#4235,0.001625);
#56=CYLINDRICAL_SURFACE('',#4371,0.0005);
#57=CYLINDRICAL_SURFACE('',#4372,0.001);
#58=CYLINDRICAL_SURFACE('',#4373,0.0005);
#59=CYLINDRICAL_SURFACE('',#4374,0.0005);
#60=CYLINDRICAL_SURFACE('',#4375,0.0005);
#61=CYLINDRICAL_SURFACE('',#4376,0.0005);
#62=CYLINDRICAL_SURFACE('',#4377,0.0005);
#63=CYLINDRICAL_SURFACE('',#4378,0.0005);
#64=CYLINDRICAL_SURFACE('',#4379,0.0005);
#65=CYLINDRICAL_SURFACE('',#4380,0.0005);
#66=CYLINDRICAL_SURFACE('',#4381,0.0005);
#67=CYLINDRICAL_SURFACE('',#4382,0.0005);
#68=CYLINDRICAL_SURFACE('',#4383,0.0005);
#69=CYLINDRICAL_SURFACE('',#4384,0.0006);
#70=CYLINDRICAL_SURFACE('',#4385,0.0006);
#71=CYLINDRICAL_SURFACE('',#4386,0.0006);
#72=CYLINDRICAL_SURFACE('',#4387,0.0006);
#73=CYLINDRICAL_SURFACE('',#4388,0.0006);
#74=CYLINDRICAL_SURFACE('',#4389,0.0006);
#75=CYLINDRICAL_SURFACE('',#4390,0.0006);
#76=CYLINDRICAL_SURFACE('',#4391,0.0006);
#77=CYLINDRICAL_SURFACE('',#4392,0.0006);
#78=CYLINDRICAL_SURFACE('',#4393,0.0006);
#79=CYLINDRICAL_SURFACE('',#4394,0.0006);
#80=CYLINDRICAL_SURFACE('',#4395,0.0006);
#81=CYLINDRICAL_SURFACE('',#4396,0.0006);
#82=CYLINDRICAL_SURFACE('',#4397,0.0006);
#83=CYLINDRICAL_SURFACE('',#4398,0.0006);
#84=CYLINDRICAL_SURFACE('',#4399,0.0006);
#85=CYLINDRICAL_SURFACE('',#4400,0.0006);
#86=CYLINDRICAL_SURFACE('',#4401,0.0006);
#87=CYLINDRICAL_SURFACE('',#4402,0.0006);
#88=CYLINDRICAL_SURFACE('',#4403,0.0006);
#89=CYLINDRICAL_SURFACE('',#4404,0.0006);
#90=CYLINDRICAL_SURFACE('',#4405,0.0006);
#91=CYLINDRICAL_SURFACE('',#4406,0.0006);
#92=CYLINDRICAL_SURFACE('',#4407,0.0006);
#93=CYLINDRICAL_SURFACE('',#4408,0.001);
#94=CYLINDRICAL_SURFACE('',#4409,0.001);
#95=CYLINDRICAL_SURFACE('',#4410,0.001);
#96=CYLINDRICAL_SURFACE('',#4411,0.001);
#97=CYLINDRICAL_SURFACE('',#4412,0.001);
#98=CYLINDRICAL_SURFACE('',#4413,0.001);
#99=CYLINDRICAL_SURFACE('',#4414,0.001625);
#100=CYLINDRICAL_SURFACE('',#4416,0.001625);
#101=CYLINDRICAL_SURFACE('',#4418,0.003);
#102=CYLINDRICAL_SURFACE('',#4421,0.003);
#103=CIRCLE('',#4068,0.001625);
#104=CIRCLE('',#4076,0.001625);
#105=CIRCLE('',#4078,0.003);
#106=CIRCLE('',#4081,0.001625);
#107=CIRCLE('',#4083,0.003);
#108=CIRCLE('',#4086,0.001625);
#109=CIRCLE('',#4088,0.001625);
#110=CIRCLE('',#4090,0.001625);
#111=CIRCLE('',#4092,0.001625);
#112=CIRCLE('',#4094,0.001625);
#113=CIRCLE('',#4102,0.001625);
#114=CIRCLE('',#4110,0.001625);
#115=CIRCLE('',#4112,0.003);
#116=CIRCLE('',#4115,0.001625);
#117=CIRCLE('',#4117,0.003);
#118=CIRCLE('',#4120,0.001625);
#119=CIRCLE('',#4122,0.001625);
#120=CIRCLE('',#4124,0.001625);
#121=CIRCLE('',#4126,0.001625);
#122=CIRCLE('',#4128,0.001625);
#123=CIRCLE('',#4136,0.001625);
#124=CIRCLE('',#4144,0.001625);
#125=CIRCLE('',#4146,0.003);
#126=CIRCLE('',#4149,0.001625);
#127=CIRCLE('',#4151,0.003);
#128=CIRCLE('',#4154,0.001625);
#129=CIRCLE('',#4156,0.001625);
#130=CIRCLE('',#4158,0.001625);
#131=CIRCLE('',#4160,0.001625);
#132=CIRCLE('',#4162,0.001625);
#133=CIRCLE('',#4170,0.001625);
#134=CIRCLE('',#4178,0.001625);
#135=CIRCLE('',#4180,0.003);
#136=CIRCLE('',#4183,0.001625);
#137=CIRCLE('',#4185,0.003);
#138=CIRCLE('',#4188,0.001625);
#139=CIRCLE('',#4190,0.001625);
#140=CIRCLE('',#4192,0.001625);
#141=CIRCLE('',#4194,0.001625);
#142=CIRCLE('',#4196,0.001625);
#143=CIRCLE('',#4204,0.001625);
#144=CIRCLE('',#4212,0.001625);
#145=CIRCLE('',#4214,0.003);
#146=CIRCLE('',#4217,0.001625);
#147=CIRCLE('',#4219,0.003);
#148=CIRCLE('',#4222,0.001625);
#149=CIRCLE('',#4224,0.001625);
#150=CIRCLE('',#4226,0.001625);
#151=CIRCLE('',#4228,0.001625);
#152=CIRCLE('',#4230,0.001625);
#153=CIRCLE('',#4233,0.001625);
#154=CIRCLE('',#4234,0.001625);
#155=CIRCLE('',#4236,0.001625);
#156=CIRCLE('',#4237,0.001625);
#157=CIRCLE('',#4243,0.001625);
#158=CIRCLE('',#4244,0.001625);
#159=CIRCLE('',#4284,0.0006);
#160=CIRCLE('',#4285,0.0005);
#161=CIRCLE('',#4286,0.0006);
#162=CIRCLE('',#4287,0.0006);
#163=CIRCLE('',#4288,0.0005);
#164=CIRCLE('',#4289,0.0006);
#165=CIRCLE('',#4290,0.001);
#166=CIRCLE('',#4291,0.0006);
#167=CIRCLE('',#4292,0.0005);
#168=CIRCLE('',#4293,0.0006);
#169=CIRCLE('',#4294,0.0006);
#170=CIRCLE('',#4295,0.0005);
#171=CIRCLE('',#4296,0.0006);
#172=CIRCLE('',#4297,0.001);
#173=CIRCLE('',#4298,0.0006);
#174=CIRCLE('',#4299,0.0005);
#175=CIRCLE('',#4300,0.0006);
#176=CIRCLE('',#4301,0.0006);
#177=CIRCLE('',#4302,0.0005);
#178=CIRCLE('',#4303,0.0006);
#179=CIRCLE('',#4304,0.001);
#180=CIRCLE('',#4305,0.0006);
#181=CIRCLE('',#4306,0.0005);
#182=CIRCLE('',#4307,0.0006);
#183=CIRCLE('',#4308,0.0006);
#184=CIRCLE('',#4309,0.0005);
#185=CIRCLE('',#4310,0.0006);
#186=CIRCLE('',#4311,0.001);
#187=CIRCLE('',#4312,0.0006);
#188=CIRCLE('',#4313,0.0005);
#189=CIRCLE('',#4314,0.0006);
#190=CIRCLE('',#4315,0.0006);
#191=CIRCLE('',#4316,0.0005);
#192=CIRCLE('',#4317,0.0006);
#193=CIRCLE('',#4318,0.001);
#194=CIRCLE('',#4319,0.0006);
#195=CIRCLE('',#4320,0.0005);
#196=CIRCLE('',#4321,0.0006);
#197=CIRCLE('',#4322,0.0006);
#198=CIRCLE('',#4323,0.0005);
#199=CIRCLE('',#4324,0.0006);
#200=CIRCLE('',#4325,0.001);
#201=CIRCLE('',#4326,0.001);
#202=CIRCLE('',#4328,0.001);
#203=CIRCLE('',#4329,0.0005);
#204=CIRCLE('',#4330,0.0006);
#205=CIRCLE('',#4331,0.001);
#206=CIRCLE('',#4332,0.0006);
#207=CIRCLE('',#4333,0.0005);
#208=CIRCLE('',#4334,0.0006);
#209=CIRCLE('',#4335,0.0006);
#210=CIRCLE('',#4336,0.0005);
#211=CIRCLE('',#4337,0.0006);
#212=CIRCLE('',#4338,0.001);
#213=CIRCLE('',#4339,0.0006);
#214=CIRCLE('',#4340,0.0005);
#215=CIRCLE('',#4341,0.0006);
#216=CIRCLE('',#4342,0.0006);
#217=CIRCLE('',#4343,0.0005);
#218=CIRCLE('',#4344,0.0006);
#219=CIRCLE('',#4345,0.001);
#220=CIRCLE('',#4346,0.0006);
#221=CIRCLE('',#4347,0.0005);
#222=CIRCLE('',#4348,0.0006);
#223=CIRCLE('',#4349,0.0006);
#224=CIRCLE('',#4350,0.0005);
#225=CIRCLE('',#4351,0.0006);
#226=CIRCLE('',#4352,0.001);
#227=CIRCLE('',#4353,0.0006);
#228=CIRCLE('',#4354,0.0005);
#229=CIRCLE('',#4355,0.0006);
#230=CIRCLE('',#4356,0.0006);
#231=CIRCLE('',#4357,0.0005);
#232=CIRCLE('',#4358,0.0006);
#233=CIRCLE('',#4359,0.001);
#234=CIRCLE('',#4360,0.0006);
#235=CIRCLE('',#4361,0.0005);
#236=CIRCLE('',#4362,0.0006);
#237=CIRCLE('',#4363,0.0006);
#238=CIRCLE('',#4364,0.0005);
#239=CIRCLE('',#4365,0.0006);
#240=CIRCLE('',#4366,0.001);
#241=CIRCLE('',#4367,0.0006);
#242=CIRCLE('',#4368,0.0005);
#243=CIRCLE('',#4369,0.0006);
#244=CIRCLE('',#4370,0.0006);
#245=CIRCLE('',#4415,0.001625);
#246=CIRCLE('',#4417,0.001625);
#247=CIRCLE('',#4419,0.003);
#248=CIRCLE('',#4422,0.003);
#249=ORIENTED_EDGE('',*,*,#1333,.F.);
#250=ORIENTED_EDGE('',*,*,#1334,.T.);
#251=ORIENTED_EDGE('',*,*,#1335,.T.);
#252=ORIENTED_EDGE('',*,*,#1336,.F.);
#253=ORIENTED_EDGE('',*,*,#1337,.F.);
#254=ORIENTED_EDGE('',*,*,#1338,.T.);
#255=ORIENTED_EDGE('',*,*,#1333,.T.);
#256=ORIENTED_EDGE('',*,*,#1339,.F.);
#257=ORIENTED_EDGE('',*,*,#1340,.F.);
#258=ORIENTED_EDGE('',*,*,#1341,.T.);
#259=ORIENTED_EDGE('',*,*,#1337,.T.);
#260=ORIENTED_EDGE('',*,*,#1342,.F.);
#261=ORIENTED_EDGE('',*,*,#1343,.F.);
#262=ORIENTED_EDGE('',*,*,#1344,.T.);
#263=ORIENTED_EDGE('',*,*,#1340,.T.);
#264=ORIENTED_EDGE('',*,*,#1345,.F.);
#265=ORIENTED_EDGE('',*,*,#1346,.F.);
#266=ORIENTED_EDGE('',*,*,#1347,.T.);
#267=ORIENTED_EDGE('',*,*,#1343,.T.);
#268=ORIENTED_EDGE('',*,*,#1348,.F.);
#269=ORIENTED_EDGE('',*,*,#1335,.F.);
#270=ORIENTED_EDGE('',*,*,#1349,.T.);
#271=ORIENTED_EDGE('',*,*,#1346,.T.);
#272=ORIENTED_EDGE('',*,*,#1350,.F.);
#273=ORIENTED_EDGE('',*,*,#1351,.F.);
#274=ORIENTED_EDGE('',*,*,#1334,.F.);
#275=ORIENTED_EDGE('',*,*,#1338,.F.);
#276=ORIENTED_EDGE('',*,*,#1341,.F.);
#277=ORIENTED_EDGE('',*,*,#1344,.F.);
#278=ORIENTED_EDGE('',*,*,#1347,.F.);
#279=ORIENTED_EDGE('',*,*,#1349,.F.);
#280=ORIENTED_EDGE('',*,*,#1352,.T.);
#281=ORIENTED_EDGE('',*,*,#1353,.F.);
#282=ORIENTED_EDGE('',*,*,#1354,.F.);
#283=ORIENTED_EDGE('',*,*,#1355,.T.);
#284=ORIENTED_EDGE('',*,*,#1356,.T.);
#285=ORIENTED_EDGE('',*,*,#1357,.F.);
#286=ORIENTED_EDGE('',*,*,#1358,.F.);
#287=ORIENTED_EDGE('',*,*,#1353,.T.);
#288=ORIENTED_EDGE('',*,*,#1359,.T.);
#289=ORIENTED_EDGE('',*,*,#1360,.F.);
#290=ORIENTED_EDGE('',*,*,#1361,.F.);
#291=ORIENTED_EDGE('',*,*,#1357,.T.);
#292=ORIENTED_EDGE('',*,*,#1362,.T.);
#293=ORIENTED_EDGE('',*,*,#1363,.F.);
#294=ORIENTED_EDGE('',*,*,#1364,.F.);
#295=ORIENTED_EDGE('',*,*,#1360,.T.);
#296=ORIENTED_EDGE('',*,*,#1365,.T.);
#297=ORIENTED_EDGE('',*,*,#1366,.F.);
#298=ORIENTED_EDGE('',*,*,#1367,.F.);
#299=ORIENTED_EDGE('',*,*,#1363,.T.);
#300=ORIENTED_EDGE('',*,*,#1368,.T.);
#301=ORIENTED_EDGE('',*,*,#1355,.F.);
#302=ORIENTED_EDGE('',*,*,#1369,.F.);
#303=ORIENTED_EDGE('',*,*,#1366,.T.);
#304=ORIENTED_EDGE('',*,*,#1370,.F.);
#305=ORIENTED_EDGE('',*,*,#1354,.T.);
#306=ORIENTED_EDGE('',*,*,#1358,.T.);
#307=ORIENTED_EDGE('',*,*,#1361,.T.);
#308=ORIENTED_EDGE('',*,*,#1364,.T.);
#309=ORIENTED_EDGE('',*,*,#1367,.T.);
#310=ORIENTED_EDGE('',*,*,#1369,.T.);
#311=ORIENTED_EDGE('',*,*,#1371,.F.);
#312=ORIENTED_EDGE('',*,*,#1372,.F.);
#313=ORIENTED_EDGE('',*,*,#1371,.T.);
#314=ORIENTED_EDGE('',*,*,#1373,.F.);
#315=ORIENTED_EDGE('',*,*,#1374,.T.);
#316=ORIENTED_EDGE('',*,*,#1375,.T.);
#317=ORIENTED_EDGE('',*,*,#1376,.T.);
#318=ORIENTED_EDGE('',*,*,#1374,.F.);
#319=ORIENTED_EDGE('',*,*,#1377,.T.);
#320=ORIENTED_EDGE('',*,*,#1370,.T.);
#321=ORIENTED_EDGE('',*,*,#1378,.F.);
#322=ORIENTED_EDGE('',*,*,#1351,.T.);
#323=ORIENTED_EDGE('',*,*,#1373,.T.);
#324=ORIENTED_EDGE('',*,*,#1379,.F.);
#325=ORIENTED_EDGE('',*,*,#1376,.F.);
#326=ORIENTED_EDGE('',*,*,#1380,.T.);
#327=ORIENTED_EDGE('',*,*,#1381,.F.);
#328=ORIENTED_EDGE('',*,*,#1382,.T.);
#329=ORIENTED_EDGE('',*,*,#1383,.T.);
#330=ORIENTED_EDGE('',*,*,#1384,.F.);
#331=ORIENTED_EDGE('',*,*,#1385,.F.);
#332=ORIENTED_EDGE('',*,*,#1386,.T.);
#333=ORIENTED_EDGE('',*,*,#1381,.T.);
#334=ORIENTED_EDGE('',*,*,#1387,.F.);
#335=ORIENTED_EDGE('',*,*,#1388,.F.);
#336=ORIENTED_EDGE('',*,*,#1389,.T.);
#337=ORIENTED_EDGE('',*,*,#1385,.T.);
#338=ORIENTED_EDGE('',*,*,#1390,.F.);
#339=ORIENTED_EDGE('',*,*,#1391,.F.);
#340=ORIENTED_EDGE('',*,*,#1392,.T.);
#341=ORIENTED_EDGE('',*,*,#1388,.T.);
#342=ORIENTED_EDGE('',*,*,#1393,.F.);
#343=ORIENTED_EDGE('',*,*,#1394,.F.);
#344=ORIENTED_EDGE('',*,*,#1395,.T.);
#345=ORIENTED_EDGE('',*,*,#1391,.T.);
#346=ORIENTED_EDGE('',*,*,#1396,.F.);
#347=ORIENTED_EDGE('',*,*,#1383,.F.);
#348=ORIENTED_EDGE('',*,*,#1397,.T.);
#349=ORIENTED_EDGE('',*,*,#1394,.T.);
#350=ORIENTED_EDGE('',*,*,#1398,.F.);
#351=ORIENTED_EDGE('',*,*,#1399,.F.);
#352=ORIENTED_EDGE('',*,*,#1382,.F.);
#353=ORIENTED_EDGE('',*,*,#1386,.F.);
#354=ORIENTED_EDGE('',*,*,#1389,.F.);
#355=ORIENTED_EDGE('',*,*,#1392,.F.);
#356=ORIENTED_EDGE('',*,*,#1395,.F.);
#357=ORIENTED_EDGE('',*,*,#1397,.F.);
#358=ORIENTED_EDGE('',*,*,#1400,.T.);
#359=ORIENTED_EDGE('',*,*,#1401,.F.);
#360=ORIENTED_EDGE('',*,*,#1402,.F.);
#361=ORIENTED_EDGE('',*,*,#1403,.T.);
#362=ORIENTED_EDGE('',*,*,#1404,.T.);
#363=ORIENTED_EDGE('',*,*,#1405,.F.);
#364=ORIENTED_EDGE('',*,*,#1406,.F.);
#365=ORIENTED_EDGE('',*,*,#1401,.T.);
#366=ORIENTED_EDGE('',*,*,#1407,.T.);
#367=ORIENTED_EDGE('',*,*,#1408,.F.);
#368=ORIENTED_EDGE('',*,*,#1409,.F.);
#369=ORIENTED_EDGE('',*,*,#1405,.T.);
#370=ORIENTED_EDGE('',*,*,#1410,.T.);
#371=ORIENTED_EDGE('',*,*,#1411,.F.);
#372=ORIENTED_EDGE('',*,*,#1412,.F.);
#373=ORIENTED_EDGE('',*,*,#1408,.T.);
#374=ORIENTED_EDGE('',*,*,#1413,.T.);
#375=ORIENTED_EDGE('',*,*,#1414,.F.);
#376=ORIENTED_EDGE('',*,*,#1415,.F.);
#377=ORIENTED_EDGE('',*,*,#1411,.T.);
#378=ORIENTED_EDGE('',*,*,#1416,.T.);
#379=ORIENTED_EDGE('',*,*,#1403,.F.);
#380=ORIENTED_EDGE('',*,*,#1417,.F.);
#381=ORIENTED_EDGE('',*,*,#1414,.T.);
#382=ORIENTED_EDGE('',*,*,#1418,.F.);
#383=ORIENTED_EDGE('',*,*,#1402,.T.);
#384=ORIENTED_EDGE('',*,*,#1406,.T.);
#385=ORIENTED_EDGE('',*,*,#1409,.T.);
#386=ORIENTED_EDGE('',*,*,#1412,.T.);
#387=ORIENTED_EDGE('',*,*,#1415,.T.);
#388=ORIENTED_EDGE('',*,*,#1417,.T.);
#389=ORIENTED_EDGE('',*,*,#1419,.F.);
#390=ORIENTED_EDGE('',*,*,#1420,.F.);
#391=ORIENTED_EDGE('',*,*,#1419,.T.);
#392=ORIENTED_EDGE('',*,*,#1421,.F.);
#393=ORIENTED_EDGE('',*,*,#1422,.T.);
#394=ORIENTED_EDGE('',*,*,#1423,.T.);
#395=ORIENTED_EDGE('',*,*,#1424,.T.);
#396=ORIENTED_EDGE('',*,*,#1422,.F.);
#397=ORIENTED_EDGE('',*,*,#1425,.T.);
#398=ORIENTED_EDGE('',*,*,#1418,.T.);
#399=ORIENTED_EDGE('',*,*,#1426,.F.);
#400=ORIENTED_EDGE('',*,*,#1399,.T.);
#401=ORIENTED_EDGE('',*,*,#1421,.T.);
#402=ORIENTED_EDGE('',*,*,#1427,.F.);
#403=ORIENTED_EDGE('',*,*,#1424,.F.);
#404=ORIENTED_EDGE('',*,*,#1428,.T.);
#405=ORIENTED_EDGE('',*,*,#1429,.F.);
#406=ORIENTED_EDGE('',*,*,#1430,.T.);
#407=ORIENTED_EDGE('',*,*,#1431,.T.);
#408=ORIENTED_EDGE('',*,*,#1432,.F.);
#409=ORIENTED_EDGE('',*,*,#1433,.F.);
#410=ORIENTED_EDGE('',*,*,#1434,.T.);
#411=ORIENTED_EDGE('',*,*,#1429,.T.);
#412=ORIENTED_EDGE('',*,*,#1435,.F.);
#413=ORIENTED_EDGE('',*,*,#1436,.F.);
#414=ORIENTED_EDGE('',*,*,#1437,.T.);
#415=ORIENTED_EDGE('',*,*,#1433,.T.);
#416=ORIENTED_EDGE('',*,*,#1438,.F.);
#417=ORIENTED_EDGE('',*,*,#1439,.F.);
#418=ORIENTED_EDGE('',*,*,#1440,.T.);
#419=ORIENTED_EDGE('',*,*,#1436,.T.);
#420=ORIENTED_EDGE('',*,*,#1441,.F.);
#421=ORIENTED_EDGE('',*,*,#1442,.F.);
#422=ORIENTED_EDGE('',*,*,#1443,.T.);
#423=ORIENTED_EDGE('',*,*,#1439,.T.);
#424=ORIENTED_EDGE('',*,*,#1444,.F.);
#425=ORIENTED_EDGE('',*,*,#1431,.F.);
#426=ORIENTED_EDGE('',*,*,#1445,.T.);
#427=ORIENTED_EDGE('',*,*,#1442,.T.);
#428=ORIENTED_EDGE('',*,*,#1446,.F.);
#429=ORIENTED_EDGE('',*,*,#1447,.F.);
#430=ORIENTED_EDGE('',*,*,#1430,.F.);
#431=ORIENTED_EDGE('',*,*,#1434,.F.);
#432=ORIENTED_EDGE('',*,*,#1437,.F.);
#433=ORIENTED_EDGE('',*,*,#1440,.F.);
#434=ORIENTED_EDGE('',*,*,#1443,.F.);
#435=ORIENTED_EDGE('',*,*,#1445,.F.);
#436=ORIENTED_EDGE('',*,*,#1448,.T.);
#437=ORIENTED_EDGE('',*,*,#1449,.F.);
#438=ORIENTED_EDGE('',*,*,#1450,.F.);
#439=ORIENTED_EDGE('',*,*,#1451,.T.);
#440=ORIENTED_EDGE('',*,*,#1452,.T.);
#441=ORIENTED_EDGE('',*,*,#1453,.F.);
#442=ORIENTED_EDGE('',*,*,#1454,.F.);
#443=ORIENTED_EDGE('',*,*,#1449,.T.);
#444=ORIENTED_EDGE('',*,*,#1455,.T.);
#445=ORIENTED_EDGE('',*,*,#1456,.F.);
#446=ORIENTED_EDGE('',*,*,#1457,.F.);
#447=ORIENTED_EDGE('',*,*,#1453,.T.);
#448=ORIENTED_EDGE('',*,*,#1458,.T.);
#449=ORIENTED_EDGE('',*,*,#1459,.F.);
#450=ORIENTED_EDGE('',*,*,#1460,.F.);
#451=ORIENTED_EDGE('',*,*,#1456,.T.);
#452=ORIENTED_EDGE('',*,*,#1461,.T.);
#453=ORIENTED_EDGE('',*,*,#1462,.F.);
#454=ORIENTED_EDGE('',*,*,#1463,.F.);
#455=ORIENTED_EDGE('',*,*,#1459,.T.);
#456=ORIENTED_EDGE('',*,*,#1464,.T.);
#457=ORIENTED_EDGE('',*,*,#1451,.F.);
#458=ORIENTED_EDGE('',*,*,#1465,.F.);
#459=ORIENTED_EDGE('',*,*,#1462,.T.);
#460=ORIENTED_EDGE('',*,*,#1466,.F.);
#461=ORIENTED_EDGE('',*,*,#1450,.T.);
#462=ORIENTED_EDGE('',*,*,#1454,.T.);
#463=ORIENTED_EDGE('',*,*,#1457,.T.);
#464=ORIENTED_EDGE('',*,*,#1460,.T.);
#465=ORIENTED_EDGE('',*,*,#1463,.T.);
#466=ORIENTED_EDGE('',*,*,#1465,.T.);
#467=ORIENTED_EDGE('',*,*,#1467,.F.);
#468=ORIENTED_EDGE('',*,*,#1468,.F.);
#469=ORIENTED_EDGE('',*,*,#1467,.T.);
#470=ORIENTED_EDGE('',*,*,#1469,.F.);
#471=ORIENTED_EDGE('',*,*,#1470,.T.);
#472=ORIENTED_EDGE('',*,*,#1471,.T.);
#473=ORIENTED_EDGE('',*,*,#1472,.T.);
#474=ORIENTED_EDGE('',*,*,#1470,.F.);
#475=ORIENTED_EDGE('',*,*,#1473,.T.);
#476=ORIENTED_EDGE('',*,*,#1466,.T.);
#477=ORIENTED_EDGE('',*,*,#1474,.F.);
#478=ORIENTED_EDGE('',*,*,#1447,.T.);
#479=ORIENTED_EDGE('',*,*,#1469,.T.);
#480=ORIENTED_EDGE('',*,*,#1475,.F.);
#481=ORIENTED_EDGE('',*,*,#1472,.F.);
#482=ORIENTED_EDGE('',*,*,#1476,.T.);
#483=ORIENTED_EDGE('',*,*,#1477,.F.);
#484=ORIENTED_EDGE('',*,*,#1478,.T.);
#485=ORIENTED_EDGE('',*,*,#1479,.T.);
#486=ORIENTED_EDGE('',*,*,#1480,.F.);
#487=ORIENTED_EDGE('',*,*,#1481,.F.);
#488=ORIENTED_EDGE('',*,*,#1482,.T.);
#489=ORIENTED_EDGE('',*,*,#1477,.T.);
#490=ORIENTED_EDGE('',*,*,#1483,.F.);
#491=ORIENTED_EDGE('',*,*,#1484,.F.);
#492=ORIENTED_EDGE('',*,*,#1485,.T.);
#493=ORIENTED_EDGE('',*,*,#1481,.T.);
#494=ORIENTED_EDGE('',*,*,#1486,.F.);
#495=ORIENTED_EDGE('',*,*,#1487,.F.);
#496=ORIENTED_EDGE('',*,*,#1488,.T.);
#497=ORIENTED_EDGE('',*,*,#1484,.T.);
#498=ORIENTED_EDGE('',*,*,#1489,.F.);
#499=ORIENTED_EDGE('',*,*,#1490,.F.);
#500=ORIENTED_EDGE('',*,*,#1491,.T.);
#501=ORIENTED_EDGE('',*,*,#1487,.T.);
#502=ORIENTED_EDGE('',*,*,#1492,.F.);
#503=ORIENTED_EDGE('',*,*,#1479,.F.);
#504=ORIENTED_EDGE('',*,*,#1493,.T.);
#505=ORIENTED_EDGE('',*,*,#1490,.T.);
#506=ORIENTED_EDGE('',*,*,#1494,.F.);
#507=ORIENTED_EDGE('',*,*,#1495,.F.);
#508=ORIENTED_EDGE('',*,*,#1478,.F.);
#509=ORIENTED_EDGE('',*,*,#1482,.F.);
#510=ORIENTED_EDGE('',*,*,#1485,.F.);
#511=ORIENTED_EDGE('',*,*,#1488,.F.);
#512=ORIENTED_EDGE('',*,*,#1491,.F.);
#513=ORIENTED_EDGE('',*,*,#1493,.F.);
#514=ORIENTED_EDGE('',*,*,#1496,.T.);
#515=ORIENTED_EDGE('',*,*,#1497,.F.);
#516=ORIENTED_EDGE('',*,*,#1498,.F.);
#517=ORIENTED_EDGE('',*,*,#1499,.T.);
#518=ORIENTED_EDGE('',*,*,#1500,.T.);
#519=ORIENTED_EDGE('',*,*,#1501,.F.);
#520=ORIENTED_EDGE('',*,*,#1502,.F.);
#521=ORIENTED_EDGE('',*,*,#1497,.T.);
#522=ORIENTED_EDGE('',*,*,#1503,.T.);
#523=ORIENTED_EDGE('',*,*,#1504,.F.);
#524=ORIENTED_EDGE('',*,*,#1505,.F.);
#525=ORIENTED_EDGE('',*,*,#1501,.T.);
#526=ORIENTED_EDGE('',*,*,#1506,.T.);
#527=ORIENTED_EDGE('',*,*,#1507,.F.);
#528=ORIENTED_EDGE('',*,*,#1508,.F.);
#529=ORIENTED_EDGE('',*,*,#1504,.T.);
#530=ORIENTED_EDGE('',*,*,#1509,.T.);
#531=ORIENTED_EDGE('',*,*,#1510,.F.);
#532=ORIENTED_EDGE('',*,*,#1511,.F.);
#533=ORIENTED_EDGE('',*,*,#1507,.T.);
#534=ORIENTED_EDGE('',*,*,#1512,.T.);
#535=ORIENTED_EDGE('',*,*,#1499,.F.);
#536=ORIENTED_EDGE('',*,*,#1513,.F.);
#537=ORIENTED_EDGE('',*,*,#1510,.T.);
#538=ORIENTED_EDGE('',*,*,#1514,.F.);
#539=ORIENTED_EDGE('',*,*,#1498,.T.);
#540=ORIENTED_EDGE('',*,*,#1502,.T.);
#541=ORIENTED_EDGE('',*,*,#1505,.T.);
#542=ORIENTED_EDGE('',*,*,#1508,.T.);
#543=ORIENTED_EDGE('',*,*,#1511,.T.);
#544=ORIENTED_EDGE('',*,*,#1513,.T.);
#545=ORIENTED_EDGE('',*,*,#1515,.F.);
#546=ORIENTED_EDGE('',*,*,#1516,.F.);
#547=ORIENTED_EDGE('',*,*,#1515,.T.);
#548=ORIENTED_EDGE('',*,*,#1517,.F.);
#549=ORIENTED_EDGE('',*,*,#1518,.T.);
#550=ORIENTED_EDGE('',*,*,#1519,.T.);
#551=ORIENTED_EDGE('',*,*,#1520,.T.);
#552=ORIENTED_EDGE('',*,*,#1518,.F.);
#553=ORIENTED_EDGE('',*,*,#1521,.T.);
#554=ORIENTED_EDGE('',*,*,#1514,.T.);
#555=ORIENTED_EDGE('',*,*,#1522,.F.);
#556=ORIENTED_EDGE('',*,*,#1495,.T.);
#557=ORIENTED_EDGE('',*,*,#1517,.T.);
#558=ORIENTED_EDGE('',*,*,#1523,.F.);
#559=ORIENTED_EDGE('',*,*,#1520,.F.);
#560=ORIENTED_EDGE('',*,*,#1524,.T.);
#561=ORIENTED_EDGE('',*,*,#1525,.F.);
#562=ORIENTED_EDGE('',*,*,#1526,.T.);
#563=ORIENTED_EDGE('',*,*,#1527,.T.);
#564=ORIENTED_EDGE('',*,*,#1528,.F.);
#565=ORIENTED_EDGE('',*,*,#1529,.F.);
#566=ORIENTED_EDGE('',*,*,#1530,.T.);
#567=ORIENTED_EDGE('',*,*,#1525,.T.);
#568=ORIENTED_EDGE('',*,*,#1531,.F.);
#569=ORIENTED_EDGE('',*,*,#1532,.F.);
#570=ORIENTED_EDGE('',*,*,#1533,.T.);
#571=ORIENTED_EDGE('',*,*,#1529,.T.);
#572=ORIENTED_EDGE('',*,*,#1534,.F.);
#573=ORIENTED_EDGE('',*,*,#1535,.F.);
#574=ORIENTED_EDGE('',*,*,#1536,.T.);
#575=ORIENTED_EDGE('',*,*,#1532,.T.);
#576=ORIENTED_EDGE('',*,*,#1537,.F.);
#577=ORIENTED_EDGE('',*,*,#1538,.F.);
#578=ORIENTED_EDGE('',*,*,#1539,.T.);
#579=ORIENTED_EDGE('',*,*,#1535,.T.);
#580=ORIENTED_EDGE('',*,*,#1540,.F.);
#581=ORIENTED_EDGE('',*,*,#1527,.F.);
#582=ORIENTED_EDGE('',*,*,#1541,.T.);
#583=ORIENTED_EDGE('',*,*,#1538,.T.);
#584=ORIENTED_EDGE('',*,*,#1542,.F.);
#585=ORIENTED_EDGE('',*,*,#1543,.F.);
#586=ORIENTED_EDGE('',*,*,#1526,.F.);
#587=ORIENTED_EDGE('',*,*,#1530,.F.);
#588=ORIENTED_EDGE('',*,*,#1533,.F.);
#589=ORIENTED_EDGE('',*,*,#1536,.F.);
#590=ORIENTED_EDGE('',*,*,#1539,.F.);
#591=ORIENTED_EDGE('',*,*,#1541,.F.);
#592=ORIENTED_EDGE('',*,*,#1544,.T.);
#593=ORIENTED_EDGE('',*,*,#1545,.F.);
#594=ORIENTED_EDGE('',*,*,#1546,.F.);
#595=ORIENTED_EDGE('',*,*,#1547,.T.);
#596=ORIENTED_EDGE('',*,*,#1548,.T.);
#597=ORIENTED_EDGE('',*,*,#1549,.F.);
#598=ORIENTED_EDGE('',*,*,#1550,.F.);
#599=ORIENTED_EDGE('',*,*,#1545,.T.);
#600=ORIENTED_EDGE('',*,*,#1551,.T.);
#601=ORIENTED_EDGE('',*,*,#1552,.F.);
#602=ORIENTED_EDGE('',*,*,#1553,.F.);
#603=ORIENTED_EDGE('',*,*,#1549,.T.);
#604=ORIENTED_EDGE('',*,*,#1554,.T.);
#605=ORIENTED_EDGE('',*,*,#1555,.F.);
#606=ORIENTED_EDGE('',*,*,#1556,.F.);
#607=ORIENTED_EDGE('',*,*,#1552,.T.);
#608=ORIENTED_EDGE('',*,*,#1557,.T.);
#609=ORIENTED_EDGE('',*,*,#1558,.F.);
#610=ORIENTED_EDGE('',*,*,#1559,.F.);
#611=ORIENTED_EDGE('',*,*,#1555,.T.);
#612=ORIENTED_EDGE('',*,*,#1560,.T.);
#613=ORIENTED_EDGE('',*,*,#1547,.F.);
#614=ORIENTED_EDGE('',*,*,#1561,.F.);
#615=ORIENTED_EDGE('',*,*,#1558,.T.);
#616=ORIENTED_EDGE('',*,*,#1562,.F.);
#617=ORIENTED_EDGE('',*,*,#1546,.T.);
#618=ORIENTED_EDGE('',*,*,#1550,.T.);
#619=ORIENTED_EDGE('',*,*,#1553,.T.);
#620=ORIENTED_EDGE('',*,*,#1556,.T.);
#621=ORIENTED_EDGE('',*,*,#1559,.T.);
#622=ORIENTED_EDGE('',*,*,#1561,.T.);
#623=ORIENTED_EDGE('',*,*,#1563,.F.);
#624=ORIENTED_EDGE('',*,*,#1564,.F.);
#625=ORIENTED_EDGE('',*,*,#1563,.T.);
#626=ORIENTED_EDGE('',*,*,#1565,.F.);
#627=ORIENTED_EDGE('',*,*,#1566,.T.);
#628=ORIENTED_EDGE('',*,*,#1567,.T.);
#629=ORIENTED_EDGE('',*,*,#1568,.T.);
#630=ORIENTED_EDGE('',*,*,#1566,.F.);
#631=ORIENTED_EDGE('',*,*,#1569,.T.);
#632=ORIENTED_EDGE('',*,*,#1562,.T.);
#633=ORIENTED_EDGE('',*,*,#1570,.F.);
#634=ORIENTED_EDGE('',*,*,#1543,.T.);
#635=ORIENTED_EDGE('',*,*,#1565,.T.);
#636=ORIENTED_EDGE('',*,*,#1571,.F.);
#637=ORIENTED_EDGE('',*,*,#1568,.F.);
#638=ORIENTED_EDGE('',*,*,#1572,.T.);
#639=ORIENTED_EDGE('',*,*,#1573,.F.);
#640=ORIENTED_EDGE('',*,*,#1574,.F.);
#641=ORIENTED_EDGE('',*,*,#1575,.F.);
#642=ORIENTED_EDGE('',*,*,#1576,.F.);
#643=ORIENTED_EDGE('',*,*,#1577,.F.);
#644=ORIENTED_EDGE('',*,*,#1578,.F.);
#645=ORIENTED_EDGE('',*,*,#1579,.T.);
#646=ORIENTED_EDGE('',*,*,#1580,.T.);
#647=ORIENTED_EDGE('',*,*,#1581,.F.);
#648=ORIENTED_EDGE('',*,*,#1582,.F.);
#649=ORIENTED_EDGE('',*,*,#1583,.T.);
#650=ORIENTED_EDGE('',*,*,#1584,.T.);
#651=ORIENTED_EDGE('',*,*,#1585,.T.);
#652=ORIENTED_EDGE('',*,*,#1586,.T.);
#653=ORIENTED_EDGE('',*,*,#1587,.T.);
#654=ORIENTED_EDGE('',*,*,#1588,.T.);
#655=ORIENTED_EDGE('',*,*,#1589,.F.);
#656=ORIENTED_EDGE('',*,*,#1590,.T.);
#657=ORIENTED_EDGE('',*,*,#1591,.T.);
#658=ORIENTED_EDGE('',*,*,#1592,.T.);
#659=ORIENTED_EDGE('',*,*,#1593,.T.);
#660=ORIENTED_EDGE('',*,*,#1594,.T.);
#661=ORIENTED_EDGE('',*,*,#1595,.F.);
#662=ORIENTED_EDGE('',*,*,#1596,.T.);
#663=ORIENTED_EDGE('',*,*,#1597,.T.);
#664=ORIENTED_EDGE('',*,*,#1598,.F.);
#665=ORIENTED_EDGE('',*,*,#1589,.T.);
#666=ORIENTED_EDGE('',*,*,#1599,.F.);
#667=ORIENTED_EDGE('',*,*,#1600,.T.);
#668=ORIENTED_EDGE('',*,*,#1601,.T.);
#669=ORIENTED_EDGE('',*,*,#1602,.T.);
#670=ORIENTED_EDGE('',*,*,#1591,.F.);
#671=ORIENTED_EDGE('',*,*,#1603,.T.);
#672=ORIENTED_EDGE('',*,*,#1604,.T.);
#673=ORIENTED_EDGE('',*,*,#1605,.T.);
#674=ORIENTED_EDGE('',*,*,#1606,.F.);
#675=ORIENTED_EDGE('',*,*,#1607,.F.);
#676=ORIENTED_EDGE('',*,*,#1608,.F.);
#677=ORIENTED_EDGE('',*,*,#1387,.T.);
#678=ORIENTED_EDGE('',*,*,#1384,.T.);
#679=ORIENTED_EDGE('',*,*,#1398,.T.);
#680=ORIENTED_EDGE('',*,*,#1396,.T.);
#681=ORIENTED_EDGE('',*,*,#1393,.T.);
#682=ORIENTED_EDGE('',*,*,#1390,.T.);
#683=ORIENTED_EDGE('',*,*,#1400,.F.);
#684=ORIENTED_EDGE('',*,*,#1416,.F.);
#685=ORIENTED_EDGE('',*,*,#1413,.F.);
#686=ORIENTED_EDGE('',*,*,#1410,.F.);
#687=ORIENTED_EDGE('',*,*,#1407,.F.);
#688=ORIENTED_EDGE('',*,*,#1404,.F.);
#689=ORIENTED_EDGE('',*,*,#1609,.T.);
#690=ORIENTED_EDGE('',*,*,#1610,.T.);
#691=ORIENTED_EDGE('',*,*,#1611,.F.);
#692=ORIENTED_EDGE('',*,*,#1612,.F.);
#693=ORIENTED_EDGE('',*,*,#1613,.F.);
#694=ORIENTED_EDGE('',*,*,#1614,.F.);
#695=ORIENTED_EDGE('',*,*,#1615,.T.);
#696=ORIENTED_EDGE('',*,*,#1612,.T.);
#697=ORIENTED_EDGE('',*,*,#1425,.F.);
#698=ORIENTED_EDGE('',*,*,#1426,.T.);
#699=ORIENTED_EDGE('',*,*,#1616,.F.);
#700=ORIENTED_EDGE('',*,*,#1617,.T.);
#701=ORIENTED_EDGE('',*,*,#1618,.T.);
#702=ORIENTED_EDGE('',*,*,#1614,.T.);
#703=ORIENTED_EDGE('',*,*,#1619,.T.);
#704=ORIENTED_EDGE('',*,*,#1620,.T.);
#705=ORIENTED_EDGE('',*,*,#1621,.F.);
#706=ORIENTED_EDGE('',*,*,#1622,.T.);
#707=ORIENTED_EDGE('',*,*,#1428,.F.);
#708=ORIENTED_EDGE('',*,*,#1427,.T.);
#709=ORIENTED_EDGE('',*,*,#1623,.T.);
#710=ORIENTED_EDGE('',*,*,#1624,.T.);
#711=ORIENTED_EDGE('',*,*,#1625,.F.);
#712=ORIENTED_EDGE('',*,*,#1626,.F.);
#713=ORIENTED_EDGE('',*,*,#1627,.T.);
#714=ORIENTED_EDGE('',*,*,#1628,.F.);
#715=ORIENTED_EDGE('',*,*,#1629,.F.);
#716=ORIENTED_EDGE('',*,*,#1626,.T.);
#717=ORIENTED_EDGE('',*,*,#1423,.F.);
#718=ORIENTED_EDGE('',*,*,#1420,.T.);
#719=ORIENTED_EDGE('',*,*,#1630,.T.);
#720=ORIENTED_EDGE('',*,*,#1631,.T.);
#721=ORIENTED_EDGE('',*,*,#1632,.F.);
#722=ORIENTED_EDGE('',*,*,#1628,.T.);
#723=ORIENTED_EDGE('',*,*,#1339,.T.);
#724=ORIENTED_EDGE('',*,*,#1336,.T.);
#725=ORIENTED_EDGE('',*,*,#1350,.T.);
#726=ORIENTED_EDGE('',*,*,#1348,.T.);
#727=ORIENTED_EDGE('',*,*,#1345,.T.);
#728=ORIENTED_EDGE('',*,*,#1342,.T.);
#729=ORIENTED_EDGE('',*,*,#1352,.F.);
#730=ORIENTED_EDGE('',*,*,#1368,.F.);
#731=ORIENTED_EDGE('',*,*,#1365,.F.);
#732=ORIENTED_EDGE('',*,*,#1362,.F.);
#733=ORIENTED_EDGE('',*,*,#1359,.F.);
#734=ORIENTED_EDGE('',*,*,#1356,.F.);
#735=ORIENTED_EDGE('',*,*,#1633,.T.);
#736=ORIENTED_EDGE('',*,*,#1634,.T.);
#737=ORIENTED_EDGE('',*,*,#1635,.F.);
#738=ORIENTED_EDGE('',*,*,#1636,.F.);
#739=ORIENTED_EDGE('',*,*,#1637,.F.);
#740=ORIENTED_EDGE('',*,*,#1638,.F.);
#741=ORIENTED_EDGE('',*,*,#1639,.T.);
#742=ORIENTED_EDGE('',*,*,#1636,.T.);
#743=ORIENTED_EDGE('',*,*,#1377,.F.);
#744=ORIENTED_EDGE('',*,*,#1378,.T.);
#745=ORIENTED_EDGE('',*,*,#1640,.F.);
#746=ORIENTED_EDGE('',*,*,#1641,.T.);
#747=ORIENTED_EDGE('',*,*,#1642,.T.);
#748=ORIENTED_EDGE('',*,*,#1638,.T.);
#749=ORIENTED_EDGE('',*,*,#1643,.T.);
#750=ORIENTED_EDGE('',*,*,#1644,.T.);
#751=ORIENTED_EDGE('',*,*,#1645,.F.);
#752=ORIENTED_EDGE('',*,*,#1646,.T.);
#753=ORIENTED_EDGE('',*,*,#1380,.F.);
#754=ORIENTED_EDGE('',*,*,#1379,.T.);
#755=ORIENTED_EDGE('',*,*,#1647,.T.);
#756=ORIENTED_EDGE('',*,*,#1648,.T.);
#757=ORIENTED_EDGE('',*,*,#1649,.F.);
#758=ORIENTED_EDGE('',*,*,#1650,.F.);
#759=ORIENTED_EDGE('',*,*,#1651,.T.);
#760=ORIENTED_EDGE('',*,*,#1652,.F.);
#761=ORIENTED_EDGE('',*,*,#1653,.F.);
#762=ORIENTED_EDGE('',*,*,#1650,.T.);
#763=ORIENTED_EDGE('',*,*,#1375,.F.);
#764=ORIENTED_EDGE('',*,*,#1372,.T.);
#765=ORIENTED_EDGE('',*,*,#1654,.T.);
#766=ORIENTED_EDGE('',*,*,#1655,.T.);
#767=ORIENTED_EDGE('',*,*,#1656,.F.);
#768=ORIENTED_EDGE('',*,*,#1652,.T.);
#769=ORIENTED_EDGE('',*,*,#1657,.F.);
#770=ORIENTED_EDGE('',*,*,#1602,.F.);
#771=ORIENTED_EDGE('',*,*,#1658,.T.);
#772=ORIENTED_EDGE('',*,*,#1582,.T.);
#773=ORIENTED_EDGE('',*,*,#1659,.T.);
#774=ORIENTED_EDGE('',*,*,#1660,.T.);
#775=ORIENTED_EDGE('',*,*,#1661,.F.);
#776=ORIENTED_EDGE('',*,*,#1662,.T.);
#777=ORIENTED_EDGE('',*,*,#1663,.T.);
#778=ORIENTED_EDGE('',*,*,#1596,.F.);
#779=ORIENTED_EDGE('',*,*,#1664,.F.);
#780=ORIENTED_EDGE('',*,*,#1607,.T.);
#781=ORIENTED_EDGE('',*,*,#1531,.T.);
#782=ORIENTED_EDGE('',*,*,#1528,.T.);
#783=ORIENTED_EDGE('',*,*,#1542,.T.);
#784=ORIENTED_EDGE('',*,*,#1540,.T.);
#785=ORIENTED_EDGE('',*,*,#1537,.T.);
#786=ORIENTED_EDGE('',*,*,#1534,.T.);
#787=ORIENTED_EDGE('',*,*,#1544,.F.);
#788=ORIENTED_EDGE('',*,*,#1560,.F.);
#789=ORIENTED_EDGE('',*,*,#1557,.F.);
#790=ORIENTED_EDGE('',*,*,#1554,.F.);
#791=ORIENTED_EDGE('',*,*,#1551,.F.);
#792=ORIENTED_EDGE('',*,*,#1548,.F.);
#793=ORIENTED_EDGE('',*,*,#1665,.T.);
#794=ORIENTED_EDGE('',*,*,#1666,.T.);
#795=ORIENTED_EDGE('',*,*,#1667,.F.);
#796=ORIENTED_EDGE('',*,*,#1668,.F.);
#797=ORIENTED_EDGE('',*,*,#1669,.F.);
#798=ORIENTED_EDGE('',*,*,#1670,.F.);
#799=ORIENTED_EDGE('',*,*,#1671,.T.);
#800=ORIENTED_EDGE('',*,*,#1668,.T.);
#801=ORIENTED_EDGE('',*,*,#1569,.F.);
#802=ORIENTED_EDGE('',*,*,#1570,.T.);
#803=ORIENTED_EDGE('',*,*,#1672,.F.);
#804=ORIENTED_EDGE('',*,*,#1673,.T.);
#805=ORIENTED_EDGE('',*,*,#1674,.T.);
#806=ORIENTED_EDGE('',*,*,#1670,.T.);
#807=ORIENTED_EDGE('',*,*,#1675,.F.);
#808=ORIENTED_EDGE('',*,*,#1676,.T.);
#809=ORIENTED_EDGE('',*,*,#1677,.T.);
#810=ORIENTED_EDGE('',*,*,#1678,.T.);
#811=ORIENTED_EDGE('',*,*,#1572,.F.);
#812=ORIENTED_EDGE('',*,*,#1571,.T.);
#813=ORIENTED_EDGE('',*,*,#1679,.T.);
#814=ORIENTED_EDGE('',*,*,#1680,.T.);
#815=ORIENTED_EDGE('',*,*,#1681,.F.);
#816=ORIENTED_EDGE('',*,*,#1682,.F.);
#817=ORIENTED_EDGE('',*,*,#1683,.T.);
#818=ORIENTED_EDGE('',*,*,#1684,.F.);
#819=ORIENTED_EDGE('',*,*,#1685,.F.);
#820=ORIENTED_EDGE('',*,*,#1682,.T.);
#821=ORIENTED_EDGE('',*,*,#1567,.F.);
#822=ORIENTED_EDGE('',*,*,#1564,.T.);
#823=ORIENTED_EDGE('',*,*,#1686,.T.);
#824=ORIENTED_EDGE('',*,*,#1687,.T.);
#825=ORIENTED_EDGE('',*,*,#1688,.F.);
#826=ORIENTED_EDGE('',*,*,#1684,.T.);
#827=ORIENTED_EDGE('',*,*,#1483,.T.);
#828=ORIENTED_EDGE('',*,*,#1480,.T.);
#829=ORIENTED_EDGE('',*,*,#1494,.T.);
#830=ORIENTED_EDGE('',*,*,#1492,.T.);
#831=ORIENTED_EDGE('',*,*,#1489,.T.);
#832=ORIENTED_EDGE('',*,*,#1486,.T.);
#833=ORIENTED_EDGE('',*,*,#1496,.F.);
#834=ORIENTED_EDGE('',*,*,#1512,.F.);
#835=ORIENTED_EDGE('',*,*,#1509,.F.);
#836=ORIENTED_EDGE('',*,*,#1506,.F.);
#837=ORIENTED_EDGE('',*,*,#1503,.F.);
#838=ORIENTED_EDGE('',*,*,#1500,.F.);
#839=ORIENTED_EDGE('',*,*,#1689,.T.);
#840=ORIENTED_EDGE('',*,*,#1690,.T.);
#841=ORIENTED_EDGE('',*,*,#1691,.F.);
#842=ORIENTED_EDGE('',*,*,#1692,.F.);
#843=ORIENTED_EDGE('',*,*,#1693,.F.);
#844=ORIENTED_EDGE('',*,*,#1694,.F.);
#845=ORIENTED_EDGE('',*,*,#1695,.T.);
#846=ORIENTED_EDGE('',*,*,#1692,.T.);
#847=ORIENTED_EDGE('',*,*,#1521,.F.);
#848=ORIENTED_EDGE('',*,*,#1522,.T.);
#849=ORIENTED_EDGE('',*,*,#1696,.F.);
#850=ORIENTED_EDGE('',*,*,#1697,.T.);
#851=ORIENTED_EDGE('',*,*,#1698,.T.);
#852=ORIENTED_EDGE('',*,*,#1694,.T.);
#853=ORIENTED_EDGE('',*,*,#1699,.F.);
#854=ORIENTED_EDGE('',*,*,#1700,.T.);
#855=ORIENTED_EDGE('',*,*,#1701,.T.);
#856=ORIENTED_EDGE('',*,*,#1702,.T.);
#857=ORIENTED_EDGE('',*,*,#1524,.F.);
#858=ORIENTED_EDGE('',*,*,#1523,.T.);
#859=ORIENTED_EDGE('',*,*,#1703,.T.);
#860=ORIENTED_EDGE('',*,*,#1704,.T.);
#861=ORIENTED_EDGE('',*,*,#1705,.F.);
#862=ORIENTED_EDGE('',*,*,#1706,.F.);
#863=ORIENTED_EDGE('',*,*,#1707,.T.);
#864=ORIENTED_EDGE('',*,*,#1708,.F.);
#865=ORIENTED_EDGE('',*,*,#1709,.F.);
#866=ORIENTED_EDGE('',*,*,#1706,.T.);
#867=ORIENTED_EDGE('',*,*,#1519,.F.);
#868=ORIENTED_EDGE('',*,*,#1516,.T.);
#869=ORIENTED_EDGE('',*,*,#1710,.T.);
#870=ORIENTED_EDGE('',*,*,#1711,.T.);
#871=ORIENTED_EDGE('',*,*,#1712,.F.);
#872=ORIENTED_EDGE('',*,*,#1708,.T.);
#873=ORIENTED_EDGE('',*,*,#1435,.T.);
#874=ORIENTED_EDGE('',*,*,#1432,.T.);
#875=ORIENTED_EDGE('',*,*,#1446,.T.);
#876=ORIENTED_EDGE('',*,*,#1444,.T.);
#877=ORIENTED_EDGE('',*,*,#1441,.T.);
#878=ORIENTED_EDGE('',*,*,#1438,.T.);
#879=ORIENTED_EDGE('',*,*,#1448,.F.);
#880=ORIENTED_EDGE('',*,*,#1464,.F.);
#881=ORIENTED_EDGE('',*,*,#1461,.F.);
#882=ORIENTED_EDGE('',*,*,#1458,.F.);
#883=ORIENTED_EDGE('',*,*,#1455,.F.);
#884=ORIENTED_EDGE('',*,*,#1452,.F.);
#885=ORIENTED_EDGE('',*,*,#1713,.T.);
#886=ORIENTED_EDGE('',*,*,#1714,.T.);
#887=ORIENTED_EDGE('',*,*,#1715,.F.);
#888=ORIENTED_EDGE('',*,*,#1716,.F.);
#889=ORIENTED_EDGE('',*,*,#1717,.F.);
#890=ORIENTED_EDGE('',*,*,#1718,.F.);
#891=ORIENTED_EDGE('',*,*,#1719,.T.);
#892=ORIENTED_EDGE('',*,*,#1716,.T.);
#893=ORIENTED_EDGE('',*,*,#1473,.F.);
#894=ORIENTED_EDGE('',*,*,#1474,.T.);
#895=ORIENTED_EDGE('',*,*,#1720,.F.);
#896=ORIENTED_EDGE('',*,*,#1721,.T.);
#897=ORIENTED_EDGE('',*,*,#1722,.T.);
#898=ORIENTED_EDGE('',*,*,#1718,.T.);
#899=ORIENTED_EDGE('',*,*,#1723,.F.);
#900=ORIENTED_EDGE('',*,*,#1724,.T.);
#901=ORIENTED_EDGE('',*,*,#1725,.T.);
#902=ORIENTED_EDGE('',*,*,#1726,.T.);
#903=ORIENTED_EDGE('',*,*,#1476,.F.);
#904=ORIENTED_EDGE('',*,*,#1475,.T.);
#905=ORIENTED_EDGE('',*,*,#1727,.T.);
#906=ORIENTED_EDGE('',*,*,#1728,.T.);
#907=ORIENTED_EDGE('',*,*,#1729,.F.);
#908=ORIENTED_EDGE('',*,*,#1730,.F.);
#909=ORIENTED_EDGE('',*,*,#1731,.T.);
#910=ORIENTED_EDGE('',*,*,#1732,.F.);
#911=ORIENTED_EDGE('',*,*,#1733,.F.);
#912=ORIENTED_EDGE('',*,*,#1730,.T.);
#913=ORIENTED_EDGE('',*,*,#1471,.F.);
#914=ORIENTED_EDGE('',*,*,#1468,.T.);
#915=ORIENTED_EDGE('',*,*,#1734,.T.);
#916=ORIENTED_EDGE('',*,*,#1735,.T.);
#917=ORIENTED_EDGE('',*,*,#1736,.F.);
#918=ORIENTED_EDGE('',*,*,#1732,.T.);
#919=ORIENTED_EDGE('',*,*,#1642,.F.);
#920=ORIENTED_EDGE('',*,*,#1737,.T.);
#921=ORIENTED_EDGE('',*,*,#1738,.F.);
#922=ORIENTED_EDGE('',*,*,#1739,.T.);
#923=ORIENTED_EDGE('',*,*,#1643,.F.);
#924=ORIENTED_EDGE('',*,*,#1740,.T.);
#925=ORIENTED_EDGE('',*,*,#1741,.F.);
#926=ORIENTED_EDGE('',*,*,#1742,.T.);
#927=ORIENTED_EDGE('',*,*,#1647,.F.);
#928=ORIENTED_EDGE('',*,*,#1653,.T.);
#929=ORIENTED_EDGE('',*,*,#1656,.T.);
#930=ORIENTED_EDGE('',*,*,#1743,.T.);
#931=ORIENTED_EDGE('',*,*,#1579,.F.);
#932=ORIENTED_EDGE('',*,*,#1658,.F.);
#933=ORIENTED_EDGE('',*,*,#1601,.F.);
#934=ORIENTED_EDGE('',*,*,#1744,.T.);
#935=ORIENTED_EDGE('',*,*,#1745,.F.);
#936=ORIENTED_EDGE('',*,*,#1746,.T.);
#937=ORIENTED_EDGE('',*,*,#1659,.F.);
#938=ORIENTED_EDGE('',*,*,#1747,.T.);
#939=ORIENTED_EDGE('',*,*,#1748,.F.);
#940=ORIENTED_EDGE('',*,*,#1749,.T.);
#941=ORIENTED_EDGE('',*,*,#1604,.F.);
#942=ORIENTED_EDGE('',*,*,#1664,.T.);
#943=ORIENTED_EDGE('',*,*,#1595,.T.);
#944=ORIENTED_EDGE('',*,*,#1750,.T.);
#945=ORIENTED_EDGE('',*,*,#1665,.F.);
#946=ORIENTED_EDGE('',*,*,#1671,.F.);
#947=ORIENTED_EDGE('',*,*,#1674,.F.);
#948=ORIENTED_EDGE('',*,*,#1751,.T.);
#949=ORIENTED_EDGE('',*,*,#1752,.F.);
#950=ORIENTED_EDGE('',*,*,#1753,.T.);
#951=ORIENTED_EDGE('',*,*,#1677,.F.);
#952=ORIENTED_EDGE('',*,*,#1754,.T.);
#953=ORIENTED_EDGE('',*,*,#1755,.F.);
#954=ORIENTED_EDGE('',*,*,#1756,.T.);
#955=ORIENTED_EDGE('',*,*,#1679,.F.);
#956=ORIENTED_EDGE('',*,*,#1685,.T.);
#957=ORIENTED_EDGE('',*,*,#1688,.T.);
#958=ORIENTED_EDGE('',*,*,#1757,.T.);
#959=ORIENTED_EDGE('',*,*,#1689,.F.);
#960=ORIENTED_EDGE('',*,*,#1695,.F.);
#961=ORIENTED_EDGE('',*,*,#1698,.F.);
#962=ORIENTED_EDGE('',*,*,#1758,.T.);
#963=ORIENTED_EDGE('',*,*,#1759,.F.);
#964=ORIENTED_EDGE('',*,*,#1760,.T.);
#965=ORIENTED_EDGE('',*,*,#1701,.F.);
#966=ORIENTED_EDGE('',*,*,#1761,.T.);
#967=ORIENTED_EDGE('',*,*,#1762,.F.);
#968=ORIENTED_EDGE('',*,*,#1763,.T.);
#969=ORIENTED_EDGE('',*,*,#1703,.F.);
#970=ORIENTED_EDGE('',*,*,#1709,.T.);
#971=ORIENTED_EDGE('',*,*,#1712,.T.);
#972=ORIENTED_EDGE('',*,*,#1764,.T.);
#973=ORIENTED_EDGE('',*,*,#1713,.F.);
#974=ORIENTED_EDGE('',*,*,#1719,.F.);
#975=ORIENTED_EDGE('',*,*,#1722,.F.);
#976=ORIENTED_EDGE('',*,*,#1765,.T.);
#977=ORIENTED_EDGE('',*,*,#1766,.F.);
#978=ORIENTED_EDGE('',*,*,#1767,.T.);
#979=ORIENTED_EDGE('',*,*,#1725,.F.);
#980=ORIENTED_EDGE('',*,*,#1768,.T.);
#981=ORIENTED_EDGE('',*,*,#1769,.F.);
#982=ORIENTED_EDGE('',*,*,#1770,.T.);
#983=ORIENTED_EDGE('',*,*,#1727,.F.);
#984=ORIENTED_EDGE('',*,*,#1733,.T.);
#985=ORIENTED_EDGE('',*,*,#1736,.T.);
#986=ORIENTED_EDGE('',*,*,#1771,.T.);
#987=ORIENTED_EDGE('',*,*,#1609,.F.);
#988=ORIENTED_EDGE('',*,*,#1615,.F.);
#989=ORIENTED_EDGE('',*,*,#1618,.F.);
#990=ORIENTED_EDGE('',*,*,#1772,.T.);
#991=ORIENTED_EDGE('',*,*,#1773,.F.);
#992=ORIENTED_EDGE('',*,*,#1774,.T.);
#993=ORIENTED_EDGE('',*,*,#1619,.F.);
#994=ORIENTED_EDGE('',*,*,#1775,.T.);
#995=ORIENTED_EDGE('',*,*,#1776,.F.);
#996=ORIENTED_EDGE('',*,*,#1777,.T.);
#997=ORIENTED_EDGE('',*,*,#1623,.F.);
#998=ORIENTED_EDGE('',*,*,#1629,.T.);
#999=ORIENTED_EDGE('',*,*,#1632,.T.);
#1000=ORIENTED_EDGE('',*,*,#1778,.T.);
#1001=ORIENTED_EDGE('',*,*,#1633,.F.);
#1002=ORIENTED_EDGE('',*,*,#1639,.F.);
#1003=ORIENTED_EDGE('',*,*,#1779,.F.);
#1004=ORIENTED_EDGE('',*,*,#1780,.T.);
#1005=ORIENTED_EDGE('',*,*,#1781,.T.);
#1006=ORIENTED_EDGE('',*,*,#1782,.T.);
#1007=ORIENTED_EDGE('',*,*,#1640,.T.);
#1008=ORIENTED_EDGE('',*,*,#1637,.T.);
#1009=ORIENTED_EDGE('',*,*,#1635,.T.);
#1010=ORIENTED_EDGE('',*,*,#1783,.T.);
#1011=ORIENTED_EDGE('',*,*,#1630,.F.);
#1012=ORIENTED_EDGE('',*,*,#1627,.F.);
#1013=ORIENTED_EDGE('',*,*,#1625,.T.);
#1014=ORIENTED_EDGE('',*,*,#1784,.T.);
#1015=ORIENTED_EDGE('',*,*,#1785,.T.);
#1016=ORIENTED_EDGE('',*,*,#1786,.T.);
#1017=ORIENTED_EDGE('',*,*,#1621,.T.);
#1018=ORIENTED_EDGE('',*,*,#1787,.T.);
#1019=ORIENTED_EDGE('',*,*,#1788,.T.);
#1020=ORIENTED_EDGE('',*,*,#1789,.T.);
#1021=ORIENTED_EDGE('',*,*,#1616,.T.);
#1022=ORIENTED_EDGE('',*,*,#1613,.T.);
#1023=ORIENTED_EDGE('',*,*,#1611,.T.);
#1024=ORIENTED_EDGE('',*,*,#1790,.T.);
#1025=ORIENTED_EDGE('',*,*,#1734,.F.);
#1026=ORIENTED_EDGE('',*,*,#1731,.F.);
#1027=ORIENTED_EDGE('',*,*,#1729,.T.);
#1028=ORIENTED_EDGE('',*,*,#1791,.T.);
#1029=ORIENTED_EDGE('',*,*,#1792,.T.);
#1030=ORIENTED_EDGE('',*,*,#1793,.T.);
#1031=ORIENTED_EDGE('',*,*,#1723,.T.);
#1032=ORIENTED_EDGE('',*,*,#1794,.T.);
#1033=ORIENTED_EDGE('',*,*,#1795,.T.);
#1034=ORIENTED_EDGE('',*,*,#1796,.T.);
#1035=ORIENTED_EDGE('',*,*,#1720,.T.);
#1036=ORIENTED_EDGE('',*,*,#1717,.T.);
#1037=ORIENTED_EDGE('',*,*,#1715,.T.);
#1038=ORIENTED_EDGE('',*,*,#1797,.T.);
#1039=ORIENTED_EDGE('',*,*,#1710,.F.);
#1040=ORIENTED_EDGE('',*,*,#1707,.F.);
#1041=ORIENTED_EDGE('',*,*,#1705,.T.);
#1042=ORIENTED_EDGE('',*,*,#1798,.T.);
#1043=ORIENTED_EDGE('',*,*,#1799,.T.);
#1044=ORIENTED_EDGE('',*,*,#1800,.T.);
#1045=ORIENTED_EDGE('',*,*,#1699,.T.);
#1046=ORIENTED_EDGE('',*,*,#1801,.T.);
#1047=ORIENTED_EDGE('',*,*,#1802,.T.);
#1048=ORIENTED_EDGE('',*,*,#1803,.T.);
#1049=ORIENTED_EDGE('',*,*,#1696,.T.);
#1050=ORIENTED_EDGE('',*,*,#1693,.T.);
#1051=ORIENTED_EDGE('',*,*,#1691,.T.);
#1052=ORIENTED_EDGE('',*,*,#1804,.T.);
#1053=ORIENTED_EDGE('',*,*,#1686,.F.);
#1054=ORIENTED_EDGE('',*,*,#1683,.F.);
#1055=ORIENTED_EDGE('',*,*,#1681,.T.);
#1056=ORIENTED_EDGE('',*,*,#1805,.T.);
#1057=ORIENTED_EDGE('',*,*,#1806,.T.);
#1058=ORIENTED_EDGE('',*,*,#1807,.T.);
#1059=ORIENTED_EDGE('',*,*,#1675,.T.);
#1060=ORIENTED_EDGE('',*,*,#1808,.T.);
#1061=ORIENTED_EDGE('',*,*,#1809,.T.);
#1062=ORIENTED_EDGE('',*,*,#1810,.T.);
#1063=ORIENTED_EDGE('',*,*,#1672,.T.);
#1064=ORIENTED_EDGE('',*,*,#1669,.T.);
#1065=ORIENTED_EDGE('',*,*,#1667,.T.);
#1066=ORIENTED_EDGE('',*,*,#1811,.T.);
#1067=ORIENTED_EDGE('',*,*,#1593,.F.);
#1068=ORIENTED_EDGE('',*,*,#1663,.F.);
#1069=ORIENTED_EDGE('',*,*,#1606,.T.);
#1070=ORIENTED_EDGE('',*,*,#1812,.T.);
#1071=ORIENTED_EDGE('',*,*,#1813,.T.);
#1072=ORIENTED_EDGE('',*,*,#1814,.T.);
#1073=ORIENTED_EDGE('',*,*,#1661,.T.);
#1074=ORIENTED_EDGE('',*,*,#1815,.T.);
#1075=ORIENTED_EDGE('',*,*,#1816,.T.);
#1076=ORIENTED_EDGE('',*,*,#1817,.T.);
#1077=ORIENTED_EDGE('',*,*,#1599,.T.);
#1078=ORIENTED_EDGE('',*,*,#1657,.T.);
#1079=ORIENTED_EDGE('',*,*,#1581,.T.);
#1080=ORIENTED_EDGE('',*,*,#1818,.T.);
#1081=ORIENTED_EDGE('',*,*,#1654,.F.);
#1082=ORIENTED_EDGE('',*,*,#1651,.F.);
#1083=ORIENTED_EDGE('',*,*,#1649,.T.);
#1084=ORIENTED_EDGE('',*,*,#1819,.T.);
#1085=ORIENTED_EDGE('',*,*,#1820,.T.);
#1086=ORIENTED_EDGE('',*,*,#1821,.T.);
#1087=ORIENTED_EDGE('',*,*,#1645,.T.);
#1088=ORIENTED_EDGE('',*,*,#1822,.T.);
#1089=ORIENTED_EDGE('',*,*,#1748,.T.);
#1090=ORIENTED_EDGE('',*,*,#1823,.T.);
#1091=ORIENTED_EDGE('',*,*,#1813,.F.);
#1092=ORIENTED_EDGE('',*,*,#1824,.T.);
#1093=ORIENTED_EDGE('',*,*,#1779,.T.);
#1094=ORIENTED_EDGE('',*,*,#1780,.F.);
#1095=ORIENTED_EDGE('',*,*,#1809,.F.);
#1096=ORIENTED_EDGE('',*,*,#1825,.T.);
#1097=ORIENTED_EDGE('',*,*,#1752,.T.);
#1098=ORIENTED_EDGE('',*,*,#1826,.T.);
#1099=ORIENTED_EDGE('',*,*,#1806,.F.);
#1100=ORIENTED_EDGE('',*,*,#1827,.T.);
#1101=ORIENTED_EDGE('',*,*,#1755,.T.);
#1102=ORIENTED_EDGE('',*,*,#1828,.T.);
#1103=ORIENTED_EDGE('',*,*,#1802,.F.);
#1104=ORIENTED_EDGE('',*,*,#1829,.T.);
#1105=ORIENTED_EDGE('',*,*,#1759,.T.);
#1106=ORIENTED_EDGE('',*,*,#1830,.T.);
#1107=ORIENTED_EDGE('',*,*,#1799,.F.);
#1108=ORIENTED_EDGE('',*,*,#1831,.T.);
#1109=ORIENTED_EDGE('',*,*,#1762,.T.);
#1110=ORIENTED_EDGE('',*,*,#1832,.T.);
#1111=ORIENTED_EDGE('',*,*,#1766,.T.);
#1112=ORIENTED_EDGE('',*,*,#1833,.T.);
#1113=ORIENTED_EDGE('',*,*,#1795,.F.);
#1114=ORIENTED_EDGE('',*,*,#1834,.T.);
#1115=ORIENTED_EDGE('',*,*,#1769,.T.);
#1116=ORIENTED_EDGE('',*,*,#1835,.T.);
#1117=ORIENTED_EDGE('',*,*,#1792,.F.);
#1118=ORIENTED_EDGE('',*,*,#1836,.T.);
#1119=ORIENTED_EDGE('',*,*,#1773,.T.);
#1120=ORIENTED_EDGE('',*,*,#1837,.T.);
#1121=ORIENTED_EDGE('',*,*,#1788,.F.);
#1122=ORIENTED_EDGE('',*,*,#1838,.T.);
#1123=ORIENTED_EDGE('',*,*,#1785,.F.);
#1124=ORIENTED_EDGE('',*,*,#1839,.T.);
#1125=ORIENTED_EDGE('',*,*,#1776,.T.);
#1126=ORIENTED_EDGE('',*,*,#1840,.T.);
#1127=ORIENTED_EDGE('',*,*,#1738,.T.);
#1128=ORIENTED_EDGE('',*,*,#1841,.T.);
#1129=ORIENTED_EDGE('',*,*,#1781,.F.);
#1130=ORIENTED_EDGE('',*,*,#1842,.T.);
#1131=ORIENTED_EDGE('',*,*,#1741,.T.);
#1132=ORIENTED_EDGE('',*,*,#1843,.T.);
#1133=ORIENTED_EDGE('',*,*,#1820,.F.);
#1134=ORIENTED_EDGE('',*,*,#1844,.T.);
#1135=ORIENTED_EDGE('',*,*,#1745,.T.);
#1136=ORIENTED_EDGE('',*,*,#1845,.T.);
#1137=ORIENTED_EDGE('',*,*,#1816,.F.);
#1138=ORIENTED_EDGE('',*,*,#1846,.T.);
#1139=ORIENTED_EDGE('',*,*,#1782,.F.);
#1140=ORIENTED_EDGE('',*,*,#1841,.F.);
#1141=ORIENTED_EDGE('',*,*,#1737,.F.);
#1142=ORIENTED_EDGE('',*,*,#1641,.F.);
#1143=ORIENTED_EDGE('',*,*,#1822,.F.);
#1144=ORIENTED_EDGE('',*,*,#1644,.F.);
#1145=ORIENTED_EDGE('',*,*,#1739,.F.);
#1146=ORIENTED_EDGE('',*,*,#1842,.F.);
#1147=ORIENTED_EDGE('',*,*,#1821,.F.);
#1148=ORIENTED_EDGE('',*,*,#1843,.F.);
#1149=ORIENTED_EDGE('',*,*,#1740,.F.);
#1150=ORIENTED_EDGE('',*,*,#1646,.F.);
#1151=ORIENTED_EDGE('',*,*,#1819,.F.);
#1152=ORIENTED_EDGE('',*,*,#1648,.F.);
#1153=ORIENTED_EDGE('',*,*,#1742,.F.);
#1154=ORIENTED_EDGE('',*,*,#1844,.F.);
#1155=ORIENTED_EDGE('',*,*,#1784,.F.);
#1156=ORIENTED_EDGE('',*,*,#1624,.F.);
#1157=ORIENTED_EDGE('',*,*,#1777,.F.);
#1158=ORIENTED_EDGE('',*,*,#1839,.F.);
#1159=ORIENTED_EDGE('',*,*,#1789,.F.);
#1160=ORIENTED_EDGE('',*,*,#1837,.F.);
#1161=ORIENTED_EDGE('',*,*,#1772,.F.);
#1162=ORIENTED_EDGE('',*,*,#1617,.F.);
#1163=ORIENTED_EDGE('',*,*,#1787,.F.);
#1164=ORIENTED_EDGE('',*,*,#1620,.F.);
#1165=ORIENTED_EDGE('',*,*,#1774,.F.);
#1166=ORIENTED_EDGE('',*,*,#1838,.F.);
#1167=ORIENTED_EDGE('',*,*,#1786,.F.);
#1168=ORIENTED_EDGE('',*,*,#1840,.F.);
#1169=ORIENTED_EDGE('',*,*,#1775,.F.);
#1170=ORIENTED_EDGE('',*,*,#1622,.F.);
#1171=ORIENTED_EDGE('',*,*,#1793,.F.);
#1172=ORIENTED_EDGE('',*,*,#1835,.F.);
#1173=ORIENTED_EDGE('',*,*,#1768,.F.);
#1174=ORIENTED_EDGE('',*,*,#1724,.F.);
#1175=ORIENTED_EDGE('',*,*,#1796,.F.);
#1176=ORIENTED_EDGE('',*,*,#1833,.F.);
#1177=ORIENTED_EDGE('',*,*,#1765,.F.);
#1178=ORIENTED_EDGE('',*,*,#1721,.F.);
#1179=ORIENTED_EDGE('',*,*,#1794,.F.);
#1180=ORIENTED_EDGE('',*,*,#1726,.F.);
#1181=ORIENTED_EDGE('',*,*,#1767,.F.);
#1182=ORIENTED_EDGE('',*,*,#1834,.F.);
#1183=ORIENTED_EDGE('',*,*,#1791,.F.);
#1184=ORIENTED_EDGE('',*,*,#1728,.F.);
#1185=ORIENTED_EDGE('',*,*,#1770,.F.);
#1186=ORIENTED_EDGE('',*,*,#1836,.F.);
#1187=ORIENTED_EDGE('',*,*,#1798,.F.);
#1188=ORIENTED_EDGE('',*,*,#1704,.F.);
#1189=ORIENTED_EDGE('',*,*,#1763,.F.);
#1190=ORIENTED_EDGE('',*,*,#1831,.F.);
#1191=ORIENTED_EDGE('',*,*,#1800,.F.);
#1192=ORIENTED_EDGE('',*,*,#1832,.F.);
#1193=ORIENTED_EDGE('',*,*,#1761,.F.);
#1194=ORIENTED_EDGE('',*,*,#1700,.F.);
#1195=ORIENTED_EDGE('',*,*,#1801,.F.);
#1196=ORIENTED_EDGE('',*,*,#1702,.F.);
#1197=ORIENTED_EDGE('',*,*,#1760,.F.);
#1198=ORIENTED_EDGE('',*,*,#1829,.F.);
#1199=ORIENTED_EDGE('',*,*,#1803,.F.);
#1200=ORIENTED_EDGE('',*,*,#1830,.F.);
#1201=ORIENTED_EDGE('',*,*,#1758,.F.);
#1202=ORIENTED_EDGE('',*,*,#1697,.F.);
#1203=ORIENTED_EDGE('',*,*,#1805,.F.);
#1204=ORIENTED_EDGE('',*,*,#1680,.F.);
#1205=ORIENTED_EDGE('',*,*,#1756,.F.);
#1206=ORIENTED_EDGE('',*,*,#1827,.F.);
#1207=ORIENTED_EDGE('',*,*,#1807,.F.);
#1208=ORIENTED_EDGE('',*,*,#1828,.F.);
#1209=ORIENTED_EDGE('',*,*,#1754,.F.);
#1210=ORIENTED_EDGE('',*,*,#1676,.F.);
#1211=ORIENTED_EDGE('',*,*,#1808,.F.);
#1212=ORIENTED_EDGE('',*,*,#1678,.F.);
#1213=ORIENTED_EDGE('',*,*,#1753,.F.);
#1214=ORIENTED_EDGE('',*,*,#1825,.F.);
#1215=ORIENTED_EDGE('',*,*,#1810,.F.);
#1216=ORIENTED_EDGE('',*,*,#1826,.F.);
#1217=ORIENTED_EDGE('',*,*,#1751,.F.);
#1218=ORIENTED_EDGE('',*,*,#1673,.F.);
#1219=ORIENTED_EDGE('',*,*,#1817,.F.);
#1220=ORIENTED_EDGE('',*,*,#1845,.F.);
#1221=ORIENTED_EDGE('',*,*,#1744,.F.);
#1222=ORIENTED_EDGE('',*,*,#1600,.F.);
#1223=ORIENTED_EDGE('',*,*,#1815,.F.);
#1224=ORIENTED_EDGE('',*,*,#1660,.F.);
#1225=ORIENTED_EDGE('',*,*,#1746,.F.);
#1226=ORIENTED_EDGE('',*,*,#1846,.F.);
#1227=ORIENTED_EDGE('',*,*,#1814,.F.);
#1228=ORIENTED_EDGE('',*,*,#1823,.F.);
#1229=ORIENTED_EDGE('',*,*,#1747,.F.);
#1230=ORIENTED_EDGE('',*,*,#1662,.F.);
#1231=ORIENTED_EDGE('',*,*,#1812,.F.);
#1232=ORIENTED_EDGE('',*,*,#1605,.F.);
#1233=ORIENTED_EDGE('',*,*,#1749,.F.);
#1234=ORIENTED_EDGE('',*,*,#1824,.F.);
#1235=ORIENTED_EDGE('',*,*,#1764,.F.);
#1236=ORIENTED_EDGE('',*,*,#1711,.F.);
#1237=ORIENTED_EDGE('',*,*,#1797,.F.);
#1238=ORIENTED_EDGE('',*,*,#1714,.F.);
#1239=ORIENTED_EDGE('',*,*,#1771,.F.);
#1240=ORIENTED_EDGE('',*,*,#1735,.F.);
#1241=ORIENTED_EDGE('',*,*,#1790,.F.);
#1242=ORIENTED_EDGE('',*,*,#1610,.F.);
#1243=ORIENTED_EDGE('',*,*,#1778,.F.);
#1244=ORIENTED_EDGE('',*,*,#1631,.F.);
#1245=ORIENTED_EDGE('',*,*,#1783,.F.);
#1246=ORIENTED_EDGE('',*,*,#1634,.F.);
#1247=ORIENTED_EDGE('',*,*,#1743,.F.);
#1248=ORIENTED_EDGE('',*,*,#1655,.F.);
#1249=ORIENTED_EDGE('',*,*,#1818,.F.);
#1250=ORIENTED_EDGE('',*,*,#1580,.F.);
#1251=ORIENTED_EDGE('',*,*,#1750,.F.);
#1252=ORIENTED_EDGE('',*,*,#1594,.F.);
#1253=ORIENTED_EDGE('',*,*,#1811,.F.);
#1254=ORIENTED_EDGE('',*,*,#1666,.F.);
#1255=ORIENTED_EDGE('',*,*,#1757,.F.);
#1256=ORIENTED_EDGE('',*,*,#1687,.F.);
#1257=ORIENTED_EDGE('',*,*,#1804,.F.);
#1258=ORIENTED_EDGE('',*,*,#1690,.F.);
#1259=ORIENTED_EDGE('',*,*,#1847,.T.);
#1260=ORIENTED_EDGE('',*,*,#1603,.F.);
#1261=ORIENTED_EDGE('',*,*,#1848,.F.);
#1262=ORIENTED_EDGE('',*,*,#1608,.T.);
#1263=ORIENTED_EDGE('',*,*,#1849,.T.);
#1264=ORIENTED_EDGE('',*,*,#1598,.T.);
#1265=ORIENTED_EDGE('',*,*,#1848,.T.);
#1266=ORIENTED_EDGE('',*,*,#1849,.F.);
#1267=ORIENTED_EDGE('',*,*,#1850,.F.);
#1268=ORIENTED_EDGE('',*,*,#1597,.F.);
#1269=ORIENTED_EDGE('',*,*,#1850,.T.);
#1270=ORIENTED_EDGE('',*,*,#1847,.F.);
#1271=ORIENTED_EDGE('',*,*,#1573,.T.);
#1272=ORIENTED_EDGE('',*,*,#1851,.F.);
#1273=ORIENTED_EDGE('',*,*,#1852,.F.);
#1274=ORIENTED_EDGE('',*,*,#1853,.T.);
#1275=ORIENTED_EDGE('',*,*,#1578,.T.);
#1276=ORIENTED_EDGE('',*,*,#1854,.F.);
#1277=ORIENTED_EDGE('',*,*,#1855,.F.);
#1278=ORIENTED_EDGE('',*,*,#1851,.T.);
#1279=ORIENTED_EDGE('',*,*,#1577,.T.);
#1280=ORIENTED_EDGE('',*,*,#1856,.F.);
#1281=ORIENTED_EDGE('',*,*,#1857,.F.);
#1282=ORIENTED_EDGE('',*,*,#1854,.T.);
#1283=ORIENTED_EDGE('',*,*,#1576,.T.);
#1284=ORIENTED_EDGE('',*,*,#1858,.F.);
#1285=ORIENTED_EDGE('',*,*,#1859,.F.);
#1286=ORIENTED_EDGE('',*,*,#1856,.T.);
#1287=ORIENTED_EDGE('',*,*,#1575,.T.);
#1288=ORIENTED_EDGE('',*,*,#1860,.F.);
#1289=ORIENTED_EDGE('',*,*,#1861,.F.);
#1290=ORIENTED_EDGE('',*,*,#1858,.T.);
#1291=ORIENTED_EDGE('',*,*,#1574,.T.);
#1292=ORIENTED_EDGE('',*,*,#1853,.F.);
#1293=ORIENTED_EDGE('',*,*,#1862,.F.);
#1294=ORIENTED_EDGE('',*,*,#1860,.T.);
#1295=ORIENTED_EDGE('',*,*,#1592,.F.);
#1296=ORIENTED_EDGE('',*,*,#1852,.T.);
#1297=ORIENTED_EDGE('',*,*,#1855,.T.);
#1298=ORIENTED_EDGE('',*,*,#1857,.T.);
#1299=ORIENTED_EDGE('',*,*,#1859,.T.);
#1300=ORIENTED_EDGE('',*,*,#1861,.T.);
#1301=ORIENTED_EDGE('',*,*,#1862,.T.);
#1302=ORIENTED_EDGE('',*,*,#1863,.F.);
#1303=ORIENTED_EDGE('',*,*,#1864,.T.);
#1304=ORIENTED_EDGE('',*,*,#1865,.T.);
#1305=ORIENTED_EDGE('',*,*,#1584,.F.);
#1306=ORIENTED_EDGE('',*,*,#1866,.F.);
#1307=ORIENTED_EDGE('',*,*,#1867,.T.);
#1308=ORIENTED_EDGE('',*,*,#1863,.T.);
#1309=ORIENTED_EDGE('',*,*,#1583,.F.);
#1310=ORIENTED_EDGE('',*,*,#1868,.F.);
#1311=ORIENTED_EDGE('',*,*,#1869,.T.);
#1312=ORIENTED_EDGE('',*,*,#1866,.T.);
#1313=ORIENTED_EDGE('',*,*,#1588,.F.);
#1314=ORIENTED_EDGE('',*,*,#1870,.F.);
#1315=ORIENTED_EDGE('',*,*,#1871,.T.);
#1316=ORIENTED_EDGE('',*,*,#1868,.T.);
#1317=ORIENTED_EDGE('',*,*,#1587,.F.);
#1318=ORIENTED_EDGE('',*,*,#1872,.F.);
#1319=ORIENTED_EDGE('',*,*,#1873,.T.);
#1320=ORIENTED_EDGE('',*,*,#1870,.T.);
#1321=ORIENTED_EDGE('',*,*,#1586,.F.);
#1322=ORIENTED_EDGE('',*,*,#1865,.F.);
#1323=ORIENTED_EDGE('',*,*,#1874,.T.);
#1324=ORIENTED_EDGE('',*,*,#1872,.T.);
#1325=ORIENTED_EDGE('',*,*,#1585,.F.);
#1326=ORIENTED_EDGE('',*,*,#1590,.F.);
#1327=ORIENTED_EDGE('',*,*,#1864,.F.);
#1328=ORIENTED_EDGE('',*,*,#1867,.F.);
#1329=ORIENTED_EDGE('',*,*,#1869,.F.);
#1330=ORIENTED_EDGE('',*,*,#1871,.F.);
#1331=ORIENTED_EDGE('',*,*,#1873,.F.);
#1332=ORIENTED_EDGE('',*,*,#1874,.F.);
#1333=EDGE_CURVE('',#1875,#1876,#2261,.T.);
#1334=EDGE_CURVE('',#1875,#1877,#2262,.T.);
#1335=EDGE_CURVE('',#1877,#1878,#2263,.T.);
#1336=EDGE_CURVE('',#1876,#1878,#2264,.T.);
#1337=EDGE_CURVE('',#1879,#1880,#2265,.T.);
#1338=EDGE_CURVE('',#1879,#1875,#2266,.T.);
#1339=EDGE_CURVE('',#1880,#1876,#2267,.T.);
#1340=EDGE_CURVE('',#1881,#1882,#2268,.T.);
#1341=EDGE_CURVE('',#1881,#1879,#2269,.T.);
#1342=EDGE_CURVE('',#1882,#1880,#2270,.T.);
#1343=EDGE_CURVE('',#1883,#1884,#2271,.T.);
#1344=EDGE_CURVE('',#1883,#1881,#2272,.T.);
#1345=EDGE_CURVE('',#1884,#1882,#2273,.T.);
#1346=EDGE_CURVE('',#1885,#1886,#2274,.T.);
#1347=EDGE_CURVE('',#1885,#1883,#2275,.T.);
#1348=EDGE_CURVE('',#1886,#1884,#2276,.T.);
#1349=EDGE_CURVE('',#1877,#1885,#2277,.T.);
#1350=EDGE_CURVE('',#1878,#1886,#2278,.T.);
#1351=EDGE_CURVE('',#1887,#1887,#103,.T.);
#1352=EDGE_CURVE('',#1888,#1889,#2279,.T.);
#1353=EDGE_CURVE('',#1890,#1889,#2280,.T.);
#1354=EDGE_CURVE('',#1891,#1890,#2281,.T.);
#1355=EDGE_CURVE('',#1891,#1888,#2282,.T.);
#1356=EDGE_CURVE('',#1889,#1892,#2283,.T.);
#1357=EDGE_CURVE('',#1893,#1892,#2284,.T.);
#1358=EDGE_CURVE('',#1890,#1893,#2285,.T.);
#1359=EDGE_CURVE('',#1892,#1894,#2286,.T.);
#1360=EDGE_CURVE('',#1895,#1894,#2287,.T.);
#1361=EDGE_CURVE('',#1893,#1895,#2288,.T.);
#1362=EDGE_CURVE('',#1894,#1896,#2289,.T.);
#1363=EDGE_CURVE('',#1897,#1896,#2290,.T.);
#1364=EDGE_CURVE('',#1895,#1897,#2291,.T.);
#1365=EDGE_CURVE('',#1896,#1898,#2292,.T.);
#1366=EDGE_CURVE('',#1899,#1898,#2293,.T.);
#1367=EDGE_CURVE('',#1897,#1899,#2294,.T.);
#1368=EDGE_CURVE('',#1898,#1888,#2295,.T.);
#1369=EDGE_CURVE('',#1899,#1891,#2296,.T.);
#1370=EDGE_CURVE('',#1900,#1900,#104,.T.);
#1371=EDGE_CURVE('',#1901,#1901,#105,.T.);
#1372=EDGE_CURVE('',#1902,#1902,#12,.T.);
#1373=EDGE_CURVE('',#1903,#1903,#106,.T.);
#1374=EDGE_CURVE('',#1904,#1904,#107,.T.);
#1375=EDGE_CURVE('',#1905,#1905,#13,.F.);
#1376=EDGE_CURVE('',#1906,#1906,#108,.T.);
#1377=EDGE_CURVE('',#1907,#1907,#109,.T.);
#1378=EDGE_CURVE('',#1908,#1908,#110,.F.);
#1379=EDGE_CURVE('',#1909,#1909,#111,.F.);
#1380=EDGE_CURVE('',#1910,#1910,#112,.T.);
#1381=EDGE_CURVE('',#1911,#1912,#2297,.T.);
#1382=EDGE_CURVE('',#1911,#1913,#2298,.T.);
#1383=EDGE_CURVE('',#1913,#1914,#2299,.T.);
#1384=EDGE_CURVE('',#1912,#1914,#2300,.T.);
#1385=EDGE_CURVE('',#1915,#1916,#2301,.T.);
#1386=EDGE_CURVE('',#1915,#1911,#2302,.T.);
#1387=EDGE_CURVE('',#1916,#1912,#2303,.T.);
#1388=EDGE_CURVE('',#1917,#1918,#2304,.T.);
#1389=EDGE_CURVE('',#1917,#1915,#2305,.T.);
#1390=EDGE_CURVE('',#1918,#1916,#2306,.T.);
#1391=EDGE_CURVE('',#1919,#1920,#2307,.T.);
#1392=EDGE_CURVE('',#1919,#1917,#2308,.T.);
#1393=EDGE_CURVE('',#1920,#1918,#2309,.T.);
#1394=EDGE_CURVE('',#1921,#1922,#2310,.T.);
#1395=EDGE_CURVE('',#1921,#1919,#2311,.T.);
#1396=EDGE_CURVE('',#1922,#1920,#2312,.T.);
#1397=EDGE_CURVE('',#1913,#1921,#2313,.T.);
#1398=EDGE_CURVE('',#1914,#1922,#2314,.T.);
#1399=EDGE_CURVE('',#1923,#1923,#113,.T.);
#1400=EDGE_CURVE('',#1924,#1925,#2315,.T.);
#1401=EDGE_CURVE('',#1926,#1925,#2316,.T.);
#1402=EDGE_CURVE('',#1927,#1926,#2317,.T.);
#1403=EDGE_CURVE('',#1927,#1924,#2318,.T.);
#1404=EDGE_CURVE('',#1925,#1928,#2319,.T.);
#1405=EDGE_CURVE('',#1929,#1928,#2320,.T.);
#1406=EDGE_CURVE('',#1926,#1929,#2321,.T.);
#1407=EDGE_CURVE('',#1928,#1930,#2322,.T.);
#1408=EDGE_CURVE('',#1931,#1930,#2323,.T.);
#1409=EDGE_CURVE('',#1929,#1931,#2324,.T.);
#1410=EDGE_CURVE('',#1930,#1932,#2325,.T.);
#1411=EDGE_CURVE('',#1933,#1932,#2326,.T.);
#1412=EDGE_CURVE('',#1931,#1933,#2327,.T.);
#1413=EDGE_CURVE('',#1932,#1934,#2328,.T.);
#1414=EDGE_CURVE('',#1935,#1934,#2329,.T.);
#1415=EDGE_CURVE('',#1933,#1935,#2330,.T.);
#1416=EDGE_CURVE('',#1934,#1924,#2331,.T.);
#1417=EDGE_CURVE('',#1935,#1927,#2332,.T.);
#1418=EDGE_CURVE('',#1936,#1936,#114,.T.);
#1419=EDGE_CURVE('',#1937,#1937,#115,.T.);
#1420=EDGE_CURVE('',#1938,#1938,#14,.T.);
#1421=EDGE_CURVE('',#1939,#1939,#116,.T.);
#1422=EDGE_CURVE('',#1940,#1940,#117,.T.);
#1423=EDGE_CURVE('',#1941,#1941,#15,.F.);
#1424=EDGE_CURVE('',#1942,#1942,#118,.T.);
#1425=EDGE_CURVE('',#1943,#1943,#119,.T.);
#1426=EDGE_CURVE('',#1944,#1944,#120,.F.);
#1427=EDGE_CURVE('',#1945,#1945,#121,.F.);
#1428=EDGE_CURVE('',#1946,#1946,#122,.T.);
#1429=EDGE_CURVE('',#1947,#1948,#2333,.T.);
#1430=EDGE_CURVE('',#1947,#1949,#2334,.T.);
#1431=EDGE_CURVE('',#1949,#1950,#2335,.T.);
#1432=EDGE_CURVE('',#1948,#1950,#2336,.T.);
#1433=EDGE_CURVE('',#1951,#1952,#2337,.T.);
#1434=EDGE_CURVE('',#1951,#1947,#2338,.T.);
#1435=EDGE_CURVE('',#1952,#1948,#2339,.T.);
#1436=EDGE_CURVE('',#1953,#1954,#2340,.T.);
#1437=EDGE_CURVE('',#1953,#1951,#2341,.T.);
#1438=EDGE_CURVE('',#1954,#1952,#2342,.T.);
#1439=EDGE_CURVE('',#1955,#1956,#2343,.T.);
#1440=EDGE_CURVE('',#1955,#1953,#2344,.T.);
#1441=EDGE_CURVE('',#1956,#1954,#2345,.T.);
#1442=EDGE_CURVE('',#1957,#1958,#2346,.T.);
#1443=EDGE_CURVE('',#1957,#1955,#2347,.T.);
#1444=EDGE_CURVE('',#1958,#1956,#2348,.T.);
#1445=EDGE_CURVE('',#1949,#1957,#2349,.T.);
#1446=EDGE_CURVE('',#1950,#1958,#2350,.T.);
#1447=EDGE_CURVE('',#1959,#1959,#123,.T.);
#1448=EDGE_CURVE('',#1960,#1961,#2351,.T.);
#1449=EDGE_CURVE('',#1962,#1961,#2352,.T.);
#1450=EDGE_CURVE('',#1963,#1962,#2353,.T.);
#1451=EDGE_CURVE('',#1963,#1960,#2354,.T.);
#1452=EDGE_CURVE('',#1961,#1964,#2355,.T.);
#1453=EDGE_CURVE('',#1965,#1964,#2356,.T.);
#1454=EDGE_CURVE('',#1962,#1965,#2357,.T.);
#1455=EDGE_CURVE('',#1964,#1966,#2358,.T.);
#1456=EDGE_CURVE('',#1967,#1966,#2359,.T.);
#1457=EDGE_CURVE('',#1965,#1967,#2360,.T.);
#1458=EDGE_CURVE('',#1966,#1968,#2361,.T.);
#1459=EDGE_CURVE('',#1969,#1968,#2362,.T.);
#1460=EDGE_CURVE('',#1967,#1969,#2363,.T.);
#1461=EDGE_CURVE('',#1968,#1970,#2364,.T.);
#1462=EDGE_CURVE('',#1971,#1970,#2365,.T.);
#1463=EDGE_CURVE('',#1969,#1971,#2366,.T.);
#1464=EDGE_CURVE('',#1970,#1960,#2367,.T.);
#1465=EDGE_CURVE('',#1971,#1963,#2368,.T.);
#1466=EDGE_CURVE('',#1972,#1972,#124,.T.);
#1467=EDGE_CURVE('',#1973,#1973,#125,.T.);
#1468=EDGE_CURVE('',#1974,#1974,#16,.T.);
#1469=EDGE_CURVE('',#1975,#1975,#126,.T.);
#1470=EDGE_CURVE('',#1976,#1976,#127,.T.);
#1471=EDGE_CURVE('',#1977,#1977,#17,.F.);
#1472=EDGE_CURVE('',#1978,#1978,#128,.T.);
#1473=EDGE_CURVE('',#1979,#1979,#129,.T.);
#1474=EDGE_CURVE('',#1980,#1980,#130,.F.);
#1475=EDGE_CURVE('',#1981,#1981,#131,.F.);
#1476=EDGE_CURVE('',#1982,#1982,#132,.T.);
#1477=EDGE_CURVE('',#1983,#1984,#2369,.T.);
#1478=EDGE_CURVE('',#1983,#1985,#2370,.T.);
#1479=EDGE_CURVE('',#1985,#1986,#2371,.T.);
#1480=EDGE_CURVE('',#1984,#1986,#2372,.T.);
#1481=EDGE_CURVE('',#1987,#1988,#2373,.T.);
#1482=EDGE_CURVE('',#1987,#1983,#2374,.T.);
#1483=EDGE_CURVE('',#1988,#1984,#2375,.T.);
#1484=EDGE_CURVE('',#1989,#1990,#2376,.T.);
#1485=EDGE_CURVE('',#1989,#1987,#2377,.T.);
#1486=EDGE_CURVE('',#1990,#1988,#2378,.T.);
#1487=EDGE_CURVE('',#1991,#1992,#2379,.T.);
#1488=EDGE_CURVE('',#1991,#1989,#2380,.T.);
#1489=EDGE_CURVE('',#1992,#1990,#2381,.T.);
#1490=EDGE_CURVE('',#1993,#1994,#2382,.T.);
#1491=EDGE_CURVE('',#1993,#1991,#2383,.T.);
#1492=EDGE_CURVE('',#1994,#1992,#2384,.T.);
#1493=EDGE_CURVE('',#1985,#1993,#2385,.T.);
#1494=EDGE_CURVE('',#1986,#1994,#2386,.T.);
#1495=EDGE_CURVE('',#1995,#1995,#133,.T.);
#1496=EDGE_CURVE('',#1996,#1997,#2387,.T.);
#1497=EDGE_CURVE('',#1998,#1997,#2388,.T.);
#1498=EDGE_CURVE('',#1999,#1998,#2389,.T.);
#1499=EDGE_CURVE('',#1999,#1996,#2390,.T.);
#1500=EDGE_CURVE('',#1997,#2000,#2391,.T.);
#1501=EDGE_CURVE('',#2001,#2000,#2392,.T.);
#1502=EDGE_CURVE('',#1998,#2001,#2393,.T.);
#1503=EDGE_CURVE('',#2000,#2002,#2394,.T.);
#1504=EDGE_CURVE('',#2003,#2002,#2395,.T.);
#1505=EDGE_CURVE('',#2001,#2003,#2396,.T.);
#1506=EDGE_CURVE('',#2002,#2004,#2397,.T.);
#1507=EDGE_CURVE('',#2005,#2004,#2398,.T.);
#1508=EDGE_CURVE('',#2003,#2005,#2399,.T.);
#1509=EDGE_CURVE('',#2004,#2006,#2400,.T.);
#1510=EDGE_CURVE('',#2007,#2006,#2401,.T.);
#1511=EDGE_CURVE('',#2005,#2007,#2402,.T.);
#1512=EDGE_CURVE('',#2006,#1996,#2403,.T.);
#1513=EDGE_CURVE('',#2007,#1999,#2404,.T.);
#1514=EDGE_CURVE('',#2008,#2008,#134,.T.);
#1515=EDGE_CURVE('',#2009,#2009,#135,.T.);
#1516=EDGE_CURVE('',#2010,#2010,#18,.T.);
#1517=EDGE_CURVE('',#2011,#2011,#136,.T.);
#1518=EDGE_CURVE('',#2012,#2012,#137,.T.);
#1519=EDGE_CURVE('',#2013,#2013,#19,.F.);
#1520=EDGE_CURVE('',#2014,#2014,#138,.T.);
#1521=EDGE_CURVE('',#2015,#2015,#139,.T.);
#1522=EDGE_CURVE('',#2016,#2016,#140,.F.);
#1523=EDGE_CURVE('',#2017,#2017,#141,.F.);
#1524=EDGE_CURVE('',#2018,#2018,#142,.T.);
#1525=EDGE_CURVE('',#2019,#2020,#2405,.T.);
#1526=EDGE_CURVE('',#2019,#2021,#2406,.T.);
#1527=EDGE_CURVE('',#2021,#2022,#2407,.T.);
#1528=EDGE_CURVE('',#2020,#2022,#2408,.T.);
#1529=EDGE_CURVE('',#2023,#2024,#2409,.T.);
#1530=EDGE_CURVE('',#2023,#2019,#2410,.T.);
#1531=EDGE_CURVE('',#2024,#2020,#2411,.T.);
#1532=EDGE_CURVE('',#2025,#2026,#2412,.T.);
#1533=EDGE_CURVE('',#2025,#2023,#2413,.T.);
#1534=EDGE_CURVE('',#2026,#2024,#2414,.T.);
#1535=EDGE_CURVE('',#2027,#2028,#2415,.T.);
#1536=EDGE_CURVE('',#2027,#2025,#2416,.T.);
#1537=EDGE_CURVE('',#2028,#2026,#2417,.T.);
#1538=EDGE_CURVE('',#2029,#2030,#2418,.T.);
#1539=EDGE_CURVE('',#2029,#2027,#2419,.T.);
#1540=EDGE_CURVE('',#2030,#2028,#2420,.T.);
#1541=EDGE_CURVE('',#2021,#2029,#2421,.T.);
#1542=EDGE_CURVE('',#2022,#2030,#2422,.T.);
#1543=EDGE_CURVE('',#2031,#2031,#143,.T.);
#1544=EDGE_CURVE('',#2032,#2033,#2423,.T.);
#1545=EDGE_CURVE('',#2034,#2033,#2424,.T.);
#1546=EDGE_CURVE('',#2035,#2034,#2425,.T.);
#1547=EDGE_CURVE('',#2035,#2032,#2426,.T.);
#1548=EDGE_CURVE('',#2033,#2036,#2427,.T.);
#1549=EDGE_CURVE('',#2037,#2036,#2428,.T.);
#1550=EDGE_CURVE('',#2034,#2037,#2429,.T.);
#1551=EDGE_CURVE('',#2036,#2038,#2430,.T.);
#1552=EDGE_CURVE('',#2039,#2038,#2431,.T.);
#1553=EDGE_CURVE('',#2037,#2039,#2432,.T.);
#1554=EDGE_CURVE('',#2038,#2040,#2433,.T.);
#1555=EDGE_CURVE('',#2041,#2040,#2434,.T.);
#1556=EDGE_CURVE('',#2039,#2041,#2435,.T.);
#1557=EDGE_CURVE('',#2040,#2042,#2436,.T.);
#1558=EDGE_CURVE('',#2043,#2042,#2437,.T.);
#1559=EDGE_CURVE('',#2041,#2043,#2438,.T.);
#1560=EDGE_CURVE('',#2042,#2032,#2439,.T.);
#1561=EDGE_CURVE('',#2043,#2035,#2440,.T.);
#1562=EDGE_CURVE('',#2044,#2044,#144,.T.);
#1563=EDGE_CURVE('',#2045,#2045,#145,.T.);
#1564=EDGE_CURVE('',#2046,#2046,#20,.T.);
#1565=EDGE_CURVE('',#2047,#2047,#146,.T.);
#1566=EDGE_CURVE('',#2048,#2048,#147,.T.);
#1567=EDGE_CURVE('',#2049,#2049,#21,.F.);
#1568=EDGE_CURVE('',#2050,#2050,#148,.T.);
#1569=EDGE_CURVE('',#2051,#2051,#149,.T.);
#1570=EDGE_CURVE('',#2052,#2052,#150,.F.);
#1571=EDGE_CURVE('',#2053,#2053,#151,.F.);
#1572=EDGE_CURVE('',#2054,#2054,#152,.T.);
#1573=EDGE_CURVE('',#2055,#2056,#2441,.T.);
#1574=EDGE_CURVE('',#2057,#2055,#2442,.T.);
#1575=EDGE_CURVE('',#2058,#2057,#2443,.T.);
#1576=EDGE_CURVE('',#2059,#2058,#2444,.T.);
#1577=EDGE_CURVE('',#2060,#2059,#2445,.T.);
#1578=EDGE_CURVE('',#2056,#2060,#2446,.T.);
#1579=EDGE_CURVE('',#2061,#2062,#2447,.T.);
#1580=EDGE_CURVE('',#2062,#2063,#2448,.T.);
#1581=EDGE_CURVE('',#2064,#2063,#2449,.T.);
#1582=EDGE_CURVE('',#2061,#2064,#2450,.T.);
#1583=EDGE_CURVE('',#2065,#2066,#2451,.T.);
#1584=EDGE_CURVE('',#2066,#2067,#2452,.T.);
#1585=EDGE_CURVE('',#2067,#2068,#2453,.T.);
#1586=EDGE_CURVE('',#2068,#2069,#2454,.T.);
#1587=EDGE_CURVE('',#2069,#2070,#2455,.T.);
#1588=EDGE_CURVE('',#2070,#2065,#2456,.T.);
#1589=EDGE_CURVE('',#2071,#2071,#153,.F.);
#1590=EDGE_CURVE('',#2072,#2072,#154,.T.);
#1591=EDGE_CURVE('',#2073,#2073,#155,.T.);
#1592=EDGE_CURVE('',#2074,#2074,#156,.T.);
#1593=EDGE_CURVE('',#2075,#2076,#2457,.T.);
#1594=EDGE_CURVE('',#2076,#2077,#2458,.F.);
#1595=EDGE_CURVE('',#2078,#2077,#2459,.T.);
#1596=EDGE_CURVE('',#2078,#2075,#2460,.T.);
#1597=EDGE_CURVE('',#2079,#2079,#22,.T.);
#1598=EDGE_CURVE('',#2080,#2080,#23,.F.);
#1599=EDGE_CURVE('',#2081,#2082,#2461,.T.);
#1600=EDGE_CURVE('',#2081,#2083,#2462,.F.);
#1601=EDGE_CURVE('',#2083,#2084,#2463,.T.);
#1602=EDGE_CURVE('',#2084,#2082,#2464,.T.);
#1603=EDGE_CURVE('',#2085,#2085,#157,.F.);
#1604=EDGE_CURVE('',#2086,#2087,#2465,.T.);
#1605=EDGE_CURVE('',#2087,#2088,#2466,.T.);
#1606=EDGE_CURVE('',#2089,#2088,#2467,.T.);
#1607=EDGE_CURVE('',#2086,#2089,#2468,.T.);
#1608=EDGE_CURVE('',#2090,#2090,#158,.T.);
#1609=EDGE_CURVE('',#2091,#2092,#2469,.T.);
#1610=EDGE_CURVE('',#2092,#2093,#2470,.T.);
#1611=EDGE_CURVE('',#2094,#2093,#2471,.T.);
#1612=EDGE_CURVE('',#2091,#2094,#2472,.T.);
#1613=EDGE_CURVE('',#2095,#2094,#2473,.T.);
#1614=EDGE_CURVE('',#2096,#2095,#2474,.T.);
#1615=EDGE_CURVE('',#2096,#2091,#2475,.T.);
#1616=EDGE_CURVE('',#2097,#2095,#2476,.T.);
#1617=EDGE_CURVE('',#2097,#2098,#2477,.F.);
#1618=EDGE_CURVE('',#2098,#2096,#2478,.T.);
#1619=EDGE_CURVE('',#2099,#2100,#2479,.T.);
#1620=EDGE_CURVE('',#2100,#2101,#2480,.T.);
#1621=EDGE_CURVE('',#2102,#2101,#2481,.T.);
#1622=EDGE_CURVE('',#2102,#2099,#2482,.F.);
#1623=EDGE_CURVE('',#2103,#2104,#2483,.T.);
#1624=EDGE_CURVE('',#2104,#2105,#2484,.T.);
#1625=EDGE_CURVE('',#2106,#2105,#2485,.T.);
#1626=EDGE_CURVE('',#2103,#2106,#2486,.T.);
#1627=EDGE_CURVE('',#2106,#2107,#2487,.T.);
#1628=EDGE_CURVE('',#2108,#2107,#2488,.T.);
#1629=EDGE_CURVE('',#2103,#2108,#2489,.T.);
#1630=EDGE_CURVE('',#2107,#2109,#2490,.T.);
#1631=EDGE_CURVE('',#2109,#2110,#2491,.F.);
#1632=EDGE_CURVE('',#2108,#2110,#2492,.T.);
#1633=EDGE_CURVE('',#2111,#2112,#2493,.T.);
#1634=EDGE_CURVE('',#2112,#2113,#2494,.T.);
#1635=EDGE_CURVE('',#2114,#2113,#2495,.T.);
#1636=EDGE_CURVE('',#2111,#2114,#2496,.T.);
#1637=EDGE_CURVE('',#2115,#2114,#2497,.T.);
#1638=EDGE_CURVE('',#2116,#2115,#2498,.T.);
#1639=EDGE_CURVE('',#2116,#2111,#2499,.T.);
#1640=EDGE_CURVE('',#2117,#2115,#2500,.T.);
#1641=EDGE_CURVE('',#2117,#2118,#2501,.F.);
#1642=EDGE_CURVE('',#2118,#2116,#2502,.T.);
#1643=EDGE_CURVE('',#2119,#2120,#2503,.T.);
#1644=EDGE_CURVE('',#2120,#2121,#2504,.T.);
#1645=EDGE_CURVE('',#2122,#2121,#2505,.T.);
#1646=EDGE_CURVE('',#2122,#2119,#2506,.F.);
#1647=EDGE_CURVE('',#2123,#2124,#2507,.T.);
#1648=EDGE_CURVE('',#2124,#2125,#2508,.T.);
#1649=EDGE_CURVE('',#2126,#2125,#2509,.T.);
#1650=EDGE_CURVE('',#2123,#2126,#2510,.T.);
#1651=EDGE_CURVE('',#2126,#2127,#2511,.T.);
#1652=EDGE_CURVE('',#2128,#2127,#2512,.T.);
#1653=EDGE_CURVE('',#2123,#2128,#2513,.T.);
#1654=EDGE_CURVE('',#2127,#2129,#2514,.T.);
#1655=EDGE_CURVE('',#2129,#2130,#2515,.F.);
#1656=EDGE_CURVE('',#2128,#2130,#2516,.T.);
#1657=EDGE_CURVE('',#2082,#2064,#2517,.T.);
#1658=EDGE_CURVE('',#2084,#2061,#2518,.T.);
#1659=EDGE_CURVE('',#2131,#2132,#2519,.T.);
#1660=EDGE_CURVE('',#2132,#2133,#2520,.T.);
#1661=EDGE_CURVE('',#2134,#2133,#2521,.T.);
#1662=EDGE_CURVE('',#2134,#2131,#2522,.F.);
#1663=EDGE_CURVE('',#2089,#2075,#2523,.T.);
#1664=EDGE_CURVE('',#2086,#2078,#2524,.T.);
#1665=EDGE_CURVE('',#2135,#2136,#2525,.T.);
#1666=EDGE_CURVE('',#2136,#2137,#2526,.T.);
#1667=EDGE_CURVE('',#2138,#2137,#2527,.T.);
#1668=EDGE_CURVE('',#2135,#2138,#2528,.T.);
#1669=EDGE_CURVE('',#2139,#2138,#2529,.T.);
#1670=EDGE_CURVE('',#2140,#2139,#2530,.T.);
#1671=EDGE_CURVE('',#2140,#2135,#2531,.T.);
#1672=EDGE_CURVE('',#2141,#2139,#2532,.T.);
#1673=EDGE_CURVE('',#2141,#2142,#2533,.F.);
#1674=EDGE_CURVE('',#2142,#2140,#2534,.T.);
#1675=EDGE_CURVE('',#2143,#2144,#2535,.T.);
#1676=EDGE_CURVE('',#2143,#2145,#2536,.F.);
#1677=EDGE_CURVE('',#2145,#2146,#2537,.T.);
#1678=EDGE_CURVE('',#2146,#2144,#2538,.T.);
#1679=EDGE_CURVE('',#2147,#2148,#2539,.T.);
#1680=EDGE_CURVE('',#2148,#2149,#2540,.T.);
#1681=EDGE_CURVE('',#2150,#2149,#2541,.T.);
#1682=EDGE_CURVE('',#2147,#2150,#2542,.T.);
#1683=EDGE_CURVE('',#2150,#2151,#2543,.T.);
#1684=EDGE_CURVE('',#2152,#2151,#2544,.T.);
#1685=EDGE_CURVE('',#2147,#2152,#2545,.T.);
#1686=EDGE_CURVE('',#2151,#2153,#2546,.T.);
#1687=EDGE_CURVE('',#2153,#2154,#2547,.F.);
#1688=EDGE_CURVE('',#2152,#2154,#2548,.T.);
#1689=EDGE_CURVE('',#2155,#2156,#2549,.T.);
#1690=EDGE_CURVE('',#2156,#2157,#2550,.T.);
#1691=EDGE_CURVE('',#2158,#2157,#2551,.T.);
#1692=EDGE_CURVE('',#2155,#2158,#2552,.T.);
#1693=EDGE_CURVE('',#2159,#2158,#2553,.T.);
#1694=EDGE_CURVE('',#2160,#2159,#2554,.T.);
#1695=EDGE_CURVE('',#2160,#2155,#2555,.T.);
#1696=EDGE_CURVE('',#2161,#2159,#2556,.T.);
#1697=EDGE_CURVE('',#2161,#2162,#2557,.F.);
#1698=EDGE_CURVE('',#2162,#2160,#2558,.T.);
#1699=EDGE_CURVE('',#2163,#2164,#2559,.T.);
#1700=EDGE_CURVE('',#2163,#2165,#2560,.F.);
#1701=EDGE_CURVE('',#2165,#2166,#2561,.T.);
#1702=EDGE_CURVE('',#2166,#2164,#2562,.T.);
#1703=EDGE_CURVE('',#2167,#2168,#2563,.T.);
#1704=EDGE_CURVE('',#2168,#2169,#2564,.T.);
#1705=EDGE_CURVE('',#2170,#2169,#2565,.T.);
#1706=EDGE_CURVE('',#2167,#2170,#2566,.T.);
#1707=EDGE_CURVE('',#2170,#2171,#2567,.T.);
#1708=EDGE_CURVE('',#2172,#2171,#2568,.T.);
#1709=EDGE_CURVE('',#2167,#2172,#2569,.T.);
#1710=EDGE_CURVE('',#2171,#2173,#2570,.T.);
#1711=EDGE_CURVE('',#2173,#2174,#2571,.F.);
#1712=EDGE_CURVE('',#2172,#2174,#2572,.T.);
#1713=EDGE_CURVE('',#2175,#2176,#2573,.T.);
#1714=EDGE_CURVE('',#2176,#2177,#2574,.T.);
#1715=EDGE_CURVE('',#2178,#2177,#2575,.T.);
#1716=EDGE_CURVE('',#2175,#2178,#2576,.T.);
#1717=EDGE_CURVE('',#2179,#2178,#2577,.T.);
#1718=EDGE_CURVE('',#2180,#2179,#2578,.T.);
#1719=EDGE_CURVE('',#2180,#2175,#2579,.T.);
#1720=EDGE_CURVE('',#2181,#2179,#2580,.T.);
#1721=EDGE_CURVE('',#2181,#2182,#2581,.F.);
#1722=EDGE_CURVE('',#2182,#2180,#2582,.T.);
#1723=EDGE_CURVE('',#2183,#2184,#2583,.T.);
#1724=EDGE_CURVE('',#2183,#2185,#2584,.F.);
#1725=EDGE_CURVE('',#2185,#2186,#2585,.T.);
#1726=EDGE_CURVE('',#2186,#2184,#2586,.T.);
#1727=EDGE_CURVE('',#2187,#2188,#2587,.T.);
#1728=EDGE_CURVE('',#2188,#2189,#2588,.T.);
#1729=EDGE_CURVE('',#2190,#2189,#2589,.T.);
#1730=EDGE_CURVE('',#2187,#2190,#2590,.T.);
#1731=EDGE_CURVE('',#2190,#2191,#2591,.T.);
#1732=EDGE_CURVE('',#2192,#2191,#2592,.T.);
#1733=EDGE_CURVE('',#2187,#2192,#2593,.T.);
#1734=EDGE_CURVE('',#2191,#2193,#2594,.T.);
#1735=EDGE_CURVE('',#2193,#2194,#2595,.F.);
#1736=EDGE_CURVE('',#2192,#2194,#2596,.T.);
#1737=EDGE_CURVE('',#2118,#2195,#159,.T.);
#1738=EDGE_CURVE('',#2196,#2195,#160,.T.);
#1739=EDGE_CURVE('',#2196,#2120,#161,.T.);
#1740=EDGE_CURVE('',#2119,#2197,#162,.T.);
#1741=EDGE_CURVE('',#2198,#2197,#163,.T.);
#1742=EDGE_CURVE('',#2198,#2124,#164,.T.);
#1743=EDGE_CURVE('',#2130,#2062,#165,.F.);
#1744=EDGE_CURVE('',#2083,#2199,#166,.T.);
#1745=EDGE_CURVE('',#2200,#2199,#167,.T.);
#1746=EDGE_CURVE('',#2200,#2132,#168,.T.);
#1747=EDGE_CURVE('',#2131,#2201,#169,.T.);
#1748=EDGE_CURVE('',#2202,#2201,#170,.T.);
#1749=EDGE_CURVE('',#2202,#2087,#171,.T.);
#1750=EDGE_CURVE('',#2077,#2136,#172,.F.);
#1751=EDGE_CURVE('',#2142,#2203,#173,.T.);
#1752=EDGE_CURVE('',#2204,#2203,#174,.T.);
#1753=EDGE_CURVE('',#2204,#2146,#175,.T.);
#1754=EDGE_CURVE('',#2145,#2205,#176,.T.);
#1755=EDGE_CURVE('',#2206,#2205,#177,.T.);
#1756=EDGE_CURVE('',#2206,#2148,#178,.T.);
#1757=EDGE_CURVE('',#2154,#2156,#179,.F.);
#1758=EDGE_CURVE('',#2162,#2207,#180,.T.);
#1759=EDGE_CURVE('',#2208,#2207,#181,.T.);
#1760=EDGE_CURVE('',#2208,#2166,#182,.T.);
#1761=EDGE_CURVE('',#2165,#2209,#183,.T.);
#1762=EDGE_CURVE('',#2210,#2209,#184,.T.);
#1763=EDGE_CURVE('',#2210,#2168,#185,.T.);
#1764=EDGE_CURVE('',#2174,#2176,#186,.F.);
#1765=EDGE_CURVE('',#2182,#2211,#187,.T.);
#1766=EDGE_CURVE('',#2212,#2211,#188,.T.);
#1767=EDGE_CURVE('',#2212,#2186,#189,.T.);
#1768=EDGE_CURVE('',#2185,#2213,#190,.T.);
#1769=EDGE_CURVE('',#2214,#2213,#191,.T.);
#1770=EDGE_CURVE('',#2214,#2188,#192,.T.);
#1771=EDGE_CURVE('',#2194,#2092,#193,.F.);
#1772=EDGE_CURVE('',#2098,#2215,#194,.T.);
#1773=EDGE_CURVE('',#2216,#2215,#195,.T.);
#1774=EDGE_CURVE('',#2216,#2100,#196,.T.);
#1775=EDGE_CURVE('',#2099,#2217,#197,.T.);
#1776=EDGE_CURVE('',#2218,#2217,#198,.T.);
#1777=EDGE_CURVE('',#2218,#2104,#199,.T.);
#1778=EDGE_CURVE('',#2110,#2112,#200,.F.);
#1779=EDGE_CURVE('',#2219,#2219,#201,.T.);
#1780=EDGE_CURVE('',#2220,#2220,#202,.T.);
#1781=EDGE_CURVE('',#2221,#2222,#203,.T.);
#1782=EDGE_CURVE('',#2222,#2117,#204,.F.);
#1783=EDGE_CURVE('',#2113,#2109,#205,.T.);
#1784=EDGE_CURVE('',#2105,#2223,#206,.F.);
#1785=EDGE_CURVE('',#2223,#2224,#207,.T.);
#1786=EDGE_CURVE('',#2224,#2102,#208,.F.);
#1787=EDGE_CURVE('',#2101,#2225,#209,.F.);
#1788=EDGE_CURVE('',#2225,#2226,#210,.T.);
#1789=EDGE_CURVE('',#2226,#2097,#211,.F.);
#1790=EDGE_CURVE('',#2093,#2193,#212,.T.);
#1791=EDGE_CURVE('',#2189,#2227,#213,.F.);
#1792=EDGE_CURVE('',#2227,#2228,#214,.T.);
#1793=EDGE_CURVE('',#2228,#2183,#215,.F.);
#1794=EDGE_CURVE('',#2184,#2229,#216,.F.);
#1795=EDGE_CURVE('',#2229,#2230,#217,.T.);
#1796=EDGE_CURVE('',#2230,#2181,#218,.F.);
#1797=EDGE_CURVE('',#2177,#2173,#219,.T.);
#1798=EDGE_CURVE('',#2169,#2231,#220,.F.);
#1799=EDGE_CURVE('',#2231,#2232,#221,.T.);
#1800=EDGE_CURVE('',#2232,#2163,#222,.F.);
#1801=EDGE_CURVE('',#2164,#2233,#223,.F.);
#1802=EDGE_CURVE('',#2233,#2234,#224,.T.);
#1803=EDGE_CURVE('',#2234,#2161,#225,.F.);
#1804=EDGE_CURVE('',#2157,#2153,#226,.T.);
#1805=EDGE_CURVE('',#2149,#2235,#227,.F.);
#1806=EDGE_CURVE('',#2235,#2236,#228,.T.);
#1807=EDGE_CURVE('',#2236,#2143,#229,.F.);
#1808=EDGE_CURVE('',#2144,#2237,#230,.F.);
#1809=EDGE_CURVE('',#2237,#2238,#231,.T.);
#1810=EDGE_CURVE('',#2238,#2141,#232,.F.);
#1811=EDGE_CURVE('',#2137,#2076,#233,.T.);
#1812=EDGE_CURVE('',#2088,#2239,#234,.F.);
#1813=EDGE_CURVE('',#2239,#2240,#235,.T.);
#1814=EDGE_CURVE('',#2240,#2134,#236,.F.);
#1815=EDGE_CURVE('',#2133,#2241,#237,.F.);
#1816=EDGE_CURVE('',#2241,#2242,#238,.T.);
#1817=EDGE_CURVE('',#2242,#2081,#239,.F.);
#1818=EDGE_CURVE('',#2063,#2129,#240,.T.);
#1819=EDGE_CURVE('',#2125,#2243,#241,.F.);
#1820=EDGE_CURVE('',#2243,#2244,#242,.T.);
#1821=EDGE_CURVE('',#2244,#2122,#243,.F.);
#1822=EDGE_CURVE('',#2121,#2221,#244,.F.);
#1823=EDGE_CURVE('',#2201,#2240,#2597,.F.);
#1824=EDGE_CURVE('',#2239,#2202,#2598,.T.);
#1825=EDGE_CURVE('',#2237,#2204,#2599,.T.);
#1826=EDGE_CURVE('',#2203,#2238,#2600,.F.);
#1827=EDGE_CURVE('',#2235,#2206,#2601,.T.);
#1828=EDGE_CURVE('',#2205,#2236,#2602,.F.);
#1829=EDGE_CURVE('',#2233,#2208,#2603,.T.);
#1830=EDGE_CURVE('',#2207,#2234,#2604,.F.);
#1831=EDGE_CURVE('',#2231,#2210,#2605,.T.);
#1832=EDGE_CURVE('',#2209,#2232,#2606,.F.);
#1833=EDGE_CURVE('',#2211,#2230,#2607,.F.);
#1834=EDGE_CURVE('',#2229,#2212,#2608,.T.);
#1835=EDGE_CURVE('',#2213,#2228,#2609,.F.);
#1836=EDGE_CURVE('',#2227,#2214,#2610,.T.);
#1837=EDGE_CURVE('',#2215,#2226,#2611,.F.);
#1838=EDGE_CURVE('',#2225,#2216,#2612,.T.);
#1839=EDGE_CURVE('',#2223,#2218,#2613,.T.);
#1840=EDGE_CURVE('',#2217,#2224,#2614,.F.);
#1841=EDGE_CURVE('',#2195,#2222,#2615,.F.);
#1842=EDGE_CURVE('',#2221,#2196,#2616,.T.);
#1843=EDGE_CURVE('',#2197,#2244,#2617,.F.);
#1844=EDGE_CURVE('',#2243,#2198,#2618,.T.);
#1845=EDGE_CURVE('',#2199,#2242,#2619,.F.);
#1846=EDGE_CURVE('',#2241,#2200,#2620,.T.);
#1847=EDGE_CURVE('',#2245,#2245,#245,.T.);
#1848=EDGE_CURVE('',#2246,#2246,#246,.T.);
#1849=EDGE_CURVE('',#2247,#2247,#247,.T.);
#1850=EDGE_CURVE('',#2248,#2248,#248,.T.);
#1851=EDGE_CURVE('',#2249,#2056,#2621,.T.);
#1852=EDGE_CURVE('',#2250,#2249,#2622,.T.);
#1853=EDGE_CURVE('',#2250,#2055,#2623,.T.);
#1854=EDGE_CURVE('',#2251,#2060,#2624,.T.);
#1855=EDGE_CURVE('',#2249,#2251,#2625,.T.);
#1856=EDGE_CURVE('',#2252,#2059,#2626,.T.);
#1857=EDGE_CURVE('',#2251,#2252,#2627,.T.);
#1858=EDGE_CURVE('',#2253,#2058,#2628,.T.);
#1859=EDGE_CURVE('',#2252,#2253,#2629,.T.);
#1860=EDGE_CURVE('',#2254,#2057,#2630,.T.);
#1861=EDGE_CURVE('',#2253,#2254,#2631,.T.);
#1862=EDGE_CURVE('',#2254,#2250,#2632,.T.);
#1863=EDGE_CURVE('',#2255,#2066,#2633,.T.);
#1864=EDGE_CURVE('',#2255,#2256,#2634,.T.);
#1865=EDGE_CURVE('',#2256,#2067,#2635,.T.);
#1866=EDGE_CURVE('',#2257,#2065,#2636,.T.);
#1867=EDGE_CURVE('',#2257,#2255,#2637,.T.);
#1868=EDGE_CURVE('',#2258,#2070,#2638,.T.);
#1869=EDGE_CURVE('',#2258,#2257,#2639,.T.);
#1870=EDGE_CURVE('',#2259,#2069,#2640,.T.);
#1871=EDGE_CURVE('',#2259,#2258,#2641,.T.);
#1872=EDGE_CURVE('',#2260,#2068,#2642,.T.);
#1873=EDGE_CURVE('',#2260,#2259,#2643,.T.);
#1874=EDGE_CURVE('',#2256,#2260,#2644,.T.);
#1875=VERTEX_POINT('',#5581);
#1876=VERTEX_POINT('',#5582);
#1877=VERTEX_POINT('',#5584);
#1878=VERTEX_POINT('',#5586);
#1879=VERTEX_POINT('',#5590);
#1880=VERTEX_POINT('',#5591);
#1881=VERTEX_POINT('',#5596);
#1882=VERTEX_POINT('',#5597);
#1883=VERTEX_POINT('',#5602);
#1884=VERTEX_POINT('',#5603);
#1885=VERTEX_POINT('',#5608);
#1886=VERTEX_POINT('',#5609);
#1887=VERTEX_POINT('',#5617);
#1888=VERTEX_POINT('',#5620);
#1889=VERTEX_POINT('',#5621);
#1890=VERTEX_POINT('',#5623);
#1891=VERTEX_POINT('',#5625);
#1892=VERTEX_POINT('',#5629);
#1893=VERTEX_POINT('',#5631);
#1894=VERTEX_POINT('',#5635);
#1895=VERTEX_POINT('',#5637);
#1896=VERTEX_POINT('',#5641);
#1897=VERTEX_POINT('',#5643);
#1898=VERTEX_POINT('',#5647);
#1899=VERTEX_POINT('',#5649);
#1900=VERTEX_POINT('',#5656);
#1901=VERTEX_POINT('',#5659);
#1902=VERTEX_POINT('',#5661);
#1903=VERTEX_POINT('',#5664);
#1904=VERTEX_POINT('',#5667);
#1905=VERTEX_POINT('',#5669);
#1906=VERTEX_POINT('',#5672);
#1907=VERTEX_POINT('',#5675);
#1908=VERTEX_POINT('',#5678);
#1909=VERTEX_POINT('',#5681);
#1910=VERTEX_POINT('',#5684);
#1911=VERTEX_POINT('',#5687);
#1912=VERTEX_POINT('',#5688);
#1913=VERTEX_POINT('',#5690);
#1914=VERTEX_POINT('',#5692);
#1915=VERTEX_POINT('',#5696);
#1916=VERTEX_POINT('',#5697);
#1917=VERTEX_POINT('',#5702);
#1918=VERTEX_POINT('',#5703);
#1919=VERTEX_POINT('',#5708);
#1920=VERTEX_POINT('',#5709);
#1921=VERTEX_POINT('',#5714);
#1922=VERTEX_POINT('',#5715);
#1923=VERTEX_POINT('',#5723);
#1924=VERTEX_POINT('',#5726);
#1925=VERTEX_POINT('',#5727);
#1926=VERTEX_POINT('',#5729);
#1927=VERTEX_POINT('',#5731);
#1928=VERTEX_POINT('',#5735);
#1929=VERTEX_POINT('',#5737);
#1930=VERTEX_POINT('',#5741);
#1931=VERTEX_POINT('',#5743);
#1932=VERTEX_POINT('',#5747);
#1933=VERTEX_POINT('',#5749);
#1934=VERTEX_POINT('',#5753);
#1935=VERTEX_POINT('',#5755);
#1936=VERTEX_POINT('',#5762);
#1937=VERTEX_POINT('',#5765);
#1938=VERTEX_POINT('',#5767);
#1939=VERTEX_POINT('',#5770);
#1940=VERTEX_POINT('',#5773);
#1941=VERTEX_POINT('',#5775);
#1942=VERTEX_POINT('',#5778);
#1943=VERTEX_POINT('',#5781);
#1944=VERTEX_POINT('',#5784);
#1945=VERTEX_POINT('',#5787);
#1946=VERTEX_POINT('',#5790);
#1947=VERTEX_POINT('',#5793);
#1948=VERTEX_POINT('',#5794);
#1949=VERTEX_POINT('',#5796);
#1950=VERTEX_POINT('',#5798);
#1951=VERTEX_POINT('',#5802);
#1952=VERTEX_POINT('',#5803);
#1953=VERTEX_POINT('',#5808);
#1954=VERTEX_POINT('',#5809);
#1955=VERTEX_POINT('',#5814);
#1956=VERTEX_POINT('',#5815);
#1957=VERTEX_POINT('',#5820);
#1958=VERTEX_POINT('',#5821);
#1959=VERTEX_POINT('',#5829);
#1960=VERTEX_POINT('',#5832);
#1961=VERTEX_POINT('',#5833);
#1962=VERTEX_POINT('',#5835);
#1963=VERTEX_POINT('',#5837);
#1964=VERTEX_POINT('',#5841);
#1965=VERTEX_POINT('',#5843);
#1966=VERTEX_POINT('',#5847);
#1967=VERTEX_POINT('',#5849);
#1968=VERTEX_POINT('',#5853);
#1969=VERTEX_POINT('',#5855);
#1970=VERTEX_POINT('',#5859);
#1971=VERTEX_POINT('',#5861);
#1972=VERTEX_POINT('',#5868);
#1973=VERTEX_POINT('',#5871);
#1974=VERTEX_POINT('',#5873);
#1975=VERTEX_POINT('',#5876);
#1976=VERTEX_POINT('',#5879);
#1977=VERTEX_POINT('',#5881);
#1978=VERTEX_POINT('',#5884);
#1979=VERTEX_POINT('',#5887);
#1980=VERTEX_POINT('',#5890);
#1981=VERTEX_POINT('',#5893);
#1982=VERTEX_POINT('',#5896);
#1983=VERTEX_POINT('',#5899);
#1984=VERTEX_POINT('',#5900);
#1985=VERTEX_POINT('',#5902);
#1986=VERTEX_POINT('',#5904);
#1987=VERTEX_POINT('',#5908);
#1988=VERTEX_POINT('',#5909);
#1989=VERTEX_POINT('',#5914);
#1990=VERTEX_POINT('',#5915);
#1991=VERTEX_POINT('',#5920);
#1992=VERTEX_POINT('',#5921);
#1993=VERTEX_POINT('',#5926);
#1994=VERTEX_POINT('',#5927);
#1995=VERTEX_POINT('',#5935);
#1996=VERTEX_POINT('',#5938);
#1997=VERTEX_POINT('',#5939);
#1998=VERTEX_POINT('',#5941);
#1999=VERTEX_POINT('',#5943);
#2000=VERTEX_POINT('',#5947);
#2001=VERTEX_POINT('',#5949);
#2002=VERTEX_POINT('',#5953);
#2003=VERTEX_POINT('',#5955);
#2004=VERTEX_POINT('',#5959);
#2005=VERTEX_POINT('',#5961);
#2006=VERTEX_POINT('',#5965);
#2007=VERTEX_POINT('',#5967);
#2008=VERTEX_POINT('',#5974);
#2009=VERTEX_POINT('',#5977);
#2010=VERTEX_POINT('',#5979);
#2011=VERTEX_POINT('',#5982);
#2012=VERTEX_POINT('',#5985);
#2013=VERTEX_POINT('',#5987);
#2014=VERTEX_POINT('',#5990);
#2015=VERTEX_POINT('',#5993);
#2016=VERTEX_POINT('',#5996);
#2017=VERTEX_POINT('',#5999);
#2018=VERTEX_POINT('',#6002);
#2019=VERTEX_POINT('',#6005);
#2020=VERTEX_POINT('',#6006);
#2021=VERTEX_POINT('',#6008);
#2022=VERTEX_POINT('',#6010);
#2023=VERTEX_POINT('',#6014);
#2024=VERTEX_POINT('',#6015);
#2025=VERTEX_POINT('',#6020);
#2026=VERTEX_POINT('',#6021);
#2027=VERTEX_POINT('',#6026);
#2028=VERTEX_POINT('',#6027);
#2029=VERTEX_POINT('',#6032);
#2030=VERTEX_POINT('',#6033);
#2031=VERTEX_POINT('',#6041);
#2032=VERTEX_POINT('',#6044);
#2033=VERTEX_POINT('',#6045);
#2034=VERTEX_POINT('',#6047);
#2035=VERTEX_POINT('',#6049);
#2036=VERTEX_POINT('',#6053);
#2037=VERTEX_POINT('',#6055);
#2038=VERTEX_POINT('',#6059);
#2039=VERTEX_POINT('',#6061);
#2040=VERTEX_POINT('',#6065);
#2041=VERTEX_POINT('',#6067);
#2042=VERTEX_POINT('',#6071);
#2043=VERTEX_POINT('',#6073);
#2044=VERTEX_POINT('',#6080);
#2045=VERTEX_POINT('',#6083);
#2046=VERTEX_POINT('',#6085);
#2047=VERTEX_POINT('',#6088);
#2048=VERTEX_POINT('',#6091);
#2049=VERTEX_POINT('',#6093);
#2050=VERTEX_POINT('',#6096);
#2051=VERTEX_POINT('',#6099);
#2052=VERTEX_POINT('',#6102);
#2053=VERTEX_POINT('',#6105);
#2054=VERTEX_POINT('',#6108);
#2055=VERTEX_POINT('',#6111);
#2056=VERTEX_POINT('',#6112);
#2057=VERTEX_POINT('',#6114);
#2058=VERTEX_POINT('',#6116);
#2059=VERTEX_POINT('',#6118);
#2060=VERTEX_POINT('',#6120);
#2061=VERTEX_POINT('',#6123);
#2062=VERTEX_POINT('',#6124);
#2063=VERTEX_POINT('',#6126);
#2064=VERTEX_POINT('',#6128);
#2065=VERTEX_POINT('',#6131);
#2066=VERTEX_POINT('',#6132);
#2067=VERTEX_POINT('',#6134);
#2068=VERTEX_POINT('',#6136);
#2069=VERTEX_POINT('',#6138);
#2070=VERTEX_POINT('',#6140);
#2071=VERTEX_POINT('',#6144);
#2072=VERTEX_POINT('',#6146);
#2073=VERTEX_POINT('',#6149);
#2074=VERTEX_POINT('',#6151);
#2075=VERTEX_POINT('',#6154);
#2076=VERTEX_POINT('',#6155);
#2077=VERTEX_POINT('',#6157);
#2078=VERTEX_POINT('',#6159);
#2079=VERTEX_POINT('',#6162);
#2080=VERTEX_POINT('',#6164);
#2081=VERTEX_POINT('',#6167);
#2082=VERTEX_POINT('',#6168);
#2083=VERTEX_POINT('',#6170);
#2084=VERTEX_POINT('',#6172);
#2085=VERTEX_POINT('',#6176);
#2086=VERTEX_POINT('',#6178);
#2087=VERTEX_POINT('',#6179);
#2088=VERTEX_POINT('',#6181);
#2089=VERTEX_POINT('',#6183);
#2090=VERTEX_POINT('',#6186);
#2091=VERTEX_POINT('',#6189);
#2092=VERTEX_POINT('',#6190);
#2093=VERTEX_POINT('',#6192);
#2094=VERTEX_POINT('',#6194);
#2095=VERTEX_POINT('',#6198);
#2096=VERTEX_POINT('',#6200);
#2097=VERTEX_POINT('',#6204);
#2098=VERTEX_POINT('',#6206);
#2099=VERTEX_POINT('',#6210);
#2100=VERTEX_POINT('',#6211);
#2101=VERTEX_POINT('',#6213);
#2102=VERTEX_POINT('',#6215);
#2103=VERTEX_POINT('',#6219);
#2104=VERTEX_POINT('',#6220);
#2105=VERTEX_POINT('',#6222);
#2106=VERTEX_POINT('',#6224);
#2107=VERTEX_POINT('',#6228);
#2108=VERTEX_POINT('',#6230);
#2109=VERTEX_POINT('',#6234);
#2110=VERTEX_POINT('',#6236);
#2111=VERTEX_POINT('',#6240);
#2112=VERTEX_POINT('',#6241);
#2113=VERTEX_POINT('',#6243);
#2114=VERTEX_POINT('',#6245);
#2115=VERTEX_POINT('',#6249);
#2116=VERTEX_POINT('',#6251);
#2117=VERTEX_POINT('',#6255);
#2118=VERTEX_POINT('',#6257);
#2119=VERTEX_POINT('',#6261);
#2120=VERTEX_POINT('',#6262);
#2121=VERTEX_POINT('',#6264);
#2122=VERTEX_POINT('',#6266);
#2123=VERTEX_POINT('',#6270);
#2124=VERTEX_POINT('',#6271);
#2125=VERTEX_POINT('',#6273);
#2126=VERTEX_POINT('',#6275);
#2127=VERTEX_POINT('',#6279);
#2128=VERTEX_POINT('',#6281);
#2129=VERTEX_POINT('',#6285);
#2130=VERTEX_POINT('',#6287);
#2131=VERTEX_POINT('',#6294);
#2132=VERTEX_POINT('',#6295);
#2133=VERTEX_POINT('',#6297);
#2134=VERTEX_POINT('',#6299);
#2135=VERTEX_POINT('',#6306);
#2136=VERTEX_POINT('',#6307);
#2137=VERTEX_POINT('',#6309);
#2138=VERTEX_POINT('',#6311);
#2139=VERTEX_POINT('',#6315);
#2140=VERTEX_POINT('',#6317);
#2141=VERTEX_POINT('',#6321);
#2142=VERTEX_POINT('',#6323);
#2143=VERTEX_POINT('',#6327);
#2144=VERTEX_POINT('',#6328);
#2145=VERTEX_POINT('',#6330);
#2146=VERTEX_POINT('',#6332);
#2147=VERTEX_POINT('',#6336);
#2148=VERTEX_POINT('',#6337);
#2149=VERTEX_POINT('',#6339);
#2150=VERTEX_POINT('',#6341);
#2151=VERTEX_POINT('',#6345);
#2152=VERTEX_POINT('',#6347);
#2153=VERTEX_POINT('',#6351);
#2154=VERTEX_POINT('',#6353);
#2155=VERTEX_POINT('',#6357);
#2156=VERTEX_POINT('',#6358);
#2157=VERTEX_POINT('',#6360);
#2158=VERTEX_POINT('',#6362);
#2159=VERTEX_POINT('',#6366);
#2160=VERTEX_POINT('',#6368);
#2161=VERTEX_POINT('',#6372);
#2162=VERTEX_POINT('',#6374);
#2163=VERTEX_POINT('',#6378);
#2164=VERTEX_POINT('',#6379);
#2165=VERTEX_POINT('',#6381);
#2166=VERTEX_POINT('',#6383);
#2167=VERTEX_POINT('',#6387);
#2168=VERTEX_POINT('',#6388);
#2169=VERTEX_POINT('',#6390);
#2170=VERTEX_POINT('',#6392);
#2171=VERTEX_POINT('',#6396);
#2172=VERTEX_POINT('',#6398);
#2173=VERTEX_POINT('',#6402);
#2174=VERTEX_POINT('',#6404);
#2175=VERTEX_POINT('',#6408);
#2176=VERTEX_POINT('',#6409);
#2177=VERTEX_POINT('',#6411);
#2178=VERTEX_POINT('',#6413);
#2179=VERTEX_POINT('',#6417);
#2180=VERTEX_POINT('',#6419);
#2181=VERTEX_POINT('',#6423);
#2182=VERTEX_POINT('',#6425);
#2183=VERTEX_POINT('',#6429);
#2184=VERTEX_POINT('',#6430);
#2185=VERTEX_POINT('',#6432);
#2186=VERTEX_POINT('',#6434);
#2187=VERTEX_POINT('',#6438);
#2188=VERTEX_POINT('',#6439);
#2189=VERTEX_POINT('',#6441);
#2190=VERTEX_POINT('',#6443);
#2191=VERTEX_POINT('',#6447);
#2192=VERTEX_POINT('',#6449);
#2193=VERTEX_POINT('',#6453);
#2194=VERTEX_POINT('',#6455);
#2195=VERTEX_POINT('',#6459);
#2196=VERTEX_POINT('',#6461);
#2197=VERTEX_POINT('',#6464);
#2198=VERTEX_POINT('',#6466);
#2199=VERTEX_POINT('',#6470);
#2200=VERTEX_POINT('',#6472);
#2201=VERTEX_POINT('',#6475);
#2202=VERTEX_POINT('',#6477);
#2203=VERTEX_POINT('',#6481);
#2204=VERTEX_POINT('',#6483);
#2205=VERTEX_POINT('',#6486);
#2206=VERTEX_POINT('',#6488);
#2207=VERTEX_POINT('',#6492);
#2208=VERTEX_POINT('',#6494);
#2209=VERTEX_POINT('',#6497);
#2210=VERTEX_POINT('',#6499);
#2211=VERTEX_POINT('',#6503);
#2212=VERTEX_POINT('',#6505);
#2213=VERTEX_POINT('',#6508);
#2214=VERTEX_POINT('',#6510);
#2215=VERTEX_POINT('',#6514);
#2216=VERTEX_POINT('',#6516);
#2217=VERTEX_POINT('',#6519);
#2218=VERTEX_POINT('',#6521);
#2219=VERTEX_POINT('',#6525);
#2220=VERTEX_POINT('',#6528);
#2221=VERTEX_POINT('',#6530);
#2222=VERTEX_POINT('',#6531);
#2223=VERTEX_POINT('',#6535);
#2224=VERTEX_POINT('',#6537);
#2225=VERTEX_POINT('',#6540);
#2226=VERTEX_POINT('',#6542);
#2227=VERTEX_POINT('',#6546);
#2228=VERTEX_POINT('',#6548);
#2229=VERTEX_POINT('',#6551);
#2230=VERTEX_POINT('',#6553);
#2231=VERTEX_POINT('',#6557);
#2232=VERTEX_POINT('',#6559);
#2233=VERTEX_POINT('',#6562);
#2234=VERTEX_POINT('',#6564);
#2235=VERTEX_POINT('',#6568);
#2236=VERTEX_POINT('',#6570);
#2237=VERTEX_POINT('',#6573);
#2238=VERTEX_POINT('',#6575);
#2239=VERTEX_POINT('',#6579);
#2240=VERTEX_POINT('',#6581);
#2241=VERTEX_POINT('',#6584);
#2242=VERTEX_POINT('',#6586);
#2243=VERTEX_POINT('',#6590);
#2244=VERTEX_POINT('',#6592);
#2245=VERTEX_POINT('',#6664);
#2246=VERTEX_POINT('',#6667);
#2247=VERTEX_POINT('',#6670);
#2248=VERTEX_POINT('',#6674);
#2249=VERTEX_POINT('',#6678);
#2250=VERTEX_POINT('',#6680);
#2251=VERTEX_POINT('',#6684);
#2252=VERTEX_POINT('',#6688);
#2253=VERTEX_POINT('',#6692);
#2254=VERTEX_POINT('',#6696);
#2255=VERTEX_POINT('',#6703);
#2256=VERTEX_POINT('',#6705);
#2257=VERTEX_POINT('',#6709);
#2258=VERTEX_POINT('',#6713);
#2259=VERTEX_POINT('',#6717);
#2260=VERTEX_POINT('',#6721);
#2261=LINE('',#5580,#2645);
#2262=LINE('',#5583,#2646);
#2263=LINE('',#5585,#2647);
#2264=LINE('',#5587,#2648);
#2265=LINE('',#5589,#2649);
#2266=LINE('',#5592,#2650);
#2267=LINE('',#5593,#2651);
#2268=LINE('',#5595,#2652);
#2269=LINE('',#5598,#2653);
#2270=LINE('',#5599,#2654);
#2271=LINE('',#5601,#2655);
#2272=LINE('',#5604,#2656);
#2273=LINE('',#5605,#2657);
#2274=LINE('',#5607,#2658);
#2275=LINE('',#5610,#2659);
#2276=LINE('',#5611,#2660);
#2277=LINE('',#5613,#2661);
#2278=LINE('',#5614,#2662);
#2279=LINE('',#5619,#2663);
#2280=LINE('',#5622,#2664);
#2281=LINE('',#5624,#2665);
#2282=LINE('',#5626,#2666);
#2283=LINE('',#5628,#2667);
#2284=LINE('',#5630,#2668);
#2285=LINE('',#5632,#2669);
#2286=LINE('',#5634,#2670);
#2287=LINE('',#5636,#2671);
#2288=LINE('',#5638,#2672);
#2289=LINE('',#5640,#2673);
#2290=LINE('',#5642,#2674);
#2291=LINE('',#5644,#2675);
#2292=LINE('',#5646,#2676);
#2293=LINE('',#5648,#2677);
#2294=LINE('',#5650,#2678);
#2295=LINE('',#5652,#2679);
#2296=LINE('',#5653,#2680);
#2297=LINE('',#5686,#2681);
#2298=LINE('',#5689,#2682);
#2299=LINE('',#5691,#2683);
#2300=LINE('',#5693,#2684);
#2301=LINE('',#5695,#2685);
#2302=LINE('',#5698,#2686);
#2303=LINE('',#5699,#2687);
#2304=LINE('',#5701,#2688);
#2305=LINE('',#5704,#2689);
#2306=LINE('',#5705,#2690);
#2307=LINE('',#5707,#2691);
#2308=LINE('',#5710,#2692);
#2309=LINE('',#5711,#2693);
#2310=LINE('',#5713,#2694);
#2311=LINE('',#5716,#2695);
#2312=LINE('',#5717,#2696);
#2313=LINE('',#5719,#2697);
#2314=LINE('',#5720,#2698);
#2315=LINE('',#5725,#2699);
#2316=LINE('',#5728,#2700);
#2317=LINE('',#5730,#2701);
#2318=LINE('',#5732,#2702);
#2319=LINE('',#5734,#2703);
#2320=LINE('',#5736,#2704);
#2321=LINE('',#5738,#2705);
#2322=LINE('',#5740,#2706);
#2323=LINE('',#5742,#2707);
#2324=LINE('',#5744,#2708);
#2325=LINE('',#5746,#2709);
#2326=LINE('',#5748,#2710);
#2327=LINE('',#5750,#2711);
#2328=LINE('',#5752,#2712);
#2329=LINE('',#5754,#2713);
#2330=LINE('',#5756,#2714);
#2331=LINE('',#5758,#2715);
#2332=LINE('',#5759,#2716);
#2333=LINE('',#5792,#2717);
#2334=LINE('',#5795,#2718);
#2335=LINE('',#5797,#2719);
#2336=LINE('',#5799,#2720);
#2337=LINE('',#5801,#2721);
#2338=LINE('',#5804,#2722);
#2339=LINE('',#5805,#2723);
#2340=LINE('',#5807,#2724);
#2341=LINE('',#5810,#2725);
#2342=LINE('',#5811,#2726);
#2343=LINE('',#5813,#2727);
#2344=LINE('',#5816,#2728);
#2345=LINE('',#5817,#2729);
#2346=LINE('',#5819,#2730);
#2347=LINE('',#5822,#2731);
#2348=LINE('',#5823,#2732);
#2349=LINE('',#5825,#2733);
#2350=LINE('',#5826,#2734);
#2351=LINE('',#5831,#2735);
#2352=LINE('',#5834,#2736);
#2353=LINE('',#5836,#2737);
#2354=LINE('',#5838,#2738);
#2355=LINE('',#5840,#2739);
#2356=LINE('',#5842,#2740);
#2357=LINE('',#5844,#2741);
#2358=LINE('',#5846,#2742);
#2359=LINE('',#5848,#2743);
#2360=LINE('',#5850,#2744);
#2361=LINE('',#5852,#2745);
#2362=LINE('',#5854,#2746);
#2363=LINE('',#5856,#2747);
#2364=LINE('',#5858,#2748);
#2365=LINE('',#5860,#2749);
#2366=LINE('',#5862,#2750);
#2367=LINE('',#5864,#2751);
#2368=LINE('',#5865,#2752);
#2369=LINE('',#5898,#2753);
#2370=LINE('',#5901,#2754);
#2371=LINE('',#5903,#2755);
#2372=LINE('',#5905,#2756);
#2373=LINE('',#5907,#2757);
#2374=LINE('',#5910,#2758);
#2375=LINE('',#5911,#2759);
#2376=LINE('',#5913,#2760);
#2377=LINE('',#5916,#2761);
#2378=LINE('',#5917,#2762);
#2379=LINE('',#5919,#2763);
#2380=LINE('',#5922,#2764);
#2381=LINE('',#5923,#2765);
#2382=LINE('',#5925,#2766);
#2383=LINE('',#5928,#2767);
#2384=LINE('',#5929,#2768);
#2385=LINE('',#5931,#2769);
#2386=LINE('',#5932,#2770);
#2387=LINE('',#5937,#2771);
#2388=LINE('',#5940,#2772);
#2389=LINE('',#5942,#2773);
#2390=LINE('',#5944,#2774);
#2391=LINE('',#5946,#2775);
#2392=LINE('',#5948,#2776);
#2393=LINE('',#5950,#2777);
#2394=LINE('',#5952,#2778);
#2395=LINE('',#5954,#2779);
#2396=LINE('',#5956,#2780);
#2397=LINE('',#5958,#2781);
#2398=LINE('',#5960,#2782);
#2399=LINE('',#5962,#2783);
#2400=LINE('',#5964,#2784);
#2401=LINE('',#5966,#2785);
#2402=LINE('',#5968,#2786);
#2403=LINE('',#5970,#2787);
#2404=LINE('',#5971,#2788);
#2405=LINE('',#6004,#2789);
#2406=LINE('',#6007,#2790);
#2407=LINE('',#6009,#2791);
#2408=LINE('',#6011,#2792);
#2409=LINE('',#6013,#2793);
#2410=LINE('',#6016,#2794);
#2411=LINE('',#6017,#2795);
#2412=LINE('',#6019,#2796);
#2413=LINE('',#6022,#2797);
#2414=LINE('',#6023,#2798);
#2415=LINE('',#6025,#2799);
#2416=LINE('',#6028,#2800);
#2417=LINE('',#6029,#2801);
#2418=LINE('',#6031,#2802);
#2419=LINE('',#6034,#2803);
#2420=LINE('',#6035,#2804);
#2421=LINE('',#6037,#2805);
#2422=LINE('',#6038,#2806);
#2423=LINE('',#6043,#2807);
#2424=LINE('',#6046,#2808);
#2425=LINE('',#6048,#2809);
#2426=LINE('',#6050,#2810);
#2427=LINE('',#6052,#2811);
#2428=LINE('',#6054,#2812);
#2429=LINE('',#6056,#2813);
#2430=LINE('',#6058,#2814);
#2431=LINE('',#6060,#2815);
#2432=LINE('',#6062,#2816);
#2433=LINE('',#6064,#2817);
#2434=LINE('',#6066,#2818);
#2435=LINE('',#6068,#2819);
#2436=LINE('',#6070,#2820);
#2437=LINE('',#6072,#2821);
#2438=LINE('',#6074,#2822);
#2439=LINE('',#6076,#2823);
#2440=LINE('',#6077,#2824);
#2441=LINE('',#6110,#2825);
#2442=LINE('',#6113,#2826);
#2443=LINE('',#6115,#2827);
#2444=LINE('',#6117,#2828);
#2445=LINE('',#6119,#2829);
#2446=LINE('',#6121,#2830);
#2447=LINE('',#6122,#2831);
#2448=LINE('',#6125,#2832);
#2449=LINE('',#6127,#2833);
#2450=LINE('',#6129,#2834);
#2451=LINE('',#6130,#2835);
#2452=LINE('',#6133,#2836);
#2453=LINE('',#6135,#2837);
#2454=LINE('',#6137,#2838);
#2455=LINE('',#6139,#2839);
#2456=LINE('',#6141,#2840);
#2457=LINE('',#6153,#2841);
#2458=LINE('',#6156,#2842);
#2459=LINE('',#6158,#2843);
#2460=LINE('',#6160,#2844);
#2461=LINE('',#6166,#2845);
#2462=LINE('',#6169,#2846);
#2463=LINE('',#6171,#2847);
#2464=LINE('',#6173,#2848);
#2465=LINE('',#6177,#2849);
#2466=LINE('',#6180,#2850);
#2467=LINE('',#6182,#2851);
#2468=LINE('',#6184,#2852);
#2469=LINE('',#6188,#2853);
#2470=LINE('',#6191,#2854);
#2471=LINE('',#6193,#2855);
#2472=LINE('',#6195,#2856);
#2473=LINE('',#6197,#2857);
#2474=LINE('',#6199,#2858);
#2475=LINE('',#6201,#2859);
#2476=LINE('',#6203,#2860);
#2477=LINE('',#6205,#2861);
#2478=LINE('',#6207,#2862);
#2479=LINE('',#6209,#2863);
#2480=LINE('',#6212,#2864);
#2481=LINE('',#6214,#2865);
#2482=LINE('',#6216,#2866);
#2483=LINE('',#6218,#2867);
#2484=LINE('',#6221,#2868);
#2485=LINE('',#6223,#2869);
#2486=LINE('',#6225,#2870);
#2487=LINE('',#6227,#2871);
#2488=LINE('',#6229,#2872);
#2489=LINE('',#6231,#2873);
#2490=LINE('',#6233,#2874);
#2491=LINE('',#6235,#2875);
#2492=LINE('',#6237,#2876);
#2493=LINE('',#6239,#2877);
#2494=LINE('',#6242,#2878);
#2495=LINE('',#6244,#2879);
#2496=LINE('',#6246,#2880);
#2497=LINE('',#6248,#2881);
#2498=LINE('',#6250,#2882);
#2499=LINE('',#6252,#2883);
#2500=LINE('',#6254,#2884);
#2501=LINE('',#6256,#2885);
#2502=LINE('',#6258,#2886);
#2503=LINE('',#6260,#2887);
#2504=LINE('',#6263,#2888);
#2505=LINE('',#6265,#2889);
#2506=LINE('',#6267,#2890);
#2507=LINE('',#6269,#2891);
#2508=LINE('',#6272,#2892);
#2509=LINE('',#6274,#2893);
#2510=LINE('',#6276,#2894);
#2511=LINE('',#6278,#2895);
#2512=LINE('',#6280,#2896);
#2513=LINE('',#6282,#2897);
#2514=LINE('',#6284,#2898);
#2515=LINE('',#6286,#2899);
#2516=LINE('',#6288,#2900);
#2517=LINE('',#6290,#2901);
#2518=LINE('',#6291,#2902);
#2519=LINE('',#6293,#2903);
#2520=LINE('',#6296,#2904);
#2521=LINE('',#6298,#2905);
#2522=LINE('',#6300,#2906);
#2523=LINE('',#6302,#2907);
#2524=LINE('',#6303,#2908);
#2525=LINE('',#6305,#2909);
#2526=LINE('',#6308,#2910);
#2527=LINE('',#6310,#2911);
#2528=LINE('',#6312,#2912);
#2529=LINE('',#6314,#2913);
#2530=LINE('',#6316,#2914);
#2531=LINE('',#6318,#2915);
#2532=LINE('',#6320,#2916);
#2533=LINE('',#6322,#2917);
#2534=LINE('',#6324,#2918);
#2535=LINE('',#6326,#2919);
#2536=LINE('',#6329,#2920);
#2537=LINE('',#6331,#2921);
#2538=LINE('',#6333,#2922);
#2539=LINE('',#6335,#2923);
#2540=LINE('',#6338,#2924);
#2541=LINE('',#6340,#2925);
#2542=LINE('',#6342,#2926);
#2543=LINE('',#6344,#2927);
#2544=LINE('',#6346,#2928);
#2545=LINE('',#6348,#2929);
#2546=LINE('',#6350,#2930);
#2547=LINE('',#6352,#2931);
#2548=LINE('',#6354,#2932);
#2549=LINE('',#6356,#2933);
#2550=LINE('',#6359,#2934);
#2551=LINE('',#6361,#2935);
#2552=LINE('',#6363,#2936);
#2553=LINE('',#6365,#2937);
#2554=LINE('',#6367,#2938);
#2555=LINE('',#6369,#2939);
#2556=LINE('',#6371,#2940);
#2557=LINE('',#6373,#2941);
#2558=LINE('',#6375,#2942);
#2559=LINE('',#6377,#2943);
#2560=LINE('',#6380,#2944);
#2561=LINE('',#6382,#2945);
#2562=LINE('',#6384,#2946);
#2563=LINE('',#6386,#2947);
#2564=LINE('',#6389,#2948);
#2565=LINE('',#6391,#2949);
#2566=LINE('',#6393,#2950);
#2567=LINE('',#6395,#2951);
#2568=LINE('',#6397,#2952);
#2569=LINE('',#6399,#2953);
#2570=LINE('',#6401,#2954);
#2571=LINE('',#6403,#2955);
#2572=LINE('',#6405,#2956);
#2573=LINE('',#6407,#2957);
#2574=LINE('',#6410,#2958);
#2575=LINE('',#6412,#2959);
#2576=LINE('',#6414,#2960);
#2577=LINE('',#6416,#2961);
#2578=LINE('',#6418,#2962);
#2579=LINE('',#6420,#2963);
#2580=LINE('',#6422,#2964);
#2581=LINE('',#6424,#2965);
#2582=LINE('',#6426,#2966);
#2583=LINE('',#6428,#2967);
#2584=LINE('',#6431,#2968);
#2585=LINE('',#6433,#2969);
#2586=LINE('',#6435,#2970);
#2587=LINE('',#6437,#2971);
#2588=LINE('',#6440,#2972);
#2589=LINE('',#6442,#2973);
#2590=LINE('',#6444,#2974);
#2591=LINE('',#6446,#2975);
#2592=LINE('',#6448,#2976);
#2593=LINE('',#6450,#2977);
#2594=LINE('',#6452,#2978);
#2595=LINE('',#6454,#2979);
#2596=LINE('',#6456,#2980);
#2597=LINE('',#6596,#2981);
#2598=LINE('',#6597,#2982);
#2599=LINE('',#6600,#2983);
#2600=LINE('',#6601,#2984);
#2601=LINE('',#6603,#2985);
#2602=LINE('',#6604,#2986);
#2603=LINE('',#6606,#2987);
#2604=LINE('',#6607,#2988);
#2605=LINE('',#6609,#2989);
#2606=LINE('',#6610,#2990);
#2607=LINE('',#6612,#2991);
#2608=LINE('',#6613,#2992);
#2609=LINE('',#6615,#2993);
#2610=LINE('',#6616,#2994);
#2611=LINE('',#6618,#2995);
#2612=LINE('',#6619,#2996);
#2613=LINE('',#6621,#2997);
#2614=LINE('',#6622,#2998);
#2615=LINE('',#6624,#2999);
#2616=LINE('',#6625,#3000);
#2617=LINE('',#6627,#3001);
#2618=LINE('',#6628,#3002);
#2619=LINE('',#6630,#3003);
#2620=LINE('',#6631,#3004);
#2621=LINE('',#6677,#3005);
#2622=LINE('',#6679,#3006);
#2623=LINE('',#6681,#3007);
#2624=LINE('',#6683,#3008);
#2625=LINE('',#6685,#3009);
#2626=LINE('',#6687,#3010);
#2627=LINE('',#6689,#3011);
#2628=LINE('',#6691,#3012);
#2629=LINE('',#6693,#3013);
#2630=LINE('',#6695,#3014);
#2631=LINE('',#6697,#3015);
#2632=LINE('',#6699,#3016);
#2633=LINE('',#6702,#3017);
#2634=LINE('',#6704,#3018);
#2635=LINE('',#6706,#3019);
#2636=LINE('',#6708,#3020);
#2637=LINE('',#6710,#3021);
#2638=LINE('',#6712,#3022);
#2639=LINE('',#6714,#3023);
#2640=LINE('',#6716,#3024);
#2641=LINE('',#6718,#3025);
#2642=LINE('',#6720,#3026);
#2643=LINE('',#6722,#3027);
#2644=LINE('',#6724,#3028);
#2645=VECTOR('',#4442,1.);
#2646=VECTOR('',#4443,1.);
#2647=VECTOR('',#4444,1.);
#2648=VECTOR('',#4445,1.);
#2649=VECTOR('',#4448,1.);
#2650=VECTOR('',#4449,1.);
#2651=VECTOR('',#4450,1.);
#2652=VECTOR('',#4453,1.);
#2653=VECTOR('',#4454,1.);
#2654=VECTOR('',#4455,1.);
#2655=VECTOR('',#4458,1.);
#2656=VECTOR('',#4459,1.);
#2657=VECTOR('',#4460,1.);
#2658=VECTOR('',#4463,1.);
#2659=VECTOR('',#4464,1.);
#2660=VECTOR('',#4465,1.);
#2661=VECTOR('',#4468,1.);
#2662=VECTOR('',#4469,1.);
#2663=VECTOR('',#4476,1.);
#2664=VECTOR('',#4477,1.);
#2665=VECTOR('',#4478,1.);
#2666=VECTOR('',#4479,1.);
#2667=VECTOR('',#4482,1.);
#2668=VECTOR('',#4483,1.);
#2669=VECTOR('',#4484,1.);
#2670=VECTOR('',#4487,1.);
#2671=VECTOR('',#4488,1.);
#2672=VECTOR('',#4489,1.);
#2673=VECTOR('',#4492,1.);
#2674=VECTOR('',#4493,1.);
#2675=VECTOR('',#4494,1.);
#2676=VECTOR('',#4497,1.);
#2677=VECTOR('',#4498,1.);
#2678=VECTOR('',#4499,1.);
#2679=VECTOR('',#4502,1.);
#2680=VECTOR('',#4503,1.);
#2681=VECTOR('',#4546,1.);
#2682=VECTOR('',#4547,1.);
#2683=VECTOR('',#4548,1.);
#2684=VECTOR('',#4549,1.);
#2685=VECTOR('',#4552,1.);
#2686=VECTOR('',#4553,1.);
#2687=VECTOR('',#4554,1.);
#2688=VECTOR('',#4557,1.);
#2689=VECTOR('',#4558,1.);
#2690=VECTOR('',#4559,1.);
#2691=VECTOR('',#4562,1.);
#2692=VECTOR('',#4563,1.);
#2693=VECTOR('',#4564,1.);
#2694=VECTOR('',#4567,1.);
#2695=VECTOR('',#4568,1.);
#2696=VECTOR('',#4569,1.);
#2697=VECTOR('',#4572,1.);
#2698=VECTOR('',#4573,1.);
#2699=VECTOR('',#4580,1.);
#2700=VECTOR('',#4581,1.);
#2701=VECTOR('',#4582,1.);
#2702=VECTOR('',#4583,1.);
#2703=VECTOR('',#4586,1.);
#2704=VECTOR('',#4587,1.);
#2705=VECTOR('',#4588,1.);
#2706=VECTOR('',#4591,1.);
#2707=VECTOR('',#4592,1.);
#2708=VECTOR('',#4593,1.);
#2709=VECTOR('',#4596,1.);
#2710=VECTOR('',#4597,1.);
#2711=VECTOR('',#4598,1.);
#2712=VECTOR('',#4601,1.);
#2713=VECTOR('',#4602,1.);
#2714=VECTOR('',#4603,1.);
#2715=VECTOR('',#4606,1.);
#2716=VECTOR('',#4607,1.);
#2717=VECTOR('',#4650,1.);
#2718=VECTOR('',#4651,1.);
#2719=VECTOR('',#4652,1.);
#2720=VECTOR('',#4653,1.);
#2721=VECTOR('',#4656,1.);
#2722=VECTOR('',#4657,1.);
#2723=VECTOR('',#4658,1.);
#2724=VECTOR('',#4661,1.);
#2725=VECTOR('',#4662,1.);
#2726=VECTOR('',#4663,1.);
#2727=VECTOR('',#4666,1.);
#2728=VECTOR('',#4667,1.);
#2729=VECTOR('',#4668,1.);
#2730=VECTOR('',#4671,1.);
#2731=VECTOR('',#4672,1.);
#2732=VECTOR('',#4673,1.);
#2733=VECTOR('',#4676,1.);
#2734=VECTOR('',#4677,1.);
#2735=VECTOR('',#4684,1.);
#2736=VECTOR('',#4685,1.);
#2737=VECTOR('',#4686,1.);
#2738=VECTOR('',#4687,1.);
#2739=VECTOR('',#4690,1.);
#2740=VECTOR('',#4691,1.);
#2741=VECTOR('',#4692,1.);
#2742=VECTOR('',#4695,1.);
#2743=VECTOR('',#4696,1.);
#2744=VECTOR('',#4697,1.);
#2745=VECTOR('',#4700,1.);
#2746=VECTOR('',#4701,1.);
#2747=VECTOR('',#4702,1.);
#2748=VECTOR('',#4705,1.);
#2749=VECTOR('',#4706,1.);
#2750=VECTOR('',#4707,1.);
#2751=VECTOR('',#4710,1.);
#2752=VECTOR('',#4711,1.);
#2753=VECTOR('',#4754,1.);
#2754=VECTOR('',#4755,1.);
#2755=VECTOR('',#4756,1.);
#2756=VECTOR('',#4757,1.);
#2757=VECTOR('',#4760,1.);
#2758=VECTOR('',#4761,1.);
#2759=VECTOR('',#4762,1.);
#2760=VECTOR('',#4765,1.);
#2761=VECTOR('',#4766,1.);
#2762=VECTOR('',#4767,1.);
#2763=VECTOR('',#4770,1.);
#2764=VECTOR('',#4771,1.);
#2765=VECTOR('',#4772,1.);
#2766=VECTOR('',#4775,1.);
#2767=VECTOR('',#4776,1.);
#2768=VECTOR('',#4777,1.);
#2769=VECTOR('',#4780,1.);
#2770=VECTOR('',#4781,1.);
#2771=VECTOR('',#4788,1.);
#2772=VECTOR('',#4789,1.);
#2773=VECTOR('',#4790,1.);
#2774=VECTOR('',#4791,1.);
#2775=VECTOR('',#4794,1.);
#2776=VECTOR('',#4795,1.);
#2777=VECTOR('',#4796,1.);
#2778=VECTOR('',#4799,1.);
#2779=VECTOR('',#4800,1.);
#2780=VECTOR('',#4801,1.);
#2781=VECTOR('',#4804,1.);
#2782=VECTOR('',#4805,1.);
#2783=VECTOR('',#4806,1.);
#2784=VECTOR('',#4809,1.);
#2785=VECTOR('',#4810,1.);
#2786=VECTOR('',#4811,1.);
#2787=VECTOR('',#4814,1.);
#2788=VECTOR('',#4815,1.);
#2789=VECTOR('',#4858,1.);
#2790=VECTOR('',#4859,1.);
#2791=VECTOR('',#4860,1.);
#2792=VECTOR('',#4861,1.);
#2793=VECTOR('',#4864,1.);
#2794=VECTOR('',#4865,1.);
#2795=VECTOR('',#4866,1.);
#2796=VECTOR('',#4869,1.);
#2797=VECTOR('',#4870,1.);
#2798=VECTOR('',#4871,1.);
#2799=VECTOR('',#4874,1.);
#2800=VECTOR('',#4875,1.);
#2801=VECTOR('',#4876,1.);
#2802=VECTOR('',#4879,1.);
#2803=VECTOR('',#4880,1.);
#2804=VECTOR('',#4881,1.);
#2805=VECTOR('',#4884,1.);
#2806=VECTOR('',#4885,1.);
#2807=VECTOR('',#4892,1.);
#2808=VECTOR('',#4893,1.);
#2809=VECTOR('',#4894,1.);
#2810=VECTOR('',#4895,1.);
#2811=VECTOR('',#4898,1.);
#2812=VECTOR('',#4899,1.);
#2813=VECTOR('',#4900,1.);
#2814=VECTOR('',#4903,1.);
#2815=VECTOR('',#4904,1.);
#2816=VECTOR('',#4905,1.);
#2817=VECTOR('',#4908,1.);
#2818=VECTOR('',#4909,1.);
#2819=VECTOR('',#4910,1.);
#2820=VECTOR('',#4913,1.);
#2821=VECTOR('',#4914,1.);
#2822=VECTOR('',#4915,1.);
#2823=VECTOR('',#4918,1.);
#2824=VECTOR('',#4919,1.);
#2825=VECTOR('',#4962,1.);
#2826=VECTOR('',#4963,1.);
#2827=VECTOR('',#4964,1.);
#2828=VECTOR('',#4965,1.);
#2829=VECTOR('',#4966,1.);
#2830=VECTOR('',#4967,1.);
#2831=VECTOR('',#4968,1.);
#2832=VECTOR('',#4969,1.);
#2833=VECTOR('',#4970,1.);
#2834=VECTOR('',#4971,1.);
#2835=VECTOR('',#4972,1.);
#2836=VECTOR('',#4973,1.);
#2837=VECTOR('',#4974,1.);
#2838=VECTOR('',#4975,1.);
#2839=VECTOR('',#4976,1.);
#2840=VECTOR('',#4977,1.);
#2841=VECTOR('',#4992,1.);
#2842=VECTOR('',#4993,1.);
#2843=VECTOR('',#4994,1.);
#2844=VECTOR('',#4995,1.);
#2845=VECTOR('',#5002,1.);
#2846=VECTOR('',#5003,1.);
#2847=VECTOR('',#5004,1.);
#2848=VECTOR('',#5005,1.);
#2849=VECTOR('',#5010,1.);
#2850=VECTOR('',#5011,1.);
#2851=VECTOR('',#5012,1.);
#2852=VECTOR('',#5013,1.);
#2853=VECTOR('',#5018,1.);
#2854=VECTOR('',#5019,1.);
#2855=VECTOR('',#5020,1.);
#2856=VECTOR('',#5021,1.);
#2857=VECTOR('',#5024,1.);
#2858=VECTOR('',#5025,1.);
#2859=VECTOR('',#5026,1.);
#2860=VECTOR('',#5029,1.);
#2861=VECTOR('',#5030,1.);
#2862=VECTOR('',#5031,1.);
#2863=VECTOR('',#5034,1.);
#2864=VECTOR('',#5035,1.);
#2865=VECTOR('',#5036,1.);
#2866=VECTOR('',#5037,1.);
#2867=VECTOR('',#5040,1.);
#2868=VECTOR('',#5041,1.);
#2869=VECTOR('',#5042,1.);
#2870=VECTOR('',#5043,1.);
#2871=VECTOR('',#5046,1.);
#2872=VECTOR('',#5047,1.);
#2873=VECTOR('',#5048,1.);
#2874=VECTOR('',#5051,1.);
#2875=VECTOR('',#5052,1.);
#2876=VECTOR('',#5053,1.);
#2877=VECTOR('',#5056,1.);
#2878=VECTOR('',#5057,1.);
#2879=VECTOR('',#5058,1.);
#2880=VECTOR('',#5059,1.);
#2881=VECTOR('',#5062,1.);
#2882=VECTOR('',#5063,1.);
#2883=VECTOR('',#5064,1.);
#2884=VECTOR('',#5067,1.);
#2885=VECTOR('',#5068,1.);
#2886=VECTOR('',#5069,1.);
#2887=VECTOR('',#5072,1.);
#2888=VECTOR('',#5073,1.);
#2889=VECTOR('',#5074,1.);
#2890=VECTOR('',#5075,1.);
#2891=VECTOR('',#5078,1.);
#2892=VECTOR('',#5079,1.);
#2893=VECTOR('',#5080,1.);
#2894=VECTOR('',#5081,1.);
#2895=VECTOR('',#5084,1.);
#2896=VECTOR('',#5085,1.);
#2897=VECTOR('',#5086,1.);
#2898=VECTOR('',#5089,1.);
#2899=VECTOR('',#5090,1.);
#2900=VECTOR('',#5091,1.);
#2901=VECTOR('',#5094,1.);
#2902=VECTOR('',#5095,1.);
#2903=VECTOR('',#5098,1.);
#2904=VECTOR('',#5099,1.);
#2905=VECTOR('',#5100,1.);
#2906=VECTOR('',#5101,1.);
#2907=VECTOR('',#5104,1.);
#2908=VECTOR('',#5105,1.);
#2909=VECTOR('',#5108,1.);
#2910=VECTOR('',#5109,1.);
#2911=VECTOR('',#5110,1.);
#2912=VECTOR('',#5111,1.);
#2913=VECTOR('',#5114,1.);
#2914=VECTOR('',#5115,1.);
#2915=VECTOR('',#5116,1.);
#2916=VECTOR('',#5119,1.);
#2917=VECTOR('',#5120,1.);
#2918=VECTOR('',#5121,1.);
#2919=VECTOR('',#5124,1.);
#2920=VECTOR('',#5125,1.);
#2921=VECTOR('',#5126,1.);
#2922=VECTOR('',#5127,1.);
#2923=VECTOR('',#5130,1.);
#2924=VECTOR('',#5131,1.);
#2925=VECTOR('',#5132,1.);
#2926=VECTOR('',#5133,1.);
#2927=VECTOR('',#5136,1.);
#2928=VECTOR('',#5137,1.);
#2929=VECTOR('',#5138,1.);
#2930=VECTOR('',#5141,1.);
#2931=VECTOR('',#5142,1.);
#2932=VECTOR('',#5143,1.);
#2933=VECTOR('',#5146,1.);
#2934=VECTOR('',#5147,1.);
#2935=VECTOR('',#5148,1.);
#2936=VECTOR('',#5149,1.);
#2937=VECTOR('',#5152,1.);
#2938=VECTOR('',#5153,1.);
#2939=VECTOR('',#5154,1.);
#2940=VECTOR('',#5157,1.);
#2941=VECTOR('',#5158,1.);
#2942=VECTOR('',#5159,1.);
#2943=VECTOR('',#5162,1.);
#2944=VECTOR('',#5163,1.);
#2945=VECTOR('',#5164,1.);
#2946=VECTOR('',#5165,1.);
#2947=VECTOR('',#5168,1.);
#2948=VECTOR('',#5169,1.);
#2949=VECTOR('',#5170,1.);
#2950=VECTOR('',#5171,1.);
#2951=VECTOR('',#5174,1.);
#2952=VECTOR('',#5175,1.);
#2953=VECTOR('',#5176,1.);
#2954=VECTOR('',#5179,1.);
#2955=VECTOR('',#5180,1.);
#2956=VECTOR('',#5181,1.);
#2957=VECTOR('',#5184,1.);
#2958=VECTOR('',#5185,1.);
#2959=VECTOR('',#5186,1.);
#2960=VECTOR('',#5187,1.);
#2961=VECTOR('',#5190,1.);
#2962=VECTOR('',#5191,1.);
#2963=VECTOR('',#5192,1.);
#2964=VECTOR('',#5195,1.);
#2965=VECTOR('',#5196,1.);
#2966=VECTOR('',#5197,1.);
#2967=VECTOR('',#5200,1.);
#2968=VECTOR('',#5201,1.);
#2969=VECTOR('',#5202,1.);
#2970=VECTOR('',#5203,1.);
#2971=VECTOR('',#5206,1.);
#2972=VECTOR('',#5207,1.);
#2973=VECTOR('',#5208,1.);
#2974=VECTOR('',#5209,1.);
#2975=VECTOR('',#5212,1.);
#2976=VECTOR('',#5213,1.);
#2977=VECTOR('',#5214,1.);
#2978=VECTOR('',#5217,1.);
#2979=VECTOR('',#5218,1.);
#2980=VECTOR('',#5219,1.);
#2981=VECTOR('',#5398,1.);
#2982=VECTOR('',#5399,1.);
#2983=VECTOR('',#5404,1.);
#2984=VECTOR('',#5405,1.);
#2985=VECTOR('',#5408,1.);
#2986=VECTOR('',#5409,1.);
#2987=VECTOR('',#5412,1.);
#2988=VECTOR('',#5413,1.);
#2989=VECTOR('',#5416,1.);
#2990=VECTOR('',#5417,1.);
#2991=VECTOR('',#5420,1.);
#2992=VECTOR('',#5421,1.);
#2993=VECTOR('',#5424,1.);
#2994=VECTOR('',#5425,1.);
#2995=VECTOR('',#5428,1.);
#2996=VECTOR('',#5429,1.);
#2997=VECTOR('',#5432,1.);
#2998=VECTOR('',#5433,1.);
#2999=VECTOR('',#5436,1.);
#3000=VECTOR('',#5437,1.);
#3001=VECTOR('',#5440,1.);
#3002=VECTOR('',#5441,1.);
#3003=VECTOR('',#5444,1.);
#3004=VECTOR('',#5445,1.);
#3005=VECTOR('',#5528,1.);
#3006=VECTOR('',#5529,1.);
#3007=VECTOR('',#5530,1.);
#3008=VECTOR('',#5533,1.);
#3009=VECTOR('',#5534,1.);
#3010=VECTOR('',#5537,1.);
#3011=VECTOR('',#5538,1.);
#3012=VECTOR('',#5541,1.);
#3013=VECTOR('',#5542,1.);
#3014=VECTOR('',#5545,1.);
#3015=VECTOR('',#5546,1.);
#3016=VECTOR('',#5549,1.);
#3017=VECTOR('',#5554,1.);
#3018=VECTOR('',#5555,1.);
#3019=VECTOR('',#5556,1.);
#3020=VECTOR('',#5559,1.);
#3021=VECTOR('',#5560,1.);
#3022=VECTOR('',#5563,1.);
#3023=VECTOR('',#5564,1.);
#3024=VECTOR('',#5567,1.);
#3025=VECTOR('',#5568,1.);
#3026=VECTOR('',#5571,1.);
#3027=VECTOR('',#5572,1.);
#3028=VECTOR('',#5575,1.);
#3029=EDGE_LOOP('',(#249,#250,#251,#252));
#3030=EDGE_LOOP('',(#253,#254,#255,#256));
#3031=EDGE_LOOP('',(#257,#258,#259,#260));
#3032=EDGE_LOOP('',(#261,#262,#263,#264));
#3033=EDGE_LOOP('',(#265,#266,#267,#268));
#3034=EDGE_LOOP('',(#269,#270,#271,#272));
#3035=EDGE_LOOP('',(#273));
#3036=EDGE_LOOP('',(#274,#275,#276,#277,#278,#279));
#3037=EDGE_LOOP('',(#280,#281,#282,#283));
#3038=EDGE_LOOP('',(#284,#285,#286,#287));
#3039=EDGE_LOOP('',(#288,#289,#290,#291));
#3040=EDGE_LOOP('',(#292,#293,#294,#295));
#3041=EDGE_LOOP('',(#296,#297,#298,#299));
#3042=EDGE_LOOP('',(#300,#301,#302,#303));
#3043=EDGE_LOOP('',(#304));
#3044=EDGE_LOOP('',(#305,#306,#307,#308,#309,#310));
#3045=EDGE_LOOP('',(#311));
#3046=EDGE_LOOP('',(#312));
#3047=EDGE_LOOP('',(#313));
#3048=EDGE_LOOP('',(#314));
#3049=EDGE_LOOP('',(#315));
#3050=EDGE_LOOP('',(#316));
#3051=EDGE_LOOP('',(#317));
#3052=EDGE_LOOP('',(#318));
#3053=EDGE_LOOP('',(#319));
#3054=EDGE_LOOP('',(#320));
#3055=EDGE_LOOP('',(#321));
#3056=EDGE_LOOP('',(#322));
#3057=EDGE_LOOP('',(#323));
#3058=EDGE_LOOP('',(#324));
#3059=EDGE_LOOP('',(#325));
#3060=EDGE_LOOP('',(#326));
#3061=EDGE_LOOP('',(#327,#328,#329,#330));
#3062=EDGE_LOOP('',(#331,#332,#333,#334));
#3063=EDGE_LOOP('',(#335,#336,#337,#338));
#3064=EDGE_LOOP('',(#339,#340,#341,#342));
#3065=EDGE_LOOP('',(#343,#344,#345,#346));
#3066=EDGE_LOOP('',(#347,#348,#349,#350));
#3067=EDGE_LOOP('',(#351));
#3068=EDGE_LOOP('',(#352,#353,#354,#355,#356,#357));
#3069=EDGE_LOOP('',(#358,#359,#360,#361));
#3070=EDGE_LOOP('',(#362,#363,#364,#365));
#3071=EDGE_LOOP('',(#366,#367,#368,#369));
#3072=EDGE_LOOP('',(#370,#371,#372,#373));
#3073=EDGE_LOOP('',(#374,#375,#376,#377));
#3074=EDGE_LOOP('',(#378,#379,#380,#381));
#3075=EDGE_LOOP('',(#382));
#3076=EDGE_LOOP('',(#383,#384,#385,#386,#387,#388));
#3077=EDGE_LOOP('',(#389));
#3078=EDGE_LOOP('',(#390));
#3079=EDGE_LOOP('',(#391));
#3080=EDGE_LOOP('',(#392));
#3081=EDGE_LOOP('',(#393));
#3082=EDGE_LOOP('',(#394));
#3083=EDGE_LOOP('',(#395));
#3084=EDGE_LOOP('',(#396));
#3085=EDGE_LOOP('',(#397));
#3086=EDGE_LOOP('',(#398));
#3087=EDGE_LOOP('',(#399));
#3088=EDGE_LOOP('',(#400));
#3089=EDGE_LOOP('',(#401));
#3090=EDGE_LOOP('',(#402));
#3091=EDGE_LOOP('',(#403));
#3092=EDGE_LOOP('',(#404));
#3093=EDGE_LOOP('',(#405,#406,#407,#408));
#3094=EDGE_LOOP('',(#409,#410,#411,#412));
#3095=EDGE_LOOP('',(#413,#414,#415,#416));
#3096=EDGE_LOOP('',(#417,#418,#419,#420));
#3097=EDGE_LOOP('',(#421,#422,#423,#424));
#3098=EDGE_LOOP('',(#425,#426,#427,#428));
#3099=EDGE_LOOP('',(#429));
#3100=EDGE_LOOP('',(#430,#431,#432,#433,#434,#435));
#3101=EDGE_LOOP('',(#436,#437,#438,#439));
#3102=EDGE_LOOP('',(#440,#441,#442,#443));
#3103=EDGE_LOOP('',(#444,#445,#446,#447));
#3104=EDGE_LOOP('',(#448,#449,#450,#451));
#3105=EDGE_LOOP('',(#452,#453,#454,#455));
#3106=EDGE_LOOP('',(#456,#457,#458,#459));
#3107=EDGE_LOOP('',(#460));
#3108=EDGE_LOOP('',(#461,#462,#463,#464,#465,#466));
#3109=EDGE_LOOP('',(#467));
#3110=EDGE_LOOP('',(#468));
#3111=EDGE_LOOP('',(#469));
#3112=EDGE_LOOP('',(#470));
#3113=EDGE_LOOP('',(#471));
#3114=EDGE_LOOP('',(#472));
#3115=EDGE_LOOP('',(#473));
#3116=EDGE_LOOP('',(#474));
#3117=EDGE_LOOP('',(#475));
#3118=EDGE_LOOP('',(#476));
#3119=EDGE_LOOP('',(#477));
#3120=EDGE_LOOP('',(#478));
#3121=EDGE_LOOP('',(#479));
#3122=EDGE_LOOP('',(#480));
#3123=EDGE_LOOP('',(#481));
#3124=EDGE_LOOP('',(#482));
#3125=EDGE_LOOP('',(#483,#484,#485,#486));
#3126=EDGE_LOOP('',(#487,#488,#489,#490));
#3127=EDGE_LOOP('',(#491,#492,#493,#494));
#3128=EDGE_LOOP('',(#495,#496,#497,#498));
#3129=EDGE_LOOP('',(#499,#500,#501,#502));
#3130=EDGE_LOOP('',(#503,#504,#505,#506));
#3131=EDGE_LOOP('',(#507));
#3132=EDGE_LOOP('',(#508,#509,#510,#511,#512,#513));
#3133=EDGE_LOOP('',(#514,#515,#516,#517));
#3134=EDGE_LOOP('',(#518,#519,#520,#521));
#3135=EDGE_LOOP('',(#522,#523,#524,#525));
#3136=EDGE_LOOP('',(#526,#527,#528,#529));
#3137=EDGE_LOOP('',(#530,#531,#532,#533));
#3138=EDGE_LOOP('',(#534,#535,#536,#537));
#3139=EDGE_LOOP('',(#538));
#3140=EDGE_LOOP('',(#539,#540,#541,#542,#543,#544));
#3141=EDGE_LOOP('',(#545));
#3142=EDGE_LOOP('',(#546));
#3143=EDGE_LOOP('',(#547));
#3144=EDGE_LOOP('',(#548));
#3145=EDGE_LOOP('',(#549));
#3146=EDGE_LOOP('',(#550));
#3147=EDGE_LOOP('',(#551));
#3148=EDGE_LOOP('',(#552));
#3149=EDGE_LOOP('',(#553));
#3150=EDGE_LOOP('',(#554));
#3151=EDGE_LOOP('',(#555));
#3152=EDGE_LOOP('',(#556));
#3153=EDGE_LOOP('',(#557));
#3154=EDGE_LOOP('',(#558));
#3155=EDGE_LOOP('',(#559));
#3156=EDGE_LOOP('',(#560));
#3157=EDGE_LOOP('',(#561,#562,#563,#564));
#3158=EDGE_LOOP('',(#565,#566,#567,#568));
#3159=EDGE_LOOP('',(#569,#570,#571,#572));
#3160=EDGE_LOOP('',(#573,#574,#575,#576));
#3161=EDGE_LOOP('',(#577,#578,#579,#580));
#3162=EDGE_LOOP('',(#581,#582,#583,#584));
#3163=EDGE_LOOP('',(#585));
#3164=EDGE_LOOP('',(#586,#587,#588,#589,#590,#591));
#3165=EDGE_LOOP('',(#592,#593,#594,#595));
#3166=EDGE_LOOP('',(#596,#597,#598,#599));
#3167=EDGE_LOOP('',(#600,#601,#602,#603));
#3168=EDGE_LOOP('',(#604,#605,#606,#607));
#3169=EDGE_LOOP('',(#608,#609,#610,#611));
#3170=EDGE_LOOP('',(#612,#613,#614,#615));
#3171=EDGE_LOOP('',(#616));
#3172=EDGE_LOOP('',(#617,#618,#619,#620,#621,#622));
#3173=EDGE_LOOP('',(#623));
#3174=EDGE_LOOP('',(#624));
#3175=EDGE_LOOP('',(#625));
#3176=EDGE_LOOP('',(#626));
#3177=EDGE_LOOP('',(#627));
#3178=EDGE_LOOP('',(#628));
#3179=EDGE_LOOP('',(#629));
#3180=EDGE_LOOP('',(#630));
#3181=EDGE_LOOP('',(#631));
#3182=EDGE_LOOP('',(#632));
#3183=EDGE_LOOP('',(#633));
#3184=EDGE_LOOP('',(#634));
#3185=EDGE_LOOP('',(#635));
#3186=EDGE_LOOP('',(#636));
#3187=EDGE_LOOP('',(#637));
#3188=EDGE_LOOP('',(#638));
#3189=EDGE_LOOP('',(#639,#640,#641,#642,#643,#644));
#3190=EDGE_LOOP('',(#645,#646,#647,#648));
#3191=EDGE_LOOP('',(#649,#650,#651,#652,#653,#654));
#3192=EDGE_LOOP('',(#655));
#3193=EDGE_LOOP('',(#656));
#3194=EDGE_LOOP('',(#657));
#3195=EDGE_LOOP('',(#658));
#3196=EDGE_LOOP('',(#659,#660,#661,#662));
#3197=EDGE_LOOP('',(#663));
#3198=EDGE_LOOP('',(#664));
#3199=EDGE_LOOP('',(#665));
#3200=EDGE_LOOP('',(#666,#667,#668,#669));
#3201=EDGE_LOOP('',(#670));
#3202=EDGE_LOOP('',(#671));
#3203=EDGE_LOOP('',(#672,#673,#674,#675));
#3204=EDGE_LOOP('',(#676));
#3205=EDGE_LOOP('',(#677,#678,#679,#680,#681,#682));
#3206=EDGE_LOOP('',(#683,#684,#685,#686,#687,#688));
#3207=EDGE_LOOP('',(#689,#690,#691,#692));
#3208=EDGE_LOOP('',(#693,#694,#695,#696));
#3209=EDGE_LOOP('',(#697));
#3210=EDGE_LOOP('',(#698));
#3211=EDGE_LOOP('',(#699,#700,#701,#702));
#3212=EDGE_LOOP('',(#703,#704,#705,#706));
#3213=EDGE_LOOP('',(#707));
#3214=EDGE_LOOP('',(#708));
#3215=EDGE_LOOP('',(#709,#710,#711,#712));
#3216=EDGE_LOOP('',(#713,#714,#715,#716));
#3217=EDGE_LOOP('',(#717));
#3218=EDGE_LOOP('',(#718));
#3219=EDGE_LOOP('',(#719,#720,#721,#722));
#3220=EDGE_LOOP('',(#723,#724,#725,#726,#727,#728));
#3221=EDGE_LOOP('',(#729,#730,#731,#732,#733,#734));
#3222=EDGE_LOOP('',(#735,#736,#737,#738));
#3223=EDGE_LOOP('',(#739,#740,#741,#742));
#3224=EDGE_LOOP('',(#743));
#3225=EDGE_LOOP('',(#744));
#3226=EDGE_LOOP('',(#745,#746,#747,#748));
#3227=EDGE_LOOP('',(#749,#750,#751,#752));
#3228=EDGE_LOOP('',(#753));
#3229=EDGE_LOOP('',(#754));
#3230=EDGE_LOOP('',(#755,#756,#757,#758));
#3231=EDGE_LOOP('',(#759,#760,#761,#762));
#3232=EDGE_LOOP('',(#763));
#3233=EDGE_LOOP('',(#764));
#3234=EDGE_LOOP('',(#765,#766,#767,#768));
#3235=EDGE_LOOP('',(#769,#770,#771,#772));
#3236=EDGE_LOOP('',(#773,#774,#775,#776));
#3237=EDGE_LOOP('',(#777,#778,#779,#780));
#3238=EDGE_LOOP('',(#781,#782,#783,#784,#785,#786));
#3239=EDGE_LOOP('',(#787,#788,#789,#790,#791,#792));
#3240=EDGE_LOOP('',(#793,#794,#795,#796));
#3241=EDGE_LOOP('',(#797,#798,#799,#800));
#3242=EDGE_LOOP('',(#801));
#3243=EDGE_LOOP('',(#802));
#3244=EDGE_LOOP('',(#803,#804,#805,#806));
#3245=EDGE_LOOP('',(#807,#808,#809,#810));
#3246=EDGE_LOOP('',(#811));
#3247=EDGE_LOOP('',(#812));
#3248=EDGE_LOOP('',(#813,#814,#815,#816));
#3249=EDGE_LOOP('',(#817,#818,#819,#820));
#3250=EDGE_LOOP('',(#821));
#3251=EDGE_LOOP('',(#822));
#3252=EDGE_LOOP('',(#823,#824,#825,#826));
#3253=EDGE_LOOP('',(#827,#828,#829,#830,#831,#832));
#3254=EDGE_LOOP('',(#833,#834,#835,#836,#837,#838));
#3255=EDGE_LOOP('',(#839,#840,#841,#842));
#3256=EDGE_LOOP('',(#843,#844,#845,#846));
#3257=EDGE_LOOP('',(#847));
#3258=EDGE_LOOP('',(#848));
#3259=EDGE_LOOP('',(#849,#850,#851,#852));
#3260=EDGE_LOOP('',(#853,#854,#855,#856));
#3261=EDGE_LOOP('',(#857));
#3262=EDGE_LOOP('',(#858));
#3263=EDGE_LOOP('',(#859,#860,#861,#862));
#3264=EDGE_LOOP('',(#863,#864,#865,#866));
#3265=EDGE_LOOP('',(#867));
#3266=EDGE_LOOP('',(#868));
#3267=EDGE_LOOP('',(#869,#870,#871,#872));
#3268=EDGE_LOOP('',(#873,#874,#875,#876,#877,#878));
#3269=EDGE_LOOP('',(#879,#880,#881,#882,#883,#884));
#3270=EDGE_LOOP('',(#885,#886,#887,#888));
#3271=EDGE_LOOP('',(#889,#890,#891,#892));
#3272=EDGE_LOOP('',(#893));
#3273=EDGE_LOOP('',(#894));
#3274=EDGE_LOOP('',(#895,#896,#897,#898));
#3275=EDGE_LOOP('',(#899,#900,#901,#902));
#3276=EDGE_LOOP('',(#903));
#3277=EDGE_LOOP('',(#904));
#3278=EDGE_LOOP('',(#905,#906,#907,#908));
#3279=EDGE_LOOP('',(#909,#910,#911,#912));
#3280=EDGE_LOOP('',(#913));
#3281=EDGE_LOOP('',(#914));
#3282=EDGE_LOOP('',(#915,#916,#917,#918));
#3283=EDGE_LOOP('',(#919,#920,#921,#922,#923,#924,#925,#926,#927,#928,#929,
#930,#931,#932,#933,#934,#935,#936,#937,#938,#939,#940,#941,#942,#943,#944,
#945,#946,#947,#948,#949,#950,#951,#952,#953,#954,#955,#956,#957,#958,#959,
#960,#961,#962,#963,#964,#965,#966,#967,#968,#969,#970,#971,#972,#973,#974,
#975,#976,#977,#978,#979,#980,#981,#982,#983,#984,#985,#986,#987,#988,#989,
#990,#991,#992,#993,#994,#995,#996,#997,#998,#999,#1000,#1001,#1002));
#3284=EDGE_LOOP('',(#1003));
#3285=EDGE_LOOP('',(#1004));
#3286=EDGE_LOOP('',(#1005,#1006,#1007,#1008,#1009,#1010,#1011,#1012,#1013,
#1014,#1015,#1016,#1017,#1018,#1019,#1020,#1021,#1022,#1023,#1024,#1025,
#1026,#1027,#1028,#1029,#1030,#1031,#1032,#1033,#1034,#1035,#1036,#1037,
#1038,#1039,#1040,#1041,#1042,#1043,#1044,#1045,#1046,#1047,#1048,#1049,
#1050,#1051,#1052,#1053,#1054,#1055,#1056,#1057,#1058,#1059,#1060,#1061,
#1062,#1063,#1064,#1065,#1066,#1067,#1068,#1069,#1070,#1071,#1072,#1073,
#1074,#1075,#1076,#1077,#1078,#1079,#1080,#1081,#1082,#1083,#1084,#1085,
#1086,#1087,#1088));
#3287=EDGE_LOOP('',(#1089,#1090,#1091,#1092));
#3288=EDGE_LOOP('',(#1093));
#3289=EDGE_LOOP('',(#1094));
#3290=EDGE_LOOP('',(#1095,#1096,#1097,#1098));
#3291=EDGE_LOOP('',(#1099,#1100,#1101,#1102));
#3292=EDGE_LOOP('',(#1103,#1104,#1105,#1106));
#3293=EDGE_LOOP('',(#1107,#1108,#1109,#1110));
#3294=EDGE_LOOP('',(#1111,#1112,#1113,#1114));
#3295=EDGE_LOOP('',(#1115,#1116,#1117,#1118));
#3296=EDGE_LOOP('',(#1119,#1120,#1121,#1122));
#3297=EDGE_LOOP('',(#1123,#1124,#1125,#1126));
#3298=EDGE_LOOP('',(#1127,#1128,#1129,#1130));
#3299=EDGE_LOOP('',(#1131,#1132,#1133,#1134));
#3300=EDGE_LOOP('',(#1135,#1136,#1137,#1138));
#3301=EDGE_LOOP('',(#1139,#1140,#1141,#1142));
#3302=EDGE_LOOP('',(#1143,#1144,#1145,#1146));
#3303=EDGE_LOOP('',(#1147,#1148,#1149,#1150));
#3304=EDGE_LOOP('',(#1151,#1152,#1153,#1154));
#3305=EDGE_LOOP('',(#1155,#1156,#1157,#1158));
#3306=EDGE_LOOP('',(#1159,#1160,#1161,#1162));
#3307=EDGE_LOOP('',(#1163,#1164,#1165,#1166));
#3308=EDGE_LOOP('',(#1167,#1168,#1169,#1170));
#3309=EDGE_LOOP('',(#1171,#1172,#1173,#1174));
#3310=EDGE_LOOP('',(#1175,#1176,#1177,#1178));
#3311=EDGE_LOOP('',(#1179,#1180,#1181,#1182));
#3312=EDGE_LOOP('',(#1183,#1184,#1185,#1186));
#3313=EDGE_LOOP('',(#1187,#1188,#1189,#1190));
#3314=EDGE_LOOP('',(#1191,#1192,#1193,#1194));
#3315=EDGE_LOOP('',(#1195,#1196,#1197,#1198));
#3316=EDGE_LOOP('',(#1199,#1200,#1201,#1202));
#3317=EDGE_LOOP('',(#1203,#1204,#1205,#1206));
#3318=EDGE_LOOP('',(#1207,#1208,#1209,#1210));
#3319=EDGE_LOOP('',(#1211,#1212,#1213,#1214));
#3320=EDGE_LOOP('',(#1215,#1216,#1217,#1218));
#3321=EDGE_LOOP('',(#1219,#1220,#1221,#1222));
#3322=EDGE_LOOP('',(#1223,#1224,#1225,#1226));
#3323=EDGE_LOOP('',(#1227,#1228,#1229,#1230));
#3324=EDGE_LOOP('',(#1231,#1232,#1233,#1234));
#3325=EDGE_LOOP('',(#1235,#1236,#1237,#1238));
#3326=EDGE_LOOP('',(#1239,#1240,#1241,#1242));
#3327=EDGE_LOOP('',(#1243,#1244,#1245,#1246));
#3328=EDGE_LOOP('',(#1247,#1248,#1249,#1250));
#3329=EDGE_LOOP('',(#1251,#1252,#1253,#1254));
#3330=EDGE_LOOP('',(#1255,#1256,#1257,#1258));
#3331=EDGE_LOOP('',(#1259));
#3332=EDGE_LOOP('',(#1260));
#3333=EDGE_LOOP('',(#1261));
#3334=EDGE_LOOP('',(#1262));
#3335=EDGE_LOOP('',(#1263));
#3336=EDGE_LOOP('',(#1264));
#3337=EDGE_LOOP('',(#1265));
#3338=EDGE_LOOP('',(#1266));
#3339=EDGE_LOOP('',(#1267));
#3340=EDGE_LOOP('',(#1268));
#3341=EDGE_LOOP('',(#1269));
#3342=EDGE_LOOP('',(#1270));
#3343=EDGE_LOOP('',(#1271,#1272,#1273,#1274));
#3344=EDGE_LOOP('',(#1275,#1276,#1277,#1278));
#3345=EDGE_LOOP('',(#1279,#1280,#1281,#1282));
#3346=EDGE_LOOP('',(#1283,#1284,#1285,#1286));
#3347=EDGE_LOOP('',(#1287,#1288,#1289,#1290));
#3348=EDGE_LOOP('',(#1291,#1292,#1293,#1294));
#3349=EDGE_LOOP('',(#1295));
#3350=EDGE_LOOP('',(#1296,#1297,#1298,#1299,#1300,#1301));
#3351=EDGE_LOOP('',(#1302,#1303,#1304,#1305));
#3352=EDGE_LOOP('',(#1306,#1307,#1308,#1309));
#3353=EDGE_LOOP('',(#1310,#1311,#1312,#1313));
#3354=EDGE_LOOP('',(#1314,#1315,#1316,#1317));
#3355=EDGE_LOOP('',(#1318,#1319,#1320,#1321));
#3356=EDGE_LOOP('',(#1322,#1323,#1324,#1325));
#3357=EDGE_LOOP('',(#1326));
#3358=EDGE_LOOP('',(#1327,#1328,#1329,#1330,#1331,#1332));
#3359=FACE_BOUND('',#3029,.T.);
#3360=FACE_BOUND('',#3030,.T.);
#3361=FACE_BOUND('',#3031,.T.);
#3362=FACE_BOUND('',#3032,.T.);
#3363=FACE_BOUND('',#3033,.T.);
#3364=FACE_BOUND('',#3034,.T.);
#3365=FACE_BOUND('',#3035,.T.);
#3366=FACE_BOUND('',#3036,.T.);
#3367=FACE_BOUND('',#3037,.T.);
#3368=FACE_BOUND('',#3038,.T.);
#3369=FACE_BOUND('',#3039,.T.);
#3370=FACE_BOUND('',#3040,.T.);
#3371=FACE_BOUND('',#3041,.T.);
#3372=FACE_BOUND('',#3042,.T.);
#3373=FACE_BOUND('',#3043,.T.);
#3374=FACE_BOUND('',#3044,.T.);
#3375=FACE_BOUND('',#3045,.T.);
#3376=FACE_BOUND('',#3046,.T.);
#3377=FACE_BOUND('',#3047,.T.);
#3378=FACE_BOUND('',#3048,.T.);
#3379=FACE_BOUND('',#3049,.T.);
#3380=FACE_BOUND('',#3050,.T.);
#3381=FACE_BOUND('',#3051,.T.);
#3382=FACE_BOUND('',#3052,.T.);
#3383=FACE_BOUND('',#3053,.T.);
#3384=FACE_BOUND('',#3054,.T.);
#3385=FACE_BOUND('',#3055,.T.);
#3386=FACE_BOUND('',#3056,.T.);
#3387=FACE_BOUND('',#3057,.T.);
#3388=FACE_BOUND('',#3058,.T.);
#3389=FACE_BOUND('',#3059,.T.);
#3390=FACE_BOUND('',#3060,.T.);
#3391=FACE_BOUND('',#3061,.T.);
#3392=FACE_BOUND('',#3062,.T.);
#3393=FACE_BOUND('',#3063,.T.);
#3394=FACE_BOUND('',#3064,.T.);
#3395=FACE_BOUND('',#3065,.T.);
#3396=FACE_BOUND('',#3066,.T.);
#3397=FACE_BOUND('',#3067,.T.);
#3398=FACE_BOUND('',#3068,.T.);
#3399=FACE_BOUND('',#3069,.T.);
#3400=FACE_BOUND('',#3070,.T.);
#3401=FACE_BOUND('',#3071,.T.);
#3402=FACE_BOUND('',#3072,.T.);
#3403=FACE_BOUND('',#3073,.T.);
#3404=FACE_BOUND('',#3074,.T.);
#3405=FACE_BOUND('',#3075,.T.);
#3406=FACE_BOUND('',#3076,.T.);
#3407=FACE_BOUND('',#3077,.T.);
#3408=FACE_BOUND('',#3078,.T.);
#3409=FACE_BOUND('',#3079,.T.);
#3410=FACE_BOUND('',#3080,.T.);
#3411=FACE_BOUND('',#3081,.T.);
#3412=FACE_BOUND('',#3082,.T.);
#3413=FACE_BOUND('',#3083,.T.);
#3414=FACE_BOUND('',#3084,.T.);
#3415=FACE_BOUND('',#3085,.T.);
#3416=FACE_BOUND('',#3086,.T.);
#3417=FACE_BOUND('',#3087,.T.);
#3418=FACE_BOUND('',#3088,.T.);
#3419=FACE_BOUND('',#3089,.T.);
#3420=FACE_BOUND('',#3090,.T.);
#3421=FACE_BOUND('',#3091,.T.);
#3422=FACE_BOUND('',#3092,.T.);
#3423=FACE_BOUND('',#3093,.T.);
#3424=FACE_BOUND('',#3094,.T.);
#3425=FACE_BOUND('',#3095,.T.);
#3426=FACE_BOUND('',#3096,.T.);
#3427=FACE_BOUND('',#3097,.T.);
#3428=FACE_BOUND('',#3098,.T.);
#3429=FACE_BOUND('',#3099,.T.);
#3430=FACE_BOUND('',#3100,.T.);
#3431=FACE_BOUND('',#3101,.T.);
#3432=FACE_BOUND('',#3102,.T.);
#3433=FACE_BOUND('',#3103,.T.);
#3434=FACE_BOUND('',#3104,.T.);
#3435=FACE_BOUND('',#3105,.T.);
#3436=FACE_BOUND('',#3106,.T.);
#3437=FACE_BOUND('',#3107,.T.);
#3438=FACE_BOUND('',#3108,.T.);
#3439=FACE_BOUND('',#3109,.T.);
#3440=FACE_BOUND('',#3110,.T.);
#3441=FACE_BOUND('',#3111,.T.);
#3442=FACE_BOUND('',#3112,.T.);
#3443=FACE_BOUND('',#3113,.T.);
#3444=FACE_BOUND('',#3114,.T.);
#3445=FACE_BOUND('',#3115,.T.);
#3446=FACE_BOUND('',#3116,.T.);
#3447=FACE_BOUND('',#3117,.T.);
#3448=FACE_BOUND('',#3118,.T.);
#3449=FACE_BOUND('',#3119,.T.);
#3450=FACE_BOUND('',#3120,.T.);
#3451=FACE_BOUND('',#3121,.T.);
#3452=FACE_BOUND('',#3122,.T.);
#3453=FACE_BOUND('',#3123,.T.);
#3454=FACE_BOUND('',#3124,.T.);
#3455=FACE_BOUND('',#3125,.T.);
#3456=FACE_BOUND('',#3126,.T.);
#3457=FACE_BOUND('',#3127,.T.);
#3458=FACE_BOUND('',#3128,.T.);
#3459=FACE_BOUND('',#3129,.T.);
#3460=FACE_BOUND('',#3130,.T.);
#3461=FACE_BOUND('',#3131,.T.);
#3462=FACE_BOUND('',#3132,.T.);
#3463=FACE_BOUND('',#3133,.T.);
#3464=FACE_BOUND('',#3134,.T.);
#3465=FACE_BOUND('',#3135,.T.);
#3466=FACE_BOUND('',#3136,.T.);
#3467=FACE_BOUND('',#3137,.T.);
#3468=FACE_BOUND('',#3138,.T.);
#3469=FACE_BOUND('',#3139,.T.);
#3470=FACE_BOUND('',#3140,.T.);
#3471=FACE_BOUND('',#3141,.T.);
#3472=FACE_BOUND('',#3142,.T.);
#3473=FACE_BOUND('',#3143,.T.);
#3474=FACE_BOUND('',#3144,.T.);
#3475=FACE_BOUND('',#3145,.T.);
#3476=FACE_BOUND('',#3146,.T.);
#3477=FACE_BOUND('',#3147,.T.);
#3478=FACE_BOUND('',#3148,.T.);
#3479=FACE_BOUND('',#3149,.T.);
#3480=FACE_BOUND('',#3150,.T.);
#3481=FACE_BOUND('',#3151,.T.);
#3482=FACE_BOUND('',#3152,.T.);
#3483=FACE_BOUND('',#3153,.T.);
#3484=FACE_BOUND('',#3154,.T.);
#3485=FACE_BOUND('',#3155,.T.);
#3486=FACE_BOUND('',#3156,.T.);
#3487=FACE_BOUND('',#3157,.T.);
#3488=FACE_BOUND('',#3158,.T.);
#3489=FACE_BOUND('',#3159,.T.);
#3490=FACE_BOUND('',#3160,.T.);
#3491=FACE_BOUND('',#3161,.T.);
#3492=FACE_BOUND('',#3162,.T.);
#3493=FACE_BOUND('',#3163,.T.);
#3494=FACE_BOUND('',#3164,.T.);
#3495=FACE_BOUND('',#3165,.T.);
#3496=FACE_BOUND('',#3166,.T.);
#3497=FACE_BOUND('',#3167,.T.);
#3498=FACE_BOUND('',#3168,.T.);
#3499=FACE_BOUND('',#3169,.T.);
#3500=FACE_BOUND('',#3170,.T.);
#3501=FACE_BOUND('',#3171,.T.);
#3502=FACE_BOUND('',#3172,.T.);
#3503=FACE_BOUND('',#3173,.T.);
#3504=FACE_BOUND('',#3174,.T.);
#3505=FACE_BOUND('',#3175,.T.);
#3506=FACE_BOUND('',#3176,.T.);
#3507=FACE_BOUND('',#3177,.T.);
#3508=FACE_BOUND('',#3178,.T.);
#3509=FACE_BOUND('',#3179,.T.);
#3510=FACE_BOUND('',#3180,.T.);
#3511=FACE_BOUND('',#3181,.T.);
#3512=FACE_BOUND('',#3182,.T.);
#3513=FACE_BOUND('',#3183,.T.);
#3514=FACE_BOUND('',#3184,.T.);
#3515=FACE_BOUND('',#3185,.T.);
#3516=FACE_BOUND('',#3186,.T.);
#3517=FACE_BOUND('',#3187,.T.);
#3518=FACE_BOUND('',#3188,.T.);
#3519=FACE_BOUND('',#3189,.T.);
#3520=FACE_BOUND('',#3190,.T.);
#3521=FACE_BOUND('',#3191,.T.);
#3522=FACE_BOUND('',#3192,.T.);
#3523=FACE_BOUND('',#3193,.T.);
#3524=FACE_BOUND('',#3194,.T.);
#3525=FACE_BOUND('',#3195,.T.);
#3526=FACE_BOUND('',#3196,.T.);
#3527=FACE_BOUND('',#3197,.T.);
#3528=FACE_BOUND('',#3198,.T.);
#3529=FACE_BOUND('',#3199,.T.);
#3530=FACE_BOUND('',#3200,.T.);
#3531=FACE_BOUND('',#3201,.T.);
#3532=FACE_BOUND('',#3202,.T.);
#3533=FACE_BOUND('',#3203,.T.);
#3534=FACE_BOUND('',#3204,.T.);
#3535=FACE_BOUND('',#3205,.T.);
#3536=FACE_BOUND('',#3206,.T.);
#3537=FACE_BOUND('',#3207,.T.);
#3538=FACE_BOUND('',#3208,.T.);
#3539=FACE_BOUND('',#3209,.T.);
#3540=FACE_BOUND('',#3210,.T.);
#3541=FACE_BOUND('',#3211,.T.);
#3542=FACE_BOUND('',#3212,.T.);
#3543=FACE_BOUND('',#3213,.T.);
#3544=FACE_BOUND('',#3214,.T.);
#3545=FACE_BOUND('',#3215,.T.);
#3546=FACE_BOUND('',#3216,.T.);
#3547=FACE_BOUND('',#3217,.T.);
#3548=FACE_BOUND('',#3218,.T.);
#3549=FACE_BOUND('',#3219,.T.);
#3550=FACE_BOUND('',#3220,.T.);
#3551=FACE_BOUND('',#3221,.T.);
#3552=FACE_BOUND('',#3222,.T.);
#3553=FACE_BOUND('',#3223,.T.);
#3554=FACE_BOUND('',#3224,.T.);
#3555=FACE_BOUND('',#3225,.T.);
#3556=FACE_BOUND('',#3226,.T.);
#3557=FACE_BOUND('',#3227,.T.);
#3558=FACE_BOUND('',#3228,.T.);
#3559=FACE_BOUND('',#3229,.T.);
#3560=FACE_BOUND('',#3230,.T.);
#3561=FACE_BOUND('',#3231,.T.);
#3562=FACE_BOUND('',#3232,.T.);
#3563=FACE_BOUND('',#3233,.T.);
#3564=FACE_BOUND('',#3234,.T.);
#3565=FACE_BOUND('',#3235,.T.);
#3566=FACE_BOUND('',#3236,.T.);
#3567=FACE_BOUND('',#3237,.T.);
#3568=FACE_BOUND('',#3238,.T.);
#3569=FACE_BOUND('',#3239,.T.);
#3570=FACE_BOUND('',#3240,.T.);
#3571=FACE_BOUND('',#3241,.T.);
#3572=FACE_BOUND('',#3242,.T.);
#3573=FACE_BOUND('',#3243,.T.);
#3574=FACE_BOUND('',#3244,.T.);
#3575=FACE_BOUND('',#3245,.T.);
#3576=FACE_BOUND('',#3246,.T.);
#3577=FACE_BOUND('',#3247,.T.);
#3578=FACE_BOUND('',#3248,.T.);
#3579=FACE_BOUND('',#3249,.T.);
#3580=FACE_BOUND('',#3250,.T.);
#3581=FACE_BOUND('',#3251,.T.);
#3582=FACE_BOUND('',#3252,.T.);
#3583=FACE_BOUND('',#3253,.T.);
#3584=FACE_BOUND('',#3254,.T.);
#3585=FACE_BOUND('',#3255,.T.);
#3586=FACE_BOUND('',#3256,.T.);
#3587=FACE_BOUND('',#3257,.T.);
#3588=FACE_BOUND('',#3258,.T.);
#3589=FACE_BOUND('',#3259,.T.);
#3590=FACE_BOUND('',#3260,.T.);
#3591=FACE_BOUND('',#3261,.T.);
#3592=FACE_BOUND('',#3262,.T.);
#3593=FACE_BOUND('',#3263,.T.);
#3594=FACE_BOUND('',#3264,.T.);
#3595=FACE_BOUND('',#3265,.T.);
#3596=FACE_BOUND('',#3266,.T.);
#3597=FACE_BOUND('',#3267,.T.);
#3598=FACE_BOUND('',#3268,.T.);
#3599=FACE_BOUND('',#3269,.T.);
#3600=FACE_BOUND('',#3270,.T.);
#3601=FACE_BOUND('',#3271,.T.);
#3602=FACE_BOUND('',#3272,.T.);
#3603=FACE_BOUND('',#3273,.T.);
#3604=FACE_BOUND('',#3274,.T.);
#3605=FACE_BOUND('',#3275,.T.);
#3606=FACE_BOUND('',#3276,.T.);
#3607=FACE_BOUND('',#3277,.T.);
#3608=FACE_BOUND('',#3278,.T.);
#3609=FACE_BOUND('',#3279,.T.);
#3610=FACE_BOUND('',#3280,.T.);
#3611=FACE_BOUND('',#3281,.T.);
#3612=FACE_BOUND('',#3282,.T.);
#3613=FACE_BOUND('',#3283,.T.);
#3614=FACE_BOUND('',#3284,.T.);
#3615=FACE_BOUND('',#3285,.T.);
#3616=FACE_BOUND('',#3286,.T.);
#3617=FACE_BOUND('',#3287,.T.);
#3618=FACE_BOUND('',#3288,.T.);
#3619=FACE_BOUND('',#3289,.T.);
#3620=FACE_BOUND('',#3290,.T.);
#3621=FACE_BOUND('',#3291,.T.);
#3622=FACE_BOUND('',#3292,.T.);
#3623=FACE_BOUND('',#3293,.T.);
#3624=FACE_BOUND('',#3294,.T.);
#3625=FACE_BOUND('',#3295,.T.);
#3626=FACE_BOUND('',#3296,.T.);
#3627=FACE_BOUND('',#3297,.T.);
#3628=FACE_BOUND('',#3298,.T.);
#3629=FACE_BOUND('',#3299,.T.);
#3630=FACE_BOUND('',#3300,.T.);
#3631=FACE_BOUND('',#3301,.T.);
#3632=FACE_BOUND('',#3302,.T.);
#3633=FACE_BOUND('',#3303,.T.);
#3634=FACE_BOUND('',#3304,.T.);
#3635=FACE_BOUND('',#3305,.T.);
#3636=FACE_BOUND('',#3306,.T.);
#3637=FACE_BOUND('',#3307,.T.);
#3638=FACE_BOUND('',#3308,.T.);
#3639=FACE_BOUND('',#3309,.T.);
#3640=FACE_BOUND('',#3310,.T.);
#3641=FACE_BOUND('',#3311,.T.);
#3642=FACE_BOUND('',#3312,.T.);
#3643=FACE_BOUND('',#3313,.T.);
#3644=FACE_BOUND('',#3314,.T.);
#3645=FACE_BOUND('',#3315,.T.);
#3646=FACE_BOUND('',#3316,.T.);
#3647=FACE_BOUND('',#3317,.T.);
#3648=FACE_BOUND('',#3318,.T.);
#3649=FACE_BOUND('',#3319,.T.);
#3650=FACE_BOUND('',#3320,.T.);
#3651=FACE_BOUND('',#3321,.T.);
#3652=FACE_BOUND('',#3322,.T.);
#3653=FACE_BOUND('',#3323,.T.);
#3654=FACE_BOUND('',#3324,.T.);
#3655=FACE_BOUND('',#3325,.T.);
#3656=FACE_BOUND('',#3326,.T.);
#3657=FACE_BOUND('',#3327,.T.);
#3658=FACE_BOUND('',#3328,.T.);
#3659=FACE_BOUND('',#3329,.T.);
#3660=FACE_BOUND('',#3330,.T.);
#3661=FACE_BOUND('',#3331,.T.);
#3662=FACE_BOUND('',#3332,.T.);
#3663=FACE_BOUND('',#3333,.T.);
#3664=FACE_BOUND('',#3334,.T.);
#3665=FACE_BOUND('',#3335,.T.);
#3666=FACE_BOUND('',#3336,.T.);
#3667=FACE_BOUND('',#3337,.T.);
#3668=FACE_BOUND('',#3338,.T.);
#3669=FACE_BOUND('',#3339,.T.);
#3670=FACE_BOUND('',#3340,.T.);
#3671=FACE_BOUND('',#3341,.T.);
#3672=FACE_BOUND('',#3342,.T.);
#3673=FACE_BOUND('',#3343,.T.);
#3674=FACE_BOUND('',#3344,.T.);
#3675=FACE_BOUND('',#3345,.T.);
#3676=FACE_BOUND('',#3346,.T.);
#3677=FACE_BOUND('',#3347,.T.);
#3678=FACE_BOUND('',#3348,.T.);
#3679=FACE_BOUND('',#3349,.T.);
#3680=FACE_BOUND('',#3350,.T.);
#3681=FACE_BOUND('',#3351,.T.);
#3682=FACE_BOUND('',#3352,.T.);
#3683=FACE_BOUND('',#3353,.T.);
#3684=FACE_BOUND('',#3354,.T.);
#3685=FACE_BOUND('',#3355,.T.);
#3686=FACE_BOUND('',#3356,.T.);
#3687=FACE_BOUND('',#3357,.T.);
#3688=FACE_BOUND('',#3358,.T.);
#3689=PLANE('',#4061);
#3690=PLANE('',#4062);
#3691=PLANE('',#4063);
#3692=PLANE('',#4064);
#3693=PLANE('',#4065);
#3694=PLANE('',#4066);
#3695=PLANE('',#4067);
#3696=PLANE('',#4069);
#3697=PLANE('',#4070);
#3698=PLANE('',#4071);
#3699=PLANE('',#4072);
#3700=PLANE('',#4073);
#3701=PLANE('',#4074);
#3702=PLANE('',#4075);
#3703=PLANE('',#4080);
#3704=PLANE('',#4085);
#3705=PLANE('',#4095);
#3706=PLANE('',#4096);
#3707=PLANE('',#4097);
#3708=PLANE('',#4098);
#3709=PLANE('',#4099);
#3710=PLANE('',#4100);
#3711=PLANE('',#4101);
#3712=PLANE('',#4103);
#3713=PLANE('',#4104);
#3714=PLANE('',#4105);
#3715=PLANE('',#4106);
#3716=PLANE('',#4107);
#3717=PLANE('',#4108);
#3718=PLANE('',#4109);
#3719=PLANE('',#4114);
#3720=PLANE('',#4119);
#3721=PLANE('',#4129);
#3722=PLANE('',#4130);
#3723=PLANE('',#4131);
#3724=PLANE('',#4132);
#3725=PLANE('',#4133);
#3726=PLANE('',#4134);
#3727=PLANE('',#4135);
#3728=PLANE('',#4137);
#3729=PLANE('',#4138);
#3730=PLANE('',#4139);
#3731=PLANE('',#4140);
#3732=PLANE('',#4141);
#3733=PLANE('',#4142);
#3734=PLANE('',#4143);
#3735=PLANE('',#4148);
#3736=PLANE('',#4153);
#3737=PLANE('',#4163);
#3738=PLANE('',#4164);
#3739=PLANE('',#4165);
#3740=PLANE('',#4166);
#3741=PLANE('',#4167);
#3742=PLANE('',#4168);
#3743=PLANE('',#4169);
#3744=PLANE('',#4171);
#3745=PLANE('',#4172);
#3746=PLANE('',#4173);
#3747=PLANE('',#4174);
#3748=PLANE('',#4175);
#3749=PLANE('',#4176);
#3750=PLANE('',#4177);
#3751=PLANE('',#4182);
#3752=PLANE('',#4187);
#3753=PLANE('',#4197);
#3754=PLANE('',#4198);
#3755=PLANE('',#4199);
#3756=PLANE('',#4200);
#3757=PLANE('',#4201);
#3758=PLANE('',#4202);
#3759=PLANE('',#4203);
#3760=PLANE('',#4205);
#3761=PLANE('',#4206);
#3762=PLANE('',#4207);
#3763=PLANE('',#4208);
#3764=PLANE('',#4209);
#3765=PLANE('',#4210);
#3766=PLANE('',#4211);
#3767=PLANE('',#4216);
#3768=PLANE('',#4221);
#3769=PLANE('',#4231);
#3770=PLANE('',#4238);
#3771=PLANE('',#4241);
#3772=PLANE('',#4242);
#3773=PLANE('',#4245);
#3774=PLANE('',#4246);
#3775=PLANE('',#4247);
#3776=PLANE('',#4248);
#3777=PLANE('',#4249);
#3778=PLANE('',#4250);
#3779=PLANE('',#4251);
#3780=PLANE('',#4252);
#3781=PLANE('',#4253);
#3782=PLANE('',#4254);
#3783=PLANE('',#4255);
#3784=PLANE('',#4256);
#3785=PLANE('',#4257);
#3786=PLANE('',#4258);
#3787=PLANE('',#4259);
#3788=PLANE('',#4260);
#3789=PLANE('',#4261);
#3790=PLANE('',#4262);
#3791=PLANE('',#4263);
#3792=PLANE('',#4264);
#3793=PLANE('',#4265);
#3794=PLANE('',#4266);
#3795=PLANE('',#4267);
#3796=PLANE('',#4268);
#3797=PLANE('',#4269);
#3798=PLANE('',#4270);
#3799=PLANE('',#4271);
#3800=PLANE('',#4272);
#3801=PLANE('',#4273);
#3802=PLANE('',#4274);
#3803=PLANE('',#4275);
#3804=PLANE('',#4276);
#3805=PLANE('',#4277);
#3806=PLANE('',#4278);
#3807=PLANE('',#4279);
#3808=PLANE('',#4280);
#3809=PLANE('',#4281);
#3810=PLANE('',#4282);
#3811=PLANE('',#4283);
#3812=PLANE('',#4327);
#3813=PLANE('',#4420);
#3814=PLANE('',#4423);
#3815=PLANE('',#4424);
#3816=PLANE('',#4425);
#3817=PLANE('',#4426);
#3818=PLANE('',#4427);
#3819=PLANE('',#4428);
#3820=PLANE('',#4429);
#3821=PLANE('',#4430);
#3822=PLANE('',#4431);
#3823=PLANE('',#4432);
#3824=PLANE('',#4433);
#3825=PLANE('',#4434);
#3826=PLANE('',#4435);
#3827=PLANE('',#4436);
#3828=PLANE('',#4437);
#3829=ADVANCED_FACE('',(#3359),#3689,.T.);
#3830=ADVANCED_FACE('',(#3360),#3690,.T.);
#3831=ADVANCED_FACE('',(#3361),#3691,.T.);
#3832=ADVANCED_FACE('',(#3362),#3692,.T.);
#3833=ADVANCED_FACE('',(#3363),#3693,.T.);
#3834=ADVANCED_FACE('',(#3364),#3694,.T.);
#3835=ADVANCED_FACE('',(#3365,#3366),#3695,.T.);
#3836=ADVANCED_FACE('',(#3367),#3696,.F.);
#3837=ADVANCED_FACE('',(#3368),#3697,.F.);
#3838=ADVANCED_FACE('',(#3369),#3698,.F.);
#3839=ADVANCED_FACE('',(#3370),#3699,.F.);
#3840=ADVANCED_FACE('',(#3371),#3700,.F.);
#3841=ADVANCED_FACE('',(#3372),#3701,.F.);
#3842=ADVANCED_FACE('',(#3373,#3374),#3702,.T.);
#3843=ADVANCED_FACE('',(#3375,#3376),#24,.F.);
#3844=ADVANCED_FACE('',(#3377,#3378),#3703,.F.);
#3845=ADVANCED_FACE('',(#3379,#3380),#25,.F.);
#3846=ADVANCED_FACE('',(#3381,#3382),#3704,.F.);
#3847=ADVANCED_FACE('',(#3383,#3384),#26,.F.);
#3848=ADVANCED_FACE('',(#3385,#3386),#27,.F.);
#3849=ADVANCED_FACE('',(#3387,#3388),#28,.F.);
#3850=ADVANCED_FACE('',(#3389,#3390),#29,.F.);
#3851=ADVANCED_FACE('',(#3391),#3705,.T.);
#3852=ADVANCED_FACE('',(#3392),#3706,.T.);
#3853=ADVANCED_FACE('',(#3393),#3707,.T.);
#3854=ADVANCED_FACE('',(#3394),#3708,.T.);
#3855=ADVANCED_FACE('',(#3395),#3709,.T.);
#3856=ADVANCED_FACE('',(#3396),#3710,.T.);
#3857=ADVANCED_FACE('',(#3397,#3398),#3711,.T.);
#3858=ADVANCED_FACE('',(#3399),#3712,.F.);
#3859=ADVANCED_FACE('',(#3400),#3713,.F.);
#3860=ADVANCED_FACE('',(#3401),#3714,.F.);
#3861=ADVANCED_FACE('',(#3402),#3715,.F.);
#3862=ADVANCED_FACE('',(#3403),#3716,.F.);
#3863=ADVANCED_FACE('',(#3404),#3717,.F.);
#3864=ADVANCED_FACE('',(#3405,#3406),#3718,.T.);
#3865=ADVANCED_FACE('',(#3407,#3408),#30,.F.);
#3866=ADVANCED_FACE('',(#3409,#3410),#3719,.F.);
#3867=ADVANCED_FACE('',(#3411,#3412),#31,.F.);
#3868=ADVANCED_FACE('',(#3413,#3414),#3720,.F.);
#3869=ADVANCED_FACE('',(#3415,#3416),#32,.F.);
#3870=ADVANCED_FACE('',(#3417,#3418),#33,.F.);
#3871=ADVANCED_FACE('',(#3419,#3420),#34,.F.);
#3872=ADVANCED_FACE('',(#3421,#3422),#35,.F.);
#3873=ADVANCED_FACE('',(#3423),#3721,.T.);
#3874=ADVANCED_FACE('',(#3424),#3722,.T.);
#3875=ADVANCED_FACE('',(#3425),#3723,.T.);
#3876=ADVANCED_FACE('',(#3426),#3724,.T.);
#3877=ADVANCED_FACE('',(#3427),#3725,.T.);
#3878=ADVANCED_FACE('',(#3428),#3726,.T.);
#3879=ADVANCED_FACE('',(#3429,#3430),#3727,.T.);
#3880=ADVANCED_FACE('',(#3431),#3728,.F.);
#3881=ADVANCED_FACE('',(#3432),#3729,.F.);
#3882=ADVANCED_FACE('',(#3433),#3730,.F.);
#3883=ADVANCED_FACE('',(#3434),#3731,.F.);
#3884=ADVANCED_FACE('',(#3435),#3732,.F.);
#3885=ADVANCED_FACE('',(#3436),#3733,.F.);
#3886=ADVANCED_FACE('',(#3437,#3438),#3734,.T.);
#3887=ADVANCED_FACE('',(#3439,#3440),#36,.F.);
#3888=ADVANCED_FACE('',(#3441,#3442),#3735,.F.);
#3889=ADVANCED_FACE('',(#3443,#3444),#37,.F.);
#3890=ADVANCED_FACE('',(#3445,#3446),#3736,.F.);
#3891=ADVANCED_FACE('',(#3447,#3448),#38,.F.);
#3892=ADVANCED_FACE('',(#3449,#3450),#39,.F.);
#3893=ADVANCED_FACE('',(#3451,#3452),#40,.F.);
#3894=ADVANCED_FACE('',(#3453,#3454),#41,.F.);
#3895=ADVANCED_FACE('',(#3455),#3737,.T.);
#3896=ADVANCED_FACE('',(#3456),#3738,.T.);
#3897=ADVANCED_FACE('',(#3457),#3739,.T.);
#3898=ADVANCED_FACE('',(#3458),#3740,.T.);
#3899=ADVANCED_FACE('',(#3459),#3741,.T.);
#3900=ADVANCED_FACE('',(#3460),#3742,.T.);
#3901=ADVANCED_FACE('',(#3461,#3462),#3743,.T.);
#3902=ADVANCED_FACE('',(#3463),#3744,.F.);
#3903=ADVANCED_FACE('',(#3464),#3745,.F.);
#3904=ADVANCED_FACE('',(#3465),#3746,.F.);
#3905=ADVANCED_FACE('',(#3466),#3747,.F.);
#3906=ADVANCED_FACE('',(#3467),#3748,.F.);
#3907=ADVANCED_FACE('',(#3468),#3749,.F.);
#3908=ADVANCED_FACE('',(#3469,#3470),#3750,.T.);
#3909=ADVANCED_FACE('',(#3471,#3472),#42,.F.);
#3910=ADVANCED_FACE('',(#3473,#3474),#3751,.F.);
#3911=ADVANCED_FACE('',(#3475,#3476),#43,.F.);
#3912=ADVANCED_FACE('',(#3477,#3478),#3752,.F.);
#3913=ADVANCED_FACE('',(#3479,#3480),#44,.F.);
#3914=ADVANCED_FACE('',(#3481,#3482),#45,.F.);
#3915=ADVANCED_FACE('',(#3483,#3484),#46,.F.);
#3916=ADVANCED_FACE('',(#3485,#3486),#47,.F.);
#3917=ADVANCED_FACE('',(#3487),#3753,.T.);
#3918=ADVANCED_FACE('',(#3488),#3754,.T.);
#3919=ADVANCED_FACE('',(#3489),#3755,.T.);
#3920=ADVANCED_FACE('',(#3490),#3756,.T.);
#3921=ADVANCED_FACE('',(#3491),#3757,.T.);
#3922=ADVANCED_FACE('',(#3492),#3758,.T.);
#3923=ADVANCED_FACE('',(#3493,#3494),#3759,.T.);
#3924=ADVANCED_FACE('',(#3495),#3760,.F.);
#3925=ADVANCED_FACE('',(#3496),#3761,.F.);
#3926=ADVANCED_FACE('',(#3497),#3762,.F.);
#3927=ADVANCED_FACE('',(#3498),#3763,.F.);
#3928=ADVANCED_FACE('',(#3499),#3764,.F.);
#3929=ADVANCED_FACE('',(#3500),#3765,.F.);
#3930=ADVANCED_FACE('',(#3501,#3502),#3766,.T.);
#3931=ADVANCED_FACE('',(#3503,#3504),#48,.F.);
#3932=ADVANCED_FACE('',(#3505,#3506),#3767,.F.);
#3933=ADVANCED_FACE('',(#3507,#3508),#49,.F.);
#3934=ADVANCED_FACE('',(#3509,#3510),#3768,.F.);
#3935=ADVANCED_FACE('',(#3511,#3512),#50,.F.);
#3936=ADVANCED_FACE('',(#3513,#3514),#51,.F.);
#3937=ADVANCED_FACE('',(#3515,#3516),#52,.F.);
#3938=ADVANCED_FACE('',(#3517,#3518),#53,.F.);
#3939=ADVANCED_FACE('',(#3519,#3520,#3521),#3769,.T.);
#3940=ADVANCED_FACE('',(#3522,#3523),#54,.F.);
#3941=ADVANCED_FACE('',(#3524,#3525),#55,.F.);
#3942=ADVANCED_FACE('',(#3526,#3527,#3528),#3770,.F.);
#3943=ADVANCED_FACE('',(#3529,#3530,#3531),#3771,.T.);
#3944=ADVANCED_FACE('',(#3532,#3533,#3534),#3772,.T.);
#3945=ADVANCED_FACE('',(#3535,#3536,#3537),#3773,.T.);
#3946=ADVANCED_FACE('',(#3538),#3774,.T.);
#3947=ADVANCED_FACE('',(#3539,#3540,#3541),#3775,.T.);
#3948=ADVANCED_FACE('',(#3542),#3776,.T.);
#3949=ADVANCED_FACE('',(#3543,#3544,#3545),#3777,.T.);
#3950=ADVANCED_FACE('',(#3546),#3778,.F.);
#3951=ADVANCED_FACE('',(#3547,#3548,#3549),#3779,.F.);
#3952=ADVANCED_FACE('',(#3550,#3551,#3552),#3780,.T.);
#3953=ADVANCED_FACE('',(#3553),#3781,.T.);
#3954=ADVANCED_FACE('',(#3554,#3555,#3556),#3782,.T.);
#3955=ADVANCED_FACE('',(#3557),#3783,.T.);
#3956=ADVANCED_FACE('',(#3558,#3559,#3560),#3784,.T.);
#3957=ADVANCED_FACE('',(#3561),#3785,.F.);
#3958=ADVANCED_FACE('',(#3562,#3563,#3564),#3786,.F.);
#3959=ADVANCED_FACE('',(#3565),#3787,.T.);
#3960=ADVANCED_FACE('',(#3566),#3788,.T.);
#3961=ADVANCED_FACE('',(#3567),#3789,.F.);
#3962=ADVANCED_FACE('',(#3568,#3569,#3570),#3790,.T.);
#3963=ADVANCED_FACE('',(#3571),#3791,.T.);
#3964=ADVANCED_FACE('',(#3572,#3573,#3574),#3792,.T.);
#3965=ADVANCED_FACE('',(#3575),#3793,.T.);
#3966=ADVANCED_FACE('',(#3576,#3577,#3578),#3794,.T.);
#3967=ADVANCED_FACE('',(#3579),#3795,.F.);
#3968=ADVANCED_FACE('',(#3580,#3581,#3582),#3796,.F.);
#3969=ADVANCED_FACE('',(#3583,#3584,#3585),#3797,.T.);
#3970=ADVANCED_FACE('',(#3586),#3798,.T.);
#3971=ADVANCED_FACE('',(#3587,#3588,#3589),#3799,.T.);
#3972=ADVANCED_FACE('',(#3590),#3800,.T.);
#3973=ADVANCED_FACE('',(#3591,#3592,#3593),#3801,.T.);
#3974=ADVANCED_FACE('',(#3594),#3802,.F.);
#3975=ADVANCED_FACE('',(#3595,#3596,#3597),#3803,.F.);
#3976=ADVANCED_FACE('',(#3598,#3599,#3600),#3804,.T.);
#3977=ADVANCED_FACE('',(#3601),#3805,.T.);
#3978=ADVANCED_FACE('',(#3602,#3603,#3604),#3806,.T.);
#3979=ADVANCED_FACE('',(#3605),#3807,.T.);
#3980=ADVANCED_FACE('',(#3606,#3607,#3608),#3808,.T.);
#3981=ADVANCED_FACE('',(#3609),#3809,.F.);
#3982=ADVANCED_FACE('',(#3610,#3611,#3612),#3810,.F.);
#3983=ADVANCED_FACE('',(#3613,#3614),#3811,.T.);
#3984=ADVANCED_FACE('',(#3615,#3616),#3812,.F.);
#3985=ADVANCED_FACE('',(#3617),#56,.F.);
#3986=ADVANCED_FACE('',(#3618,#3619),#57,.F.);
#3987=ADVANCED_FACE('',(#3620),#58,.F.);
#3988=ADVANCED_FACE('',(#3621),#59,.F.);
#3989=ADVANCED_FACE('',(#3622),#60,.F.);
#3990=ADVANCED_FACE('',(#3623),#61,.F.);
#3991=ADVANCED_FACE('',(#3624),#62,.F.);
#3992=ADVANCED_FACE('',(#3625),#63,.F.);
#3993=ADVANCED_FACE('',(#3626),#64,.F.);
#3994=ADVANCED_FACE('',(#3627),#65,.F.);
#3995=ADVANCED_FACE('',(#3628),#66,.F.);
#3996=ADVANCED_FACE('',(#3629),#67,.F.);
#3997=ADVANCED_FACE('',(#3630),#68,.F.);
#3998=ADVANCED_FACE('',(#3631),#69,.T.);
#3999=ADVANCED_FACE('',(#3632),#70,.T.);
#4000=ADVANCED_FACE('',(#3633),#71,.T.);
#4001=ADVANCED_FACE('',(#3634),#72,.T.);
#4002=ADVANCED_FACE('',(#3635),#73,.T.);
#4003=ADVANCED_FACE('',(#3636),#74,.T.);
#4004=ADVANCED_FACE('',(#3637),#75,.T.);
#4005=ADVANCED_FACE('',(#3638),#76,.T.);
#4006=ADVANCED_FACE('',(#3639),#77,.T.);
#4007=ADVANCED_FACE('',(#3640),#78,.T.);
#4008=ADVANCED_FACE('',(#3641),#79,.T.);
#4009=ADVANCED_FACE('',(#3642),#80,.T.);
#4010=ADVANCED_FACE('',(#3643),#81,.T.);
#4011=ADVANCED_FACE('',(#3644),#82,.T.);
#4012=ADVANCED_FACE('',(#3645),#83,.T.);
#4013=ADVANCED_FACE('',(#3646),#84,.T.);
#4014=ADVANCED_FACE('',(#3647),#85,.T.);
#4015=ADVANCED_FACE('',(#3648),#86,.T.);
#4016=ADVANCED_FACE('',(#3649),#87,.T.);
#4017=ADVANCED_FACE('',(#3650),#88,.T.);
#4018=ADVANCED_FACE('',(#3651),#89,.T.);
#4019=ADVANCED_FACE('',(#3652),#90,.T.);
#4020=ADVANCED_FACE('',(#3653),#91,.T.);
#4021=ADVANCED_FACE('',(#3654),#92,.T.);
#4022=ADVANCED_FACE('',(#3655),#93,.F.);
#4023=ADVANCED_FACE('',(#3656),#94,.F.);
#4024=ADVANCED_FACE('',(#3657),#95,.F.);
#4025=ADVANCED_FACE('',(#3658),#96,.F.);
#4026=ADVANCED_FACE('',(#3659),#97,.F.);
#4027=ADVANCED_FACE('',(#3660),#98,.F.);
#4028=ADVANCED_FACE('',(#3661,#3662),#99,.F.);
#4029=ADVANCED_FACE('',(#3663,#3664),#100,.F.);
#4030=ADVANCED_FACE('',(#3665,#3666),#101,.F.);
#4031=ADVANCED_FACE('',(#3667,#3668),#3813,.F.);
#4032=ADVANCED_FACE('',(#3669,#3670),#102,.F.);
#4033=ADVANCED_FACE('',(#3671,#3672),#3814,.F.);
#4034=ADVANCED_FACE('',(#3673),#3815,.F.);
#4035=ADVANCED_FACE('',(#3674),#3816,.F.);
#4036=ADVANCED_FACE('',(#3675),#3817,.F.);
#4037=ADVANCED_FACE('',(#3676),#3818,.F.);
#4038=ADVANCED_FACE('',(#3677),#3819,.F.);
#4039=ADVANCED_FACE('',(#3678),#3820,.F.);
#4040=ADVANCED_FACE('',(#3679,#3680),#3821,.T.);
#4041=ADVANCED_FACE('',(#3681),#3822,.T.);
#4042=ADVANCED_FACE('',(#3682),#3823,.T.);
#4043=ADVANCED_FACE('',(#3683),#3824,.T.);
#4044=ADVANCED_FACE('',(#3684),#3825,.T.);
#4045=ADVANCED_FACE('',(#3685),#3826,.T.);
#4046=ADVANCED_FACE('',(#3686),#3827,.T.);
#4047=ADVANCED_FACE('',(#3687,#3688),#3828,.T.);
#4048=CLOSED_SHELL('',(#3829,#3830,#3831,#3832,#3833,#3834,#3835,#3836,
#3837,#3838,#3839,#3840,#3841,#3842,#3843,#3844,#3845,#3846,#3847,#3848,
#3849,#3850,#3851,#3852,#3853,#3854,#3855,#3856,#3857,#3858,#3859,#3860,
#3861,#3862,#3863,#3864,#3865,#3866,#3867,#3868,#3869,#3870,#3871,#3872,
#3873,#3874,#3875,#3876,#3877,#3878,#3879,#3880,#3881,#3882,#3883,#3884,
#3885,#3886,#3887,#3888,#3889,#3890,#3891,#3892,#3893,#3894,#3895,#3896,
#3897,#3898,#3899,#3900,#3901,#3902,#3903,#3904,#3905,#3906,#3907,#3908,
#3909,#3910,#3911,#3912,#3913,#3914,#3915,#3916,#3917,#3918,#3919,#3920,
#3921,#3922,#3923,#3924,#3925,#3926,#3927,#3928,#3929,#3930,#3931,#3932,
#3933,#3934,#3935,#3936,#3937,#3938,#3939,#3940,#3941,#3942,#3943,#3944,
#3945,#3946,#3947,#3948,#3949,#3950,#3951,#3952,#3953,#3954,#3955,#3956,
#3957,#3958,#3959,#3960,#3961,#3962,#3963,#3964,#3965,#3966,#3967,#3968,
#3969,#3970,#3971,#3972,#3973,#3974,#3975,#3976,#3977,#3978,#3979,#3980,
#3981,#3982,#3983,#3984,#3985,#3986,#3987,#3988,#3989,#3990,#3991,#3992,
#3993,#3994,#3995,#3996,#3997,#3998,#3999,#4000,#4001,#4002,#4003,#4004,
#4005,#4006,#4007,#4008,#4009,#4010,#4011,#4012,#4013,#4014,#4015,#4016,
#4017,#4018,#4019,#4020,#4021,#4022,#4023,#4024,#4025,#4026,#4027,#4028,
#4029,#4030,#4031,#4032,#4033,#4034,#4035,#4036,#4037,#4038,#4039,#4040,
#4041,#4042,#4043,#4044,#4045,#4046,#4047));
#4049=STYLED_ITEM('',(#4050),#4057);
#4050=PRESENTATION_STYLE_ASSIGNMENT((#4051));
#4051=SURFACE_STYLE_USAGE(.BOTH.,#4052);
#4052=SURFACE_SIDE_STYLE('',(#4053));
#4053=SURFACE_STYLE_FILL_AREA(#4054);
#4054=FILL_AREA_STYLE('',(#4055));
#4055=FILL_AREA_STYLE_COLOUR('',#4056);
#4056=COLOUR_RGB('',0.615686274509804,0.811764705882353,0.929411764705882);
#4057=MANIFOLD_SOLID_BREP('Part 1',#4048);
#4058=SHAPE_DEFINITION_REPRESENTATION(#6732,#4059);
#4059=SHAPE_REPRESENTATION('Part 1',(#4060),#6727);
#4060=AXIS2_PLACEMENT_3D('',#5578,#4438,#4439);
#4061=AXIS2_PLACEMENT_3D('',#5579,#4440,#4441);
#4062=AXIS2_PLACEMENT_3D('',#5588,#4446,#4447);
#4063=AXIS2_PLACEMENT_3D('',#5594,#4451,#4452);
#4064=AXIS2_PLACEMENT_3D('',#5600,#4456,#4457);
#4065=AXIS2_PLACEMENT_3D('',#5606,#4461,#4462);
#4066=AXIS2_PLACEMENT_3D('',#5612,#4466,#4467);
#4067=AXIS2_PLACEMENT_3D('',#5615,#4470,#4471);
#4068=AXIS2_PLACEMENT_3D('',#5616,#4472,#4473);
#4069=AXIS2_PLACEMENT_3D('',#5618,#4474,#4475);
#4070=AXIS2_PLACEMENT_3D('',#5627,#4480,#4481);
#4071=AXIS2_PLACEMENT_3D('',#5633,#4485,#4486);
#4072=AXIS2_PLACEMENT_3D('',#5639,#4490,#4491);
#4073=AXIS2_PLACEMENT_3D('',#5645,#4495,#4496);
#4074=AXIS2_PLACEMENT_3D('',#5651,#4500,#4501);
#4075=AXIS2_PLACEMENT_3D('',#5654,#4504,#4505);
#4076=AXIS2_PLACEMENT_3D('',#5655,#4506,#4507);
#4077=AXIS2_PLACEMENT_3D('',#5657,#4508,#4509);
#4078=AXIS2_PLACEMENT_3D('',#5658,#4510,#4511);
#4079=AXIS2_PLACEMENT_3D('',#5660,#4512,#4513);
#4080=AXIS2_PLACEMENT_3D('',#5662,#4514,#4515);
#4081=AXIS2_PLACEMENT_3D('',#5663,#4516,#4517);
#4082=AXIS2_PLACEMENT_3D('',#5665,#4518,#4519);
#4083=AXIS2_PLACEMENT_3D('',#5666,#4520,#4521);
#4084=AXIS2_PLACEMENT_3D('',#5668,#4522,#4523);
#4085=AXIS2_PLACEMENT_3D('',#5670,#4524,#4525);
#4086=AXIS2_PLACEMENT_3D('',#5671,#4526,#4527);
#4087=AXIS2_PLACEMENT_3D('',#5673,#4528,#4529);
#4088=AXIS2_PLACEMENT_3D('',#5674,#4530,#4531);
#4089=AXIS2_PLACEMENT_3D('',#5676,#4532,#4533);
#4090=AXIS2_PLACEMENT_3D('',#5677,#4534,#4535);
#4091=AXIS2_PLACEMENT_3D('',#5679,#4536,#4537);
#4092=AXIS2_PLACEMENT_3D('',#5680,#4538,#4539);
#4093=AXIS2_PLACEMENT_3D('',#5682,#4540,#4541);
#4094=AXIS2_PLACEMENT_3D('',#5683,#4542,#4543);
#4095=AXIS2_PLACEMENT_3D('',#5685,#4544,#4545);
#4096=AXIS2_PLACEMENT_3D('',#5694,#4550,#4551);
#4097=AXIS2_PLACEMENT_3D('',#5700,#4555,#4556);
#4098=AXIS2_PLACEMENT_3D('',#5706,#4560,#4561);
#4099=AXIS2_PLACEMENT_3D('',#5712,#4565,#4566);
#4100=AXIS2_PLACEMENT_3D('',#5718,#4570,#4571);
#4101=AXIS2_PLACEMENT_3D('',#5721,#4574,#4575);
#4102=AXIS2_PLACEMENT_3D('',#5722,#4576,#4577);
#4103=AXIS2_PLACEMENT_3D('',#5724,#4578,#4579);
#4104=AXIS2_PLACEMENT_3D('',#5733,#4584,#4585);
#4105=AXIS2_PLACEMENT_3D('',#5739,#4589,#4590);
#4106=AXIS2_PLACEMENT_3D('',#5745,#4594,#4595);
#4107=AXIS2_PLACEMENT_3D('',#5751,#4599,#4600);
#4108=AXIS2_PLACEMENT_3D('',#5757,#4604,#4605);
#4109=AXIS2_PLACEMENT_3D('',#5760,#4608,#4609);
#4110=AXIS2_PLACEMENT_3D('',#5761,#4610,#4611);
#4111=AXIS2_PLACEMENT_3D('',#5763,#4612,#4613);
#4112=AXIS2_PLACEMENT_3D('',#5764,#4614,#4615);
#4113=AXIS2_PLACEMENT_3D('',#5766,#4616,#4617);
#4114=AXIS2_PLACEMENT_3D('',#5768,#4618,#4619);
#4115=AXIS2_PLACEMENT_3D('',#5769,#4620,#4621);
#4116=AXIS2_PLACEMENT_3D('',#5771,#4622,#4623);
#4117=AXIS2_PLACEMENT_3D('',#5772,#4624,#4625);
#4118=AXIS2_PLACEMENT_3D('',#5774,#4626,#4627);
#4119=AXIS2_PLACEMENT_3D('',#5776,#4628,#4629);
#4120=AXIS2_PLACEMENT_3D('',#5777,#4630,#4631);
#4121=AXIS2_PLACEMENT_3D('',#5779,#4632,#4633);
#4122=AXIS2_PLACEMENT_3D('',#5780,#4634,#4635);
#4123=AXIS2_PLACEMENT_3D('',#5782,#4636,#4637);
#4124=AXIS2_PLACEMENT_3D('',#5783,#4638,#4639);
#4125=AXIS2_PLACEMENT_3D('',#5785,#4640,#4641);
#4126=AXIS2_PLACEMENT_3D('',#5786,#4642,#4643);
#4127=AXIS2_PLACEMENT_3D('',#5788,#4644,#4645);
#4128=AXIS2_PLACEMENT_3D('',#5789,#4646,#4647);
#4129=AXIS2_PLACEMENT_3D('',#5791,#4648,#4649);
#4130=AXIS2_PLACEMENT_3D('',#5800,#4654,#4655);
#4131=AXIS2_PLACEMENT_3D('',#5806,#4659,#4660);
#4132=AXIS2_PLACEMENT_3D('',#5812,#4664,#4665);
#4133=AXIS2_PLACEMENT_3D('',#5818,#4669,#4670);
#4134=AXIS2_PLACEMENT_3D('',#5824,#4674,#4675);
#4135=AXIS2_PLACEMENT_3D('',#5827,#4678,#4679);
#4136=AXIS2_PLACEMENT_3D('',#5828,#4680,#4681);
#4137=AXIS2_PLACEMENT_3D('',#5830,#4682,#4683);
#4138=AXIS2_PLACEMENT_3D('',#5839,#4688,#4689);
#4139=AXIS2_PLACEMENT_3D('',#5845,#4693,#4694);
#4140=AXIS2_PLACEMENT_3D('',#5851,#4698,#4699);
#4141=AXIS2_PLACEMENT_3D('',#5857,#4703,#4704);
#4142=AXIS2_PLACEMENT_3D('',#5863,#4708,#4709);
#4143=AXIS2_PLACEMENT_3D('',#5866,#4712,#4713);
#4144=AXIS2_PLACEMENT_3D('',#5867,#4714,#4715);
#4145=AXIS2_PLACEMENT_3D('',#5869,#4716,#4717);
#4146=AXIS2_PLACEMENT_3D('',#5870,#4718,#4719);
#4147=AXIS2_PLACEMENT_3D('',#5872,#4720,#4721);
#4148=AXIS2_PLACEMENT_3D('',#5874,#4722,#4723);
#4149=AXIS2_PLACEMENT_3D('',#5875,#4724,#4725);
#4150=AXIS2_PLACEMENT_3D('',#5877,#4726,#4727);
#4151=AXIS2_PLACEMENT_3D('',#5878,#4728,#4729);
#4152=AXIS2_PLACEMENT_3D('',#5880,#4730,#4731);
#4153=AXIS2_PLACEMENT_3D('',#5882,#4732,#4733);
#4154=AXIS2_PLACEMENT_3D('',#5883,#4734,#4735);
#4155=AXIS2_PLACEMENT_3D('',#5885,#4736,#4737);
#4156=AXIS2_PLACEMENT_3D('',#5886,#4738,#4739);
#4157=AXIS2_PLACEMENT_3D('',#5888,#4740,#4741);
#4158=AXIS2_PLACEMENT_3D('',#5889,#4742,#4743);
#4159=AXIS2_PLACEMENT_3D('',#5891,#4744,#4745);
#4160=AXIS2_PLACEMENT_3D('',#5892,#4746,#4747);
#4161=AXIS2_PLACEMENT_3D('',#5894,#4748,#4749);
#4162=AXIS2_PLACEMENT_3D('',#5895,#4750,#4751);
#4163=AXIS2_PLACEMENT_3D('',#5897,#4752,#4753);
#4164=AXIS2_PLACEMENT_3D('',#5906,#4758,#4759);
#4165=AXIS2_PLACEMENT_3D('',#5912,#4763,#4764);
#4166=AXIS2_PLACEMENT_3D('',#5918,#4768,#4769);
#4167=AXIS2_PLACEMENT_3D('',#5924,#4773,#4774);
#4168=AXIS2_PLACEMENT_3D('',#5930,#4778,#4779);
#4169=AXIS2_PLACEMENT_3D('',#5933,#4782,#4783);
#4170=AXIS2_PLACEMENT_3D('',#5934,#4784,#4785);
#4171=AXIS2_PLACEMENT_3D('',#5936,#4786,#4787);
#4172=AXIS2_PLACEMENT_3D('',#5945,#4792,#4793);
#4173=AXIS2_PLACEMENT_3D('',#5951,#4797,#4798);
#4174=AXIS2_PLACEMENT_3D('',#5957,#4802,#4803);
#4175=AXIS2_PLACEMENT_3D('',#5963,#4807,#4808);
#4176=AXIS2_PLACEMENT_3D('',#5969,#4812,#4813);
#4177=AXIS2_PLACEMENT_3D('',#5972,#4816,#4817);
#4178=AXIS2_PLACEMENT_3D('',#5973,#4818,#4819);
#4179=AXIS2_PLACEMENT_3D('',#5975,#4820,#4821);
#4180=AXIS2_PLACEMENT_3D('',#5976,#4822,#4823);
#4181=AXIS2_PLACEMENT_3D('',#5978,#4824,#4825);
#4182=AXIS2_PLACEMENT_3D('',#5980,#4826,#4827);
#4183=AXIS2_PLACEMENT_3D('',#5981,#4828,#4829);
#4184=AXIS2_PLACEMENT_3D('',#5983,#4830,#4831);
#4185=AXIS2_PLACEMENT_3D('',#5984,#4832,#4833);
#4186=AXIS2_PLACEMENT_3D('',#5986,#4834,#4835);
#4187=AXIS2_PLACEMENT_3D('',#5988,#4836,#4837);
#4188=AXIS2_PLACEMENT_3D('',#5989,#4838,#4839);
#4189=AXIS2_PLACEMENT_3D('',#5991,#4840,#4841);
#4190=AXIS2_PLACEMENT_3D('',#5992,#4842,#4843);
#4191=AXIS2_PLACEMENT_3D('',#5994,#4844,#4845);
#4192=AXIS2_PLACEMENT_3D('',#5995,#4846,#4847);
#4193=AXIS2_PLACEMENT_3D('',#5997,#4848,#4849);
#4194=AXIS2_PLACEMENT_3D('',#5998,#4850,#4851);
#4195=AXIS2_PLACEMENT_3D('',#6000,#4852,#4853);
#4196=AXIS2_PLACEMENT_3D('',#6001,#4854,#4855);
#4197=AXIS2_PLACEMENT_3D('',#6003,#4856,#4857);
#4198=AXIS2_PLACEMENT_3D('',#6012,#4862,#4863);
#4199=AXIS2_PLACEMENT_3D('',#6018,#4867,#4868);
#4200=AXIS2_PLACEMENT_3D('',#6024,#4872,#4873);
#4201=AXIS2_PLACEMENT_3D('',#6030,#4877,#4878);
#4202=AXIS2_PLACEMENT_3D('',#6036,#4882,#4883);
#4203=AXIS2_PLACEMENT_3D('',#6039,#4886,#4887);
#4204=AXIS2_PLACEMENT_3D('',#6040,#4888,#4889);
#4205=AXIS2_PLACEMENT_3D('',#6042,#4890,#4891);
#4206=AXIS2_PLACEMENT_3D('',#6051,#4896,#4897);
#4207=AXIS2_PLACEMENT_3D('',#6057,#4901,#4902);
#4208=AXIS2_PLACEMENT_3D('',#6063,#4906,#4907);
#4209=AXIS2_PLACEMENT_3D('',#6069,#4911,#4912);
#4210=AXIS2_PLACEMENT_3D('',#6075,#4916,#4917);
#4211=AXIS2_PLACEMENT_3D('',#6078,#4920,#4921);
#4212=AXIS2_PLACEMENT_3D('',#6079,#4922,#4923);
#4213=AXIS2_PLACEMENT_3D('',#6081,#4924,#4925);
#4214=AXIS2_PLACEMENT_3D('',#6082,#4926,#4927);
#4215=AXIS2_PLACEMENT_3D('',#6084,#4928,#4929);
#4216=AXIS2_PLACEMENT_3D('',#6086,#4930,#4931);
#4217=AXIS2_PLACEMENT_3D('',#6087,#4932,#4933);
#4218=AXIS2_PLACEMENT_3D('',#6089,#4934,#4935);
#4219=AXIS2_PLACEMENT_3D('',#6090,#4936,#4937);
#4220=AXIS2_PLACEMENT_3D('',#6092,#4938,#4939);
#4221=AXIS2_PLACEMENT_3D('',#6094,#4940,#4941);
#4222=AXIS2_PLACEMENT_3D('',#6095,#4942,#4943);
#4223=AXIS2_PLACEMENT_3D('',#6097,#4944,#4945);
#4224=AXIS2_PLACEMENT_3D('',#6098,#4946,#4947);
#4225=AXIS2_PLACEMENT_3D('',#6100,#4948,#4949);
#4226=AXIS2_PLACEMENT_3D('',#6101,#4950,#4951);
#4227=AXIS2_PLACEMENT_3D('',#6103,#4952,#4953);
#4228=AXIS2_PLACEMENT_3D('',#6104,#4954,#4955);
#4229=AXIS2_PLACEMENT_3D('',#6106,#4956,#4957);
#4230=AXIS2_PLACEMENT_3D('',#6107,#4958,#4959);
#4231=AXIS2_PLACEMENT_3D('',#6109,#4960,#4961);
#4232=AXIS2_PLACEMENT_3D('',#6142,#4978,#4979);
#4233=AXIS2_PLACEMENT_3D('',#6143,#4980,#4981);
#4234=AXIS2_PLACEMENT_3D('',#6145,#4982,#4983);
#4235=AXIS2_PLACEMENT_3D('',#6147,#4984,#4985);
#4236=AXIS2_PLACEMENT_3D('',#6148,#4986,#4987);
#4237=AXIS2_PLACEMENT_3D('',#6150,#4988,#4989);
#4238=AXIS2_PLACEMENT_3D('',#6152,#4990,#4991);
#4239=AXIS2_PLACEMENT_3D('',#6161,#4996,#4997);
#4240=AXIS2_PLACEMENT_3D('',#6163,#4998,#4999);
#4241=AXIS2_PLACEMENT_3D('',#6165,#5000,#5001);
#4242=AXIS2_PLACEMENT_3D('',#6174,#5006,#5007);
#4243=AXIS2_PLACEMENT_3D('',#6175,#5008,#5009);
#4244=AXIS2_PLACEMENT_3D('',#6185,#5014,#5015);
#4245=AXIS2_PLACEMENT_3D('',#6187,#5016,#5017);
#4246=AXIS2_PLACEMENT_3D('',#6196,#5022,#5023);
#4247=AXIS2_PLACEMENT_3D('',#6202,#5027,#5028);
#4248=AXIS2_PLACEMENT_3D('',#6208,#5032,#5033);
#4249=AXIS2_PLACEMENT_3D('',#6217,#5038,#5039);
#4250=AXIS2_PLACEMENT_3D('',#6226,#5044,#5045);
#4251=AXIS2_PLACEMENT_3D('',#6232,#5049,#5050);
#4252=AXIS2_PLACEMENT_3D('',#6238,#5054,#5055);
#4253=AXIS2_PLACEMENT_3D('',#6247,#5060,#5061);
#4254=AXIS2_PLACEMENT_3D('',#6253,#5065,#5066);
#4255=AXIS2_PLACEMENT_3D('',#6259,#5070,#5071);
#4256=AXIS2_PLACEMENT_3D('',#6268,#5076,#5077);
#4257=AXIS2_PLACEMENT_3D('',#6277,#5082,#5083);
#4258=AXIS2_PLACEMENT_3D('',#6283,#5087,#5088);
#4259=AXIS2_PLACEMENT_3D('',#6289,#5092,#5093);
#4260=AXIS2_PLACEMENT_3D('',#6292,#5096,#5097);
#4261=AXIS2_PLACEMENT_3D('',#6301,#5102,#5103);
#4262=AXIS2_PLACEMENT_3D('',#6304,#5106,#5107);
#4263=AXIS2_PLACEMENT_3D('',#6313,#5112,#5113);
#4264=AXIS2_PLACEMENT_3D('',#6319,#5117,#5118);
#4265=AXIS2_PLACEMENT_3D('',#6325,#5122,#5123);
#4266=AXIS2_PLACEMENT_3D('',#6334,#5128,#5129);
#4267=AXIS2_PLACEMENT_3D('',#6343,#5134,#5135);
#4268=AXIS2_PLACEMENT_3D('',#6349,#5139,#5140);
#4269=AXIS2_PLACEMENT_3D('',#6355,#5144,#5145);
#4270=AXIS2_PLACEMENT_3D('',#6364,#5150,#5151);
#4271=AXIS2_PLACEMENT_3D('',#6370,#5155,#5156);
#4272=AXIS2_PLACEMENT_3D('',#6376,#5160,#5161);
#4273=AXIS2_PLACEMENT_3D('',#6385,#5166,#5167);
#4274=AXIS2_PLACEMENT_3D('',#6394,#5172,#5173);
#4275=AXIS2_PLACEMENT_3D('',#6400,#5177,#5178);
#4276=AXIS2_PLACEMENT_3D('',#6406,#5182,#5183);
#4277=AXIS2_PLACEMENT_3D('',#6415,#5188,#5189);
#4278=AXIS2_PLACEMENT_3D('',#6421,#5193,#5194);
#4279=AXIS2_PLACEMENT_3D('',#6427,#5198,#5199);
#4280=AXIS2_PLACEMENT_3D('',#6436,#5204,#5205);
#4281=AXIS2_PLACEMENT_3D('',#6445,#5210,#5211);
#4282=AXIS2_PLACEMENT_3D('',#6451,#5215,#5216);
#4283=AXIS2_PLACEMENT_3D('',#6457,#5220,#5221);
#4284=AXIS2_PLACEMENT_3D('',#6458,#5222,#5223);
#4285=AXIS2_PLACEMENT_3D('',#6460,#5224,#5225);
#4286=AXIS2_PLACEMENT_3D('',#6462,#5226,#5227);
#4287=AXIS2_PLACEMENT_3D('',#6463,#5228,#5229);
#4288=AXIS2_PLACEMENT_3D('',#6465,#5230,#5231);
#4289=AXIS2_PLACEMENT_3D('',#6467,#5232,#5233);
#4290=AXIS2_PLACEMENT_3D('',#6468,#5234,#5235);
#4291=AXIS2_PLACEMENT_3D('',#6469,#5236,#5237);
#4292=AXIS2_PLACEMENT_3D('',#6471,#5238,#5239);
#4293=AXIS2_PLACEMENT_3D('',#6473,#5240,#5241);
#4294=AXIS2_PLACEMENT_3D('',#6474,#5242,#5243);
#4295=AXIS2_PLACEMENT_3D('',#6476,#5244,#5245);
#4296=AXIS2_PLACEMENT_3D('',#6478,#5246,#5247);
#4297=AXIS2_PLACEMENT_3D('',#6479,#5248,#5249);
#4298=AXIS2_PLACEMENT_3D('',#6480,#5250,#5251);
#4299=AXIS2_PLACEMENT_3D('',#6482,#5252,#5253);
#4300=AXIS2_PLACEMENT_3D('',#6484,#5254,#5255);
#4301=AXIS2_PLACEMENT_3D('',#6485,#5256,#5257);
#4302=AXIS2_PLACEMENT_3D('',#6487,#5258,#5259);
#4303=AXIS2_PLACEMENT_3D('',#6489,#5260,#5261);
#4304=AXIS2_PLACEMENT_3D('',#6490,#5262,#5263);
#4305=AXIS2_PLACEMENT_3D('',#6491,#5264,#5265);
#4306=AXIS2_PLACEMENT_3D('',#6493,#5266,#5267);
#4307=AXIS2_PLACEMENT_3D('',#6495,#5268,#5269);
#4308=AXIS2_PLACEMENT_3D('',#6496,#5270,#5271);
#4309=AXIS2_PLACEMENT_3D('',#6498,#5272,#5273);
#4310=AXIS2_PLACEMENT_3D('',#6500,#5274,#5275);
#4311=AXIS2_PLACEMENT_3D('',#6501,#5276,#5277);
#4312=AXIS2_PLACEMENT_3D('',#6502,#5278,#5279);
#4313=AXIS2_PLACEMENT_3D('',#6504,#5280,#5281);
#4314=AXIS2_PLACEMENT_3D('',#6506,#5282,#5283);
#4315=AXIS2_PLACEMENT_3D('',#6507,#5284,#5285);
#4316=AXIS2_PLACEMENT_3D('',#6509,#5286,#5287);
#4317=AXIS2_PLACEMENT_3D('',#6511,#5288,#5289);
#4318=AXIS2_PLACEMENT_3D('',#6512,#5290,#5291);
#4319=AXIS2_PLACEMENT_3D('',#6513,#5292,#5293);
#4320=AXIS2_PLACEMENT_3D('',#6515,#5294,#5295);
#4321=AXIS2_PLACEMENT_3D('',#6517,#5296,#5297);
#4322=AXIS2_PLACEMENT_3D('',#6518,#5298,#5299);
#4323=AXIS2_PLACEMENT_3D('',#6520,#5300,#5301);
#4324=AXIS2_PLACEMENT_3D('',#6522,#5302,#5303);
#4325=AXIS2_PLACEMENT_3D('',#6523,#5304,#5305);
#4326=AXIS2_PLACEMENT_3D('',#6524,#5306,#5307);
#4327=AXIS2_PLACEMENT_3D('',#6526,#5308,#5309);
#4328=AXIS2_PLACEMENT_3D('',#6527,#5310,#5311);
#4329=AXIS2_PLACEMENT_3D('',#6529,#5312,#5313);
#4330=AXIS2_PLACEMENT_3D('',#6532,#5314,#5315);
#4331=AXIS2_PLACEMENT_3D('',#6533,#5316,#5317);
#4332=AXIS2_PLACEMENT_3D('',#6534,#5318,#5319);
#4333=AXIS2_PLACEMENT_3D('',#6536,#5320,#5321);
#4334=AXIS2_PLACEMENT_3D('',#6538,#5322,#5323);
#4335=AXIS2_PLACEMENT_3D('',#6539,#5324,#5325);
#4336=AXIS2_PLACEMENT_3D('',#6541,#5326,#5327);
#4337=AXIS2_PLACEMENT_3D('',#6543,#5328,#5329);
#4338=AXIS2_PLACEMENT_3D('',#6544,#5330,#5331);
#4339=AXIS2_PLACEMENT_3D('',#6545,#5332,#5333);
#4340=AXIS2_PLACEMENT_3D('',#6547,#5334,#5335);
#4341=AXIS2_PLACEMENT_3D('',#6549,#5336,#5337);
#4342=AXIS2_PLACEMENT_3D('',#6550,#5338,#5339);
#4343=AXIS2_PLACEMENT_3D('',#6552,#5340,#5341);
#4344=AXIS2_PLACEMENT_3D('',#6554,#5342,#5343);
#4345=AXIS2_PLACEMENT_3D('',#6555,#5344,#5345);
#4346=AXIS2_PLACEMENT_3D('',#6556,#5346,#5347);
#4347=AXIS2_PLACEMENT_3D('',#6558,#5348,#5349);
#4348=AXIS2_PLACEMENT_3D('',#6560,#5350,#5351);
#4349=AXIS2_PLACEMENT_3D('',#6561,#5352,#5353);
#4350=AXIS2_PLACEMENT_3D('',#6563,#5354,#5355);
#4351=AXIS2_PLACEMENT_3D('',#6565,#5356,#5357);
#4352=AXIS2_PLACEMENT_3D('',#6566,#5358,#5359);
#4353=AXIS2_PLACEMENT_3D('',#6567,#5360,#5361);
#4354=AXIS2_PLACEMENT_3D('',#6569,#5362,#5363);
#4355=AXIS2_PLACEMENT_3D('',#6571,#5364,#5365);
#4356=AXIS2_PLACEMENT_3D('',#6572,#5366,#5367);
#4357=AXIS2_PLACEMENT_3D('',#6574,#5368,#5369);
#4358=AXIS2_PLACEMENT_3D('',#6576,#5370,#5371);
#4359=AXIS2_PLACEMENT_3D('',#6577,#5372,#5373);
#4360=AXIS2_PLACEMENT_3D('',#6578,#5374,#5375);
#4361=AXIS2_PLACEMENT_3D('',#6580,#5376,#5377);
#4362=AXIS2_PLACEMENT_3D('',#6582,#5378,#5379);
#4363=AXIS2_PLACEMENT_3D('',#6583,#5380,#5381);
#4364=AXIS2_PLACEMENT_3D('',#6585,#5382,#5383);
#4365=AXIS2_PLACEMENT_3D('',#6587,#5384,#5385);
#4366=AXIS2_PLACEMENT_3D('',#6588,#5386,#5387);
#4367=AXIS2_PLACEMENT_3D('',#6589,#5388,#5389);
#4368=AXIS2_PLACEMENT_3D('',#6591,#5390,#5391);
#4369=AXIS2_PLACEMENT_3D('',#6593,#5392,#5393);
#4370=AXIS2_PLACEMENT_3D('',#6594,#5394,#5395);
#4371=AXIS2_PLACEMENT_3D('',#6595,#5396,#5397);
#4372=AXIS2_PLACEMENT_3D('',#6598,#5400,#5401);
#4373=AXIS2_PLACEMENT_3D('',#6599,#5402,#5403);
#4374=AXIS2_PLACEMENT_3D('',#6602,#5406,#5407);
#4375=AXIS2_PLACEMENT_3D('',#6605,#5410,#5411);
#4376=AXIS2_PLACEMENT_3D('',#6608,#5414,#5415);
#4377=AXIS2_PLACEMENT_3D('',#6611,#5418,#5419);
#4378=AXIS2_PLACEMENT_3D('',#6614,#5422,#5423);
#4379=AXIS2_PLACEMENT_3D('',#6617,#5426,#5427);
#4380=AXIS2_PLACEMENT_3D('',#6620,#5430,#5431);
#4381=AXIS2_PLACEMENT_3D('',#6623,#5434,#5435);
#4382=AXIS2_PLACEMENT_3D('',#6626,#5438,#5439);
#4383=AXIS2_PLACEMENT_3D('',#6629,#5442,#5443);
#4384=AXIS2_PLACEMENT_3D('',#6632,#5446,#5447);
#4385=AXIS2_PLACEMENT_3D('',#6633,#5448,#5449);
#4386=AXIS2_PLACEMENT_3D('',#6634,#5450,#5451);
#4387=AXIS2_PLACEMENT_3D('',#6635,#5452,#5453);
#4388=AXIS2_PLACEMENT_3D('',#6636,#5454,#5455);
#4389=AXIS2_PLACEMENT_3D('',#6637,#5456,#5457);
#4390=AXIS2_PLACEMENT_3D('',#6638,#5458,#5459);
#4391=AXIS2_PLACEMENT_3D('',#6639,#5460,#5461);
#4392=AXIS2_PLACEMENT_3D('',#6640,#5462,#5463);
#4393=AXIS2_PLACEMENT_3D('',#6641,#5464,#5465);
#4394=AXIS2_PLACEMENT_3D('',#6642,#5466,#5467);
#4395=AXIS2_PLACEMENT_3D('',#6643,#5468,#5469);
#4396=AXIS2_PLACEMENT_3D('',#6644,#5470,#5471);
#4397=AXIS2_PLACEMENT_3D('',#6645,#5472,#5473);
#4398=AXIS2_PLACEMENT_3D('',#6646,#5474,#5475);
#4399=AXIS2_PLACEMENT_3D('',#6647,#5476,#5477);
#4400=AXIS2_PLACEMENT_3D('',#6648,#5478,#5479);
#4401=AXIS2_PLACEMENT_3D('',#6649,#5480,#5481);
#4402=AXIS2_PLACEMENT_3D('',#6650,#5482,#5483);
#4403=AXIS2_PLACEMENT_3D('',#6651,#5484,#5485);
#4404=AXIS2_PLACEMENT_3D('',#6652,#5486,#5487);
#4405=AXIS2_PLACEMENT_3D('',#6653,#5488,#5489);
#4406=AXIS2_PLACEMENT_3D('',#6654,#5490,#5491);
#4407=AXIS2_PLACEMENT_3D('',#6655,#5492,#5493);
#4408=AXIS2_PLACEMENT_3D('',#6656,#5494,#5495);
#4409=AXIS2_PLACEMENT_3D('',#6657,#5496,#5497);
#4410=AXIS2_PLACEMENT_3D('',#6658,#5498,#5499);
#4411=AXIS2_PLACEMENT_3D('',#6659,#5500,#5501);
#4412=AXIS2_PLACEMENT_3D('',#6660,#5502,#5503);
#4413=AXIS2_PLACEMENT_3D('',#6661,#5504,#5505);
#4414=AXIS2_PLACEMENT_3D('',#6662,#5506,#5507);
#4415=AXIS2_PLACEMENT_3D('',#6663,#5508,#5509);
#4416=AXIS2_PLACEMENT_3D('',#6665,#5510,#5511);
#4417=AXIS2_PLACEMENT_3D('',#6666,#5512,#5513);
#4418=AXIS2_PLACEMENT_3D('',#6668,#5514,#5515);
#4419=AXIS2_PLACEMENT_3D('',#6669,#5516,#5517);
#4420=AXIS2_PLACEMENT_3D('',#6671,#5518,#5519);
#4421=AXIS2_PLACEMENT_3D('',#6672,#5520,#5521);
#4422=AXIS2_PLACEMENT_3D('',#6673,#5522,#5523);
#4423=AXIS2_PLACEMENT_3D('',#6675,#5524,#5525);
#4424=AXIS2_PLACEMENT_3D('',#6676,#5526,#5527);
#4425=AXIS2_PLACEMENT_3D('',#6682,#5531,#5532);
#4426=AXIS2_PLACEMENT_3D('',#6686,#5535,#5536);
#4427=AXIS2_PLACEMENT_3D('',#6690,#5539,#5540);
#4428=AXIS2_PLACEMENT_3D('',#6694,#5543,#5544);
#4429=AXIS2_PLACEMENT_3D('',#6698,#5547,#5548);
#4430=AXIS2_PLACEMENT_3D('',#6700,#5550,#5551);
#4431=AXIS2_PLACEMENT_3D('',#6701,#5552,#5553);
#4432=AXIS2_PLACEMENT_3D('',#6707,#5557,#5558);
#4433=AXIS2_PLACEMENT_3D('',#6711,#5561,#5562);
#4434=AXIS2_PLACEMENT_3D('',#6715,#5565,#5566);
#4435=AXIS2_PLACEMENT_3D('',#6719,#5569,#5570);
#4436=AXIS2_PLACEMENT_3D('',#6723,#5573,#5574);
#4437=AXIS2_PLACEMENT_3D('',#6725,#5576,#5577);
#4438=DIRECTION('',(0.,0.,1.));
#4439=DIRECTION('',(1.,0.,0.));
#4440=DIRECTION('',(0.43301270189222,0.25,-0.866025403784438));
#4441=DIRECTION('',(0.75,0.433012701892219,0.5));
#4442=DIRECTION('',(0.5,-0.866025403784439,0.));
#4443=DIRECTION('',(0.75,0.433012701892219,0.5));
#4444=DIRECTION('',(0.5,-0.866025403784439,0.));
#4445=DIRECTION('',(0.600263716096395,0.636768944675928,0.483951218858318));
#4446=DIRECTION('',(0.866025403784439,0.5,0.));
#4447=DIRECTION('',(0.,0.,1.));
#4448=DIRECTION('',(0.5,-0.866025403784439,0.));
#4449=DIRECTION('',(0.,0.,1.));
#4450=DIRECTION('',(0.,0.,1.));
#4451=DIRECTION('',(0.43301270189222,0.25,0.866025403784439));
#4452=DIRECTION('',(-0.75,-0.433012701892219,0.5));
#4453=DIRECTION('',(0.5,-0.866025403784439,0.));
#4454=DIRECTION('',(-0.75,-0.433012701892219,0.5));
#4455=DIRECTION('',(-0.600263716096395,-0.636768944675928,0.483951218858318));
#4456=DIRECTION('',(-0.43301270189222,-0.25,0.866025403784439));
#4457=DIRECTION('',(-0.75,-0.433012701892219,-0.5));
#4458=DIRECTION('',(0.5,-0.866025403784439,0.));
#4459=DIRECTION('',(-0.75,-0.433012701892219,-0.5));
#4460=DIRECTION('',(-0.600263716096395,-0.636768944675928,-0.483951218858318));
#4461=DIRECTION('',(-0.866025403784439,-0.5,0.));
#4462=DIRECTION('',(0.,0.,-1.));
#4463=DIRECTION('',(0.5,-0.866025403784439,0.));
#4464=DIRECTION('',(0.,0.,-1.));
#4465=DIRECTION('',(0.,0.,-1.));
#4466=DIRECTION('',(-0.43301270189222,-0.25,-0.866025403784439));
#4467=DIRECTION('',(0.75,0.433012701892219,-0.5));
#4468=DIRECTION('',(0.75,0.433012701892219,-0.5));
#4469=DIRECTION('',(0.600263716096395,0.636768944675928,-0.483951218858318));
#4470=DIRECTION('',(0.5,-0.866025403784439,0.));
#4471=DIRECTION('',(0.866025403784439,0.5,0.));
#4472=DIRECTION('',(0.5,-0.866025403784439,0.));
#4473=DIRECTION('',(0.,0.,-1.));
#4474=DIRECTION('',(0.43301270189222,0.25,-0.866025403784439));
#4475=DIRECTION('',(0.75,0.433012701892219,0.5));
#4476=DIRECTION('',(0.600263716096395,0.636768944675928,0.483951218858318));
#4477=DIRECTION('',(0.5,-0.866025403784439,0.));
#4478=DIRECTION('',(0.75,0.433012701892219,0.5));
#4479=DIRECTION('',(0.5,-0.866025403784439,0.));
#4480=DIRECTION('',(0.866025403784439,0.5,0.));
#4481=DIRECTION('',(0.,0.,1.));
#4482=DIRECTION('',(0.,0.,1.));
#4483=DIRECTION('',(0.5,-0.866025403784439,0.));
#4484=DIRECTION('',(0.,0.,1.));
#4485=DIRECTION('',(0.43301270189222,0.25,0.866025403784438));
#4486=DIRECTION('',(-0.75,-0.433012701892219,0.5));
#4487=DIRECTION('',(-0.600263716096394,-0.636768944675928,0.483951218858319));
#4488=DIRECTION('',(0.5,-0.866025403784439,0.));
#4489=DIRECTION('',(-0.75,-0.433012701892219,0.5));
#4490=DIRECTION('',(-0.43301270189222,-0.25,0.866025403784439));
#4491=DIRECTION('',(-0.75,-0.433012701892219,-0.5));
#4492=DIRECTION('',(-0.600263716096395,-0.636768944675928,-0.483951218858318));
#4493=DIRECTION('',(0.5,-0.866025403784439,0.));
#4494=DIRECTION('',(-0.75,-0.433012701892219,-0.5));
#4495=DIRECTION('',(-0.866025403784439,-0.5,0.));
#4496=DIRECTION('',(0.,0.,-1.));
#4497=DIRECTION('',(0.,0.,-1.));
#4498=DIRECTION('',(0.5,-0.866025403784439,0.));
#4499=DIRECTION('',(0.,0.,-1.));
#4500=DIRECTION('',(-0.43301270189222,-0.25,-0.866025403784438));
#4501=DIRECTION('',(0.75,0.433012701892219,-0.5));
#4502=DIRECTION('',(0.600263716096395,0.636768944675928,-0.483951218858318));
#4503=DIRECTION('',(0.75,0.433012701892219,-0.5));
#4504=DIRECTION('',(0.5,-0.866025403784439,0.));
#4505=DIRECTION('',(0.866025403784439,0.5,0.));
#4506=DIRECTION('',(0.5,-0.866025403784439,0.));
#4507=DIRECTION('',(0.,0.,-1.));
#4508=DIRECTION('',(-0.5,0.866025403784439,0.));
#4509=DIRECTION('',(0.,0.,1.));
#4510=DIRECTION('',(-0.5,0.866025403784439,0.));
#4511=DIRECTION('',(0.,0.,-1.));
#4512=DIRECTION('',(0.230214045559271,-0.973140017277696,0.));
#4513=DIRECTION('',(-0.973140017277696,-0.230214045559271,0.));
#4514=DIRECTION('',(0.5,-0.866025403784439,0.));
#4515=DIRECTION('',(0.866025403784439,0.5,0.));
#4516=DIRECTION('',(-0.5,0.866025403784439,0.));
#4517=DIRECTION('',(0.,0.,-1.));
#4518=DIRECTION('',(-0.5,0.866025403784439,0.));
#4519=DIRECTION('',(0.,0.,1.));
#4520=DIRECTION('',(0.5,-0.866025403784439,0.));
#4521=DIRECTION('',(0.,0.,-1.));
#4522=DIRECTION('',(0.230214045559271,-0.973140017277696,0.));
#4523=DIRECTION('',(-0.973140017277696,-0.230214045559271,0.));
#4524=DIRECTION('',(0.5,-0.866025403784439,0.));
#4525=DIRECTION('',(0.866025403784439,0.5,0.));
#4526=DIRECTION('',(0.5,-0.866025403784439,0.));
#4527=DIRECTION('',(0.,0.,-1.));
#4528=DIRECTION('',(0.5,-0.866025403784439,0.));
#4529=DIRECTION('',(0.,0.,-1.));
#4530=DIRECTION('',(-0.5,0.866025403784439,0.));
#4531=DIRECTION('',(0.,0.,1.));
#4532=DIRECTION('',(0.5,-0.866025403784439,0.));
#4533=DIRECTION('',(0.,0.,-1.));
#4534=DIRECTION('',(-0.5,0.866025403784439,0.));
#4535=DIRECTION('',(0.,0.,1.));
#4536=DIRECTION('',(0.5,-0.866025403784439,0.));
#4537=DIRECTION('',(0.,0.,-1.));
#4538=DIRECTION('',(0.5,-0.866025403784439,0.));
#4539=DIRECTION('',(0.,0.,-1.));
#4540=DIRECTION('',(0.5,-0.866025403784439,0.));
#4541=DIRECTION('',(0.,0.,-1.));
#4542=DIRECTION('',(0.5,-0.866025403784439,0.));
#4543=DIRECTION('',(0.,0.,-1.));
#4544=DIRECTION('',(0.43301270189222,-0.25,-0.866025403784438));
#4545=DIRECTION('',(0.75,-0.43301270189222,0.5));
#4546=DIRECTION('',(-0.5,-0.866025403784438,0.));
#4547=DIRECTION('',(0.75,-0.43301270189222,0.5));
#4548=DIRECTION('',(-0.5,-0.866025403784438,0.));
#4549=DIRECTION('',(0.851589940478559,-0.201459154771564,0.483951218858318));
#4550=DIRECTION('',(0.866025403784438,-0.5,0.));
#4551=DIRECTION('',(0.,0.,1.));
#4552=DIRECTION('',(-0.5,-0.866025403784438,0.));
#4553=DIRECTION('',(0.,0.,1.));
#4554=DIRECTION('',(0.,0.,1.));
#4555=DIRECTION('',(0.433012701892219,-0.25,0.866025403784439));
#4556=DIRECTION('',(-0.75,0.43301270189222,0.5));
#4557=DIRECTION('',(-0.5,-0.866025403784438,0.));
#4558=DIRECTION('',(-0.75,0.43301270189222,0.5));
#4559=DIRECTION('',(-0.851589940478559,0.201459154771564,0.483951218858318));
#4560=DIRECTION('',(-0.43301270189222,0.25,0.866025403784439));
#4561=DIRECTION('',(-0.75,0.43301270189222,-0.5));
#4562=DIRECTION('',(-0.5,-0.866025403784438,0.));
#4563=DIRECTION('',(-0.75,0.43301270189222,-0.5));
#4564=DIRECTION('',(-0.851589940478559,0.201459154771564,-0.483951218858318));
#4565=DIRECTION('',(-0.866025403784438,0.5,0.));
#4566=DIRECTION('',(0.,0.,-1.));
#4567=DIRECTION('',(-0.5,-0.866025403784438,0.));
#4568=DIRECTION('',(0.,0.,-1.));
#4569=DIRECTION('',(0.,0.,-1.));
#4570=DIRECTION('',(-0.43301270189222,0.25,-0.866025403784439));
#4571=DIRECTION('',(0.75,-0.43301270189222,-0.5));
#4572=DIRECTION('',(0.75,-0.43301270189222,-0.5));
#4573=DIRECTION('',(0.851589940478559,-0.201459154771564,-0.483951218858318));
#4574=DIRECTION('',(-0.5,-0.866025403784438,0.));
#4575=DIRECTION('',(0.866025403784438,-0.5,0.));
#4576=DIRECTION('',(-0.5,-0.866025403784438,0.));
#4577=DIRECTION('',(0.,0.,-1.));
#4578=DIRECTION('',(0.43301270189222,-0.25,-0.866025403784439));
#4579=DIRECTION('',(0.75,-0.43301270189222,0.5));
#4580=DIRECTION('',(0.851589940478559,-0.201459154771564,0.483951218858318));
#4581=DIRECTION('',(-0.5,-0.866025403784438,0.));
#4582=DIRECTION('',(0.75,-0.43301270189222,0.5));
#4583=DIRECTION('',(-0.5,-0.866025403784438,0.));
#4584=DIRECTION('',(0.866025403784438,-0.5,0.));
#4585=DIRECTION('',(0.,0.,1.));
#4586=DIRECTION('',(0.,0.,1.));
#4587=DIRECTION('',(-0.5,-0.866025403784438,0.));
#4588=DIRECTION('',(0.,0.,1.));
#4589=DIRECTION('',(0.43301270189222,-0.25,0.866025403784438));
#4590=DIRECTION('',(-0.75,0.43301270189222,0.5));
#4591=DIRECTION('',(-0.851589940478559,0.201459154771564,0.483951218858319));
#4592=DIRECTION('',(-0.5,-0.866025403784438,0.));
#4593=DIRECTION('',(-0.75,0.43301270189222,0.5));
#4594=DIRECTION('',(-0.433012701892219,0.25,0.866025403784439));
#4595=DIRECTION('',(-0.75,0.43301270189222,-0.5));
#4596=DIRECTION('',(-0.851589940478559,0.201459154771564,-0.483951218858318));
#4597=DIRECTION('',(-0.5,-0.866025403784438,0.));
#4598=DIRECTION('',(-0.75,0.43301270189222,-0.5));
#4599=DIRECTION('',(-0.866025403784438,0.5,0.));
#4600=DIRECTION('',(0.,0.,-1.));
#4601=DIRECTION('',(0.,0.,-1.));
#4602=DIRECTION('',(-0.5,-0.866025403784438,0.));
#4603=DIRECTION('',(0.,0.,-1.));
#4604=DIRECTION('',(-0.43301270189222,0.25,-0.866025403784438));
#4605=DIRECTION('',(0.75,-0.43301270189222,-0.5));
#4606=DIRECTION('',(0.851589940478559,-0.201459154771564,-0.483951218858318));
#4607=DIRECTION('',(0.75,-0.43301270189222,-0.5));
#4608=DIRECTION('',(-0.5,-0.866025403784438,0.));
#4609=DIRECTION('',(0.866025403784438,-0.5,0.));
#4610=DIRECTION('',(-0.5,-0.866025403784438,0.));
#4611=DIRECTION('',(0.,0.,-1.));
#4612=DIRECTION('',(0.5,0.866025403784438,0.));
#4613=DIRECTION('',(0.,0.,1.));
#4614=DIRECTION('',(0.5,0.866025403784438,0.));
#4615=DIRECTION('',(0.,0.,-1.));
#4616=DIRECTION('',(-0.727656953622076,-0.685941220401165,0.));
#4617=DIRECTION('',(-0.685941220401165,0.727656953622076,0.));
#4618=DIRECTION('',(-0.5,-0.866025403784438,0.));
#4619=DIRECTION('',(0.866025403784438,-0.5,0.));
#4620=DIRECTION('',(0.5,0.866025403784438,0.));
#4621=DIRECTION('',(0.,0.,-1.));
#4622=DIRECTION('',(0.5,0.866025403784438,0.));
#4623=DIRECTION('',(0.,0.,1.));
#4624=DIRECTION('',(-0.5,-0.866025403784438,0.));
#4625=DIRECTION('',(0.,0.,-1.));
#4626=DIRECTION('',(-0.727656953622076,-0.685941220401165,0.));
#4627=DIRECTION('',(-0.685941220401165,0.727656953622076,0.));
#4628=DIRECTION('',(-0.5,-0.866025403784438,0.));
#4629=DIRECTION('',(0.866025403784438,-0.5,0.));
#4630=DIRECTION('',(-0.5,-0.866025403784438,0.));
#4631=DIRECTION('',(0.,0.,-1.));
#4632=DIRECTION('',(-0.5,-0.866025403784438,0.));
#4633=DIRECTION('',(0.,0.,-1.));
#4634=DIRECTION('',(0.5,0.866025403784438,0.));
#4635=DIRECTION('',(0.,0.,1.));
#4636=DIRECTION('',(-0.5,-0.866025403784438,0.));
#4637=DIRECTION('',(0.,0.,-1.));
#4638=DIRECTION('',(0.5,0.866025403784438,0.));
#4639=DIRECTION('',(0.,0.,1.));
#4640=DIRECTION('',(-0.5,-0.866025403784438,0.));
#4641=DIRECTION('',(0.,0.,-1.));
#4642=DIRECTION('',(-0.5,-0.866025403784438,0.));
#4643=DIRECTION('',(0.,0.,-1.));
#4644=DIRECTION('',(-0.5,-0.866025403784438,0.));
#4645=DIRECTION('',(0.,0.,-1.));
#4646=DIRECTION('',(-0.5,-0.866025403784438,0.));
#4647=DIRECTION('',(0.,0.,-1.));
#4648=DIRECTION('',(-6.12323399573677E-17,-0.5,-0.866025403784438));
#4649=DIRECTION('',(-1.06057523872491E-16,-0.866025403784439,0.5));
#4650=DIRECTION('',(-1.,1.22464679914735E-16,0.));
#4651=DIRECTION('',(-1.06057523872491E-16,-0.866025403784439,0.5));
#4652=DIRECTION('',(-1.,1.22464679914735E-16,0.));
#4653=DIRECTION('',(0.251326224382165,-0.838228099447492,0.483951218858318));
#4654=DIRECTION('',(-1.22464679914735E-16,-1.,0.));
#4655=DIRECTION('',(0.,0.,1.));
#4656=DIRECTION('',(-1.,1.22464679914735E-16,0.));
#4657=DIRECTION('',(0.,0.,1.));
#4658=DIRECTION('',(0.,0.,1.));
#4659=DIRECTION('',(-6.12323399573676E-17,-0.5,0.866025403784439));
#4660=DIRECTION('',(1.06057523872491E-16,0.866025403784439,0.5));
#4661=DIRECTION('',(-1.,1.22464679914735E-16,0.));
#4662=DIRECTION('',(1.06057523872491E-16,0.866025403784439,0.5));
#4663=DIRECTION('',(-0.251326224382165,0.838228099447492,0.483951218858318));
#4664=DIRECTION('',(6.12323399573677E-17,0.5,0.866025403784439));
#4665=DIRECTION('',(1.06057523872491E-16,0.866025403784439,-0.5));
#4666=DIRECTION('',(-1.,1.22464679914735E-16,0.));
#4667=DIRECTION('',(1.06057523872491E-16,0.866025403784439,-0.5));
#4668=DIRECTION('',(-0.251326224382165,0.838228099447492,-0.483951218858318));
#4669=DIRECTION('',(1.22464679914735E-16,1.,0.));
#4670=DIRECTION('',(0.,0.,-1.));
#4671=DIRECTION('',(-1.,1.22464679914735E-16,0.));
#4672=DIRECTION('',(0.,0.,-1.));
#4673=DIRECTION('',(0.,0.,-1.));
#4674=DIRECTION('',(6.12323399573677E-17,0.5,-0.866025403784439));
#4675=DIRECTION('',(-1.06057523872491E-16,-0.866025403784439,-0.5));
#4676=DIRECTION('',(-1.06057523872491E-16,-0.866025403784439,-0.5));
#4677=DIRECTION('',(0.251326224382165,-0.838228099447492,-0.483951218858318));
#4678=DIRECTION('',(-1.,1.22464679914735E-16,0.));
#4679=DIRECTION('',(-1.22464679914735E-16,-1.,0.));
#4680=DIRECTION('',(-1.,1.22464679914735E-16,0.));
#4681=DIRECTION('',(0.,0.,-1.));
#4682=DIRECTION('',(-6.12323399573677E-17,-0.5,-0.866025403784439));
#4683=DIRECTION('',(-1.06057523872491E-16,-0.866025403784439,0.5));
#4684=DIRECTION('',(0.251326224382165,-0.838228099447492,0.483951218858318));
#4685=DIRECTION('',(-1.,1.22464679914735E-16,0.));
#4686=DIRECTION('',(-1.06057523872491E-16,-0.866025403784439,0.5));
#4687=DIRECTION('',(-1.,1.22464679914735E-16,0.));
#4688=DIRECTION('',(-1.22464679914735E-16,-1.,0.));
#4689=DIRECTION('',(0.,0.,1.));
#4690=DIRECTION('',(0.,0.,1.));
#4691=DIRECTION('',(-1.,1.22464679914735E-16,0.));
#4692=DIRECTION('',(0.,0.,1.));
#4693=DIRECTION('',(-6.12323399573678E-17,-0.5,0.866025403784438));
#4694=DIRECTION('',(1.06057523872491E-16,0.866025403784438,0.5));
#4695=DIRECTION('',(-0.251326224382165,0.838228099447491,0.483951218858319));
#4696=DIRECTION('',(-1.,1.22464679914735E-16,0.));
#4697=DIRECTION('',(1.06057523872491E-16,0.866025403784438,0.5));
#4698=DIRECTION('',(6.12323399573676E-17,0.5,0.866025403784439));
#4699=DIRECTION('',(1.06057523872491E-16,0.866025403784439,-0.5));
#4700=DIRECTION('',(-0.251326224382165,0.838228099447492,-0.483951218858318));
#4701=DIRECTION('',(-1.,1.22464679914735E-16,0.));
#4702=DIRECTION('',(1.06057523872491E-16,0.866025403784439,-0.5));
#4703=DIRECTION('',(1.22464679914735E-16,1.,0.));
#4704=DIRECTION('',(0.,0.,-1.));
#4705=DIRECTION('',(0.,0.,-1.));
#4706=DIRECTION('',(-1.,1.22464679914735E-16,0.));
#4707=DIRECTION('',(0.,0.,-1.));
#4708=DIRECTION('',(6.12323399573677E-17,0.5,-0.866025403784438));
#4709=DIRECTION('',(-1.06057523872491E-16,-0.866025403784439,-0.5));
#4710=DIRECTION('',(0.251326224382165,-0.838228099447492,-0.483951218858318));
#4711=DIRECTION('',(-1.06057523872491E-16,-0.866025403784439,-0.5));
#4712=DIRECTION('',(-1.,1.22464679914735E-16,0.));
#4713=DIRECTION('',(-1.22464679914735E-16,-1.,0.));
#4714=DIRECTION('',(-1.,1.22464679914735E-16,0.));
#4715=DIRECTION('',(0.,0.,-1.));
#4716=DIRECTION('',(1.,-1.22464679914735E-16,0.));
#4717=DIRECTION('',(0.,0.,1.));
#4718=DIRECTION('',(1.,-1.22464679914735E-16,0.));
#4719=DIRECTION('',(0.,0.,-1.));
#4720=DIRECTION('',(-0.957870999181348,0.28719879687653,0.));
#4721=DIRECTION('',(0.28719879687653,0.957870999181348,0.));
#4722=DIRECTION('',(-1.,1.22464679914735E-16,0.));
#4723=DIRECTION('',(-1.22464679914735E-16,-1.,0.));
#4724=DIRECTION('',(1.,-1.22464679914735E-16,0.));
#4725=DIRECTION('',(0.,0.,-1.));
#4726=DIRECTION('',(1.,-1.22464679914735E-16,0.));
#4727=DIRECTION('',(0.,0.,1.));
#4728=DIRECTION('',(-1.,1.22464679914735E-16,0.));
#4729=DIRECTION('',(0.,0.,-1.));
#4730=DIRECTION('',(-0.957870999181348,0.28719879687653,0.));
#4731=DIRECTION('',(0.28719879687653,0.957870999181348,0.));
#4732=DIRECTION('',(-1.,1.22464679914735E-16,0.));
#4733=DIRECTION('',(-1.22464679914735E-16,-1.,0.));
#4734=DIRECTION('',(-1.,1.22464679914735E-16,0.));
#4735=DIRECTION('',(0.,0.,-1.));
#4736=DIRECTION('',(-1.,1.22464679914735E-16,0.));
#4737=DIRECTION('',(0.,0.,-1.));
#4738=DIRECTION('',(1.,-1.22464679914735E-16,0.));
#4739=DIRECTION('',(0.,0.,1.));
#4740=DIRECTION('',(-1.,1.22464679914735E-16,0.));
#4741=DIRECTION('',(0.,0.,-1.));
#4742=DIRECTION('',(1.,-1.22464679914735E-16,0.));
#4743=DIRECTION('',(0.,0.,1.));
#4744=DIRECTION('',(-1.,1.22464679914735E-16,0.));
#4745=DIRECTION('',(0.,0.,-1.));
#4746=DIRECTION('',(-1.,1.22464679914735E-16,0.));
#4747=DIRECTION('',(0.,0.,-1.));
#4748=DIRECTION('',(-1.,1.22464679914735E-16,0.));
#4749=DIRECTION('',(0.,0.,-1.));
#4750=DIRECTION('',(-1.,1.22464679914735E-16,0.));
#4751=DIRECTION('',(0.,0.,-1.));
#4752=DIRECTION('',(-0.43301270189222,-0.25,-0.866025403784438));
#4753=DIRECTION('',(-0.75,-0.433012701892219,0.5));
#4754=DIRECTION('',(-0.5,0.866025403784439,0.));
#4755=DIRECTION('',(-0.75,-0.433012701892219,0.5));
#4756=DIRECTION('',(-0.5,0.866025403784439,0.));
#4757=DIRECTION('',(-0.600263716096394,-0.636768944675929,0.483951218858318));
#4758=DIRECTION('',(-0.866025403784439,-0.5,0.));
#4759=DIRECTION('',(0.,0.,1.));
#4760=DIRECTION('',(-0.5,0.866025403784439,0.));
#4761=DIRECTION('',(0.,0.,1.));
#4762=DIRECTION('',(0.,0.,1.));
#4763=DIRECTION('',(-0.433012701892219,-0.25,0.866025403784439));
#4764=DIRECTION('',(0.75,0.43301270189222,0.5));
#4765=DIRECTION('',(-0.5,0.866025403784439,0.));
#4766=DIRECTION('',(0.75,0.433012701892219,0.5));
#4767=DIRECTION('',(0.600263716096395,0.636768944675929,0.483951218858318));
#4768=DIRECTION('',(0.43301270189222,0.25,0.866025403784439));
#4769=DIRECTION('',(0.75,0.433012701892219,-0.5));
#4770=DIRECTION('',(-0.5,0.866025403784439,0.));
#4771=DIRECTION('',(0.75,0.433012701892219,-0.5));
#4772=DIRECTION('',(0.600263716096394,0.636768944675929,-0.483951218858318));
#4773=DIRECTION('',(0.866025403784439,0.5,0.));
#4774=DIRECTION('',(0.,0.,-1.));
#4775=DIRECTION('',(-0.5,0.866025403784439,0.));
#4776=DIRECTION('',(0.,0.,-1.));
#4777=DIRECTION('',(0.,0.,-1.));
#4778=DIRECTION('',(0.43301270189222,0.25,-0.866025403784439));
#4779=DIRECTION('',(-0.75,-0.433012701892219,-0.5));
#4780=DIRECTION('',(-0.75,-0.433012701892219,-0.5));
#4781=DIRECTION('',(-0.600263716096394,-0.636768944675929,-0.483951218858318));
#4782=DIRECTION('',(-0.5,0.866025403784439,0.));
#4783=DIRECTION('',(-0.866025403784439,-0.5,0.));
#4784=DIRECTION('',(-0.5,0.866025403784439,0.));
#4785=DIRECTION('',(0.,0.,-1.));
#4786=DIRECTION('',(-0.43301270189222,-0.25,-0.866025403784439));
#4787=DIRECTION('',(-0.75,-0.433012701892219,0.5));
#4788=DIRECTION('',(-0.600263716096394,-0.636768944675929,0.483951218858318));
#4789=DIRECTION('',(-0.5,0.866025403784439,0.));
#4790=DIRECTION('',(-0.75,-0.433012701892219,0.5));
#4791=DIRECTION('',(-0.5,0.866025403784439,0.));
#4792=DIRECTION('',(-0.866025403784439,-0.5,0.));
#4793=DIRECTION('',(0.,0.,1.));
#4794=DIRECTION('',(0.,0.,1.));
#4795=DIRECTION('',(-0.5,0.866025403784439,0.));
#4796=DIRECTION('',(0.,0.,1.));
#4797=DIRECTION('',(-0.43301270189222,-0.25,0.866025403784438));
#4798=DIRECTION('',(0.75,0.433012701892219,0.5));
#4799=DIRECTION('',(0.600263716096394,0.636768944675928,0.483951218858319));
#4800=DIRECTION('',(-0.5,0.866025403784439,0.));
#4801=DIRECTION('',(0.75,0.433012701892219,0.5));
#4802=DIRECTION('',(0.433012701892219,0.25,0.866025403784439));
#4803=DIRECTION('',(0.75,0.43301270189222,-0.5));
#4804=DIRECTION('',(0.600263716096394,0.636768944675929,-0.483951218858318));
#4805=DIRECTION('',(-0.5,0.866025403784439,0.));
#4806=DIRECTION('',(0.75,0.433012701892219,-0.5));
#4807=DIRECTION('',(0.866025403784439,0.5,0.));
#4808=DIRECTION('',(0.,0.,-1.));
#4809=DIRECTION('',(0.,0.,-1.));
#4810=DIRECTION('',(-0.5,0.866025403784439,0.));
#4811=DIRECTION('',(0.,0.,-1.));
#4812=DIRECTION('',(0.43301270189222,0.25,-0.866025403784438));
#4813=DIRECTION('',(-0.75,-0.433012701892219,-0.5));
#4814=DIRECTION('',(-0.600263716096394,-0.636768944675929,-0.483951218858318));
#4815=DIRECTION('',(-0.75,-0.433012701892219,-0.5));
#4816=DIRECTION('',(-0.5,0.866025403784439,0.));
#4817=DIRECTION('',(-0.866025403784439,-0.5,0.));
#4818=DIRECTION('',(-0.5,0.866025403784439,0.));
#4819=DIRECTION('',(0.,0.,-1.));
#4820=DIRECTION('',(0.5,-0.866025403784439,0.));
#4821=DIRECTION('',(0.,0.,1.));
#4822=DIRECTION('',(0.5,-0.866025403784439,0.));
#4823=DIRECTION('',(0.,0.,-1.));
#4824=DIRECTION('',(-0.230214045559272,0.973140017277696,0.));
#4825=DIRECTION('',(0.973140017277696,0.230214045559272,0.));
#4826=DIRECTION('',(-0.5,0.866025403784439,0.));
#4827=DIRECTION('',(-0.866025403784439,-0.5,0.));
#4828=DIRECTION('',(0.5,-0.866025403784439,0.));
#4829=DIRECTION('',(0.,0.,-1.));
#4830=DIRECTION('',(0.5,-0.866025403784439,0.));
#4831=DIRECTION('',(0.,0.,1.));
#4832=DIRECTION('',(-0.5,0.866025403784439,0.));
#4833=DIRECTION('',(0.,0.,-1.));
#4834=DIRECTION('',(-0.230214045559272,0.973140017277696,0.));
#4835=DIRECTION('',(0.973140017277696,0.230214045559272,0.));
#4836=DIRECTION('',(-0.5,0.866025403784439,0.));
#4837=DIRECTION('',(-0.866025403784439,-0.5,0.));
#4838=DIRECTION('',(-0.5,0.866025403784439,0.));
#4839=DIRECTION('',(0.,0.,-1.));
#4840=DIRECTION('',(-0.5,0.866025403784439,0.));
#4841=DIRECTION('',(0.,0.,-1.));
#4842=DIRECTION('',(0.5,-0.866025403784439,0.));
#4843=DIRECTION('',(0.,0.,1.));
#4844=DIRECTION('',(-0.5,0.866025403784439,0.));
#4845=DIRECTION('',(0.,0.,-1.));
#4846=DIRECTION('',(0.5,-0.866025403784439,0.));
#4847=DIRECTION('',(0.,0.,1.));
#4848=DIRECTION('',(-0.5,0.866025403784439,0.));
#4849=DIRECTION('',(0.,0.,-1.));
#4850=DIRECTION('',(-0.5,0.866025403784439,0.));
#4851=DIRECTION('',(0.,0.,-1.));
#4852=DIRECTION('',(-0.5,0.866025403784439,0.));
#4853=DIRECTION('',(0.,0.,-1.));
#4854=DIRECTION('',(-0.5,0.866025403784439,0.));
#4855=DIRECTION('',(0.,0.,-1.));
#4856=DIRECTION('',(-0.43301270189222,0.25,-0.866025403784438));
#4857=DIRECTION('',(-0.75,0.43301270189222,0.5));
#4858=DIRECTION('',(0.5,0.866025403784439,0.));
#4859=DIRECTION('',(-0.75,0.43301270189222,0.5));
#4860=DIRECTION('',(0.5,0.866025403784439,0.));
#4861=DIRECTION('',(-0.851589940478559,0.201459154771563,0.483951218858318));
#4862=DIRECTION('',(-0.866025403784439,0.5,0.));
#4863=DIRECTION('',(0.,0.,1.));
#4864=DIRECTION('',(0.5,0.866025403784439,0.));
#4865=DIRECTION('',(0.,0.,1.));
#4866=DIRECTION('',(0.,0.,1.));
#4867=DIRECTION('',(-0.433012701892219,0.25,0.866025403784439));
#4868=DIRECTION('',(0.75,-0.43301270189222,0.5));
#4869=DIRECTION('',(0.5,0.866025403784439,0.));
#4870=DIRECTION('',(0.75,-0.43301270189222,0.5));
#4871=DIRECTION('',(0.851589940478559,-0.201459154771564,0.483951218858318));
#4872=DIRECTION('',(0.43301270189222,-0.25,0.866025403784439));
#4873=DIRECTION('',(0.75,-0.43301270189222,-0.5));
#4874=DIRECTION('',(0.5,0.866025403784439,0.));
#4875=DIRECTION('',(0.75,-0.43301270189222,-0.5));
#4876=DIRECTION('',(0.851589940478559,-0.201459154771563,-0.483951218858318));
#4877=DIRECTION('',(0.866025403784439,-0.5,0.));
#4878=DIRECTION('',(0.,0.,-1.));
#4879=DIRECTION('',(0.5,0.866025403784439,0.));
#4880=DIRECTION('',(0.,0.,-1.));
#4881=DIRECTION('',(0.,0.,-1.));
#4882=DIRECTION('',(0.43301270189222,-0.25,-0.866025403784439));
#4883=DIRECTION('',(-0.75,0.43301270189222,-0.5));
#4884=DIRECTION('',(-0.75,0.43301270189222,-0.5));
#4885=DIRECTION('',(-0.851589940478559,0.201459154771563,-0.483951218858318));
#4886=DIRECTION('',(0.5,0.866025403784439,0.));
#4887=DIRECTION('',(-0.866025403784439,0.5,0.));
#4888=DIRECTION('',(0.5,0.866025403784439,0.));
#4889=DIRECTION('',(0.,0.,-1.));
#4890=DIRECTION('',(-0.43301270189222,0.25,-0.866025403784439));
#4891=DIRECTION('',(-0.75,0.43301270189222,0.5));
#4892=DIRECTION('',(-0.851589940478559,0.201459154771563,0.483951218858318));
#4893=DIRECTION('',(0.5,0.866025403784439,0.));
#4894=DIRECTION('',(-0.75,0.43301270189222,0.5));
#4895=DIRECTION('',(0.5,0.866025403784439,0.));
#4896=DIRECTION('',(-0.866025403784439,0.5,0.));
#4897=DIRECTION('',(0.,0.,1.));
#4898=DIRECTION('',(0.,0.,1.));
#4899=DIRECTION('',(0.5,0.866025403784439,0.));
#4900=DIRECTION('',(0.,0.,1.));
#4901=DIRECTION('',(-0.43301270189222,0.25,0.866025403784438));
#4902=DIRECTION('',(0.75,-0.43301270189222,0.5));
#4903=DIRECTION('',(0.851589940478559,-0.201459154771563,0.483951218858319));
#4904=DIRECTION('',(0.5,0.866025403784439,0.));
#4905=DIRECTION('',(0.75,-0.43301270189222,0.5));
#4906=DIRECTION('',(0.433012701892219,-0.25,0.866025403784439));
#4907=DIRECTION('',(0.75,-0.43301270189222,-0.5));
#4908=DIRECTION('',(0.851589940478559,-0.201459154771563,-0.483951218858318));
#4909=DIRECTION('',(0.5,0.866025403784439,0.));
#4910=DIRECTION('',(0.75,-0.43301270189222,-0.5));
#4911=DIRECTION('',(0.866025403784439,-0.5,0.));
#4912=DIRECTION('',(0.,0.,-1.));
#4913=DIRECTION('',(0.,0.,-1.));
#4914=DIRECTION('',(0.5,0.866025403784439,0.));
#4915=DIRECTION('',(0.,0.,-1.));
#4916=DIRECTION('',(0.43301270189222,-0.25,-0.866025403784438));
#4917=DIRECTION('',(-0.75,0.43301270189222,-0.5));
#4918=DIRECTION('',(-0.851589940478559,0.201459154771563,-0.483951218858318));
#4919=DIRECTION('',(-0.75,0.43301270189222,-0.5));
#4920=DIRECTION('',(0.5,0.866025403784439,0.));
#4921=DIRECTION('',(-0.866025403784439,0.5,0.));
#4922=DIRECTION('',(0.5,0.866025403784439,0.));
#4923=DIRECTION('',(0.,0.,-1.));
#4924=DIRECTION('',(-0.5,-0.866025403784439,0.));
#4925=DIRECTION('',(0.,0.,1.));
#4926=DIRECTION('',(-0.5,-0.866025403784439,0.));
#4927=DIRECTION('',(0.,0.,-1.));
#4928=DIRECTION('',(0.727656953622076,0.685941220401166,0.));
#4929=DIRECTION('',(0.685941220401166,-0.727656953622076,0.));
#4930=DIRECTION('',(0.5,0.866025403784439,0.));
#4931=DIRECTION('',(-0.866025403784439,0.5,0.));
#4932=DIRECTION('',(-0.5,-0.866025403784439,0.));
#4933=DIRECTION('',(0.,0.,-1.));
#4934=DIRECTION('',(-0.5,-0.866025403784439,0.));
#4935=DIRECTION('',(0.,0.,1.));
#4936=DIRECTION('',(0.5,0.866025403784439,0.));
#4937=DIRECTION('',(0.,0.,-1.));
#4938=DIRECTION('',(0.727656953622076,0.685941220401166,0.));
#4939=DIRECTION('',(0.685941220401166,-0.727656953622076,0.));
#4940=DIRECTION('',(0.5,0.866025403784439,0.));
#4941=DIRECTION('',(-0.866025403784439,0.5,0.));
#4942=DIRECTION('',(0.5,0.866025403784439,0.));
#4943=DIRECTION('',(0.,0.,-1.));
#4944=DIRECTION('',(0.5,0.866025403784439,0.));
#4945=DIRECTION('',(0.,0.,-1.));
#4946=DIRECTION('',(-0.5,-0.866025403784439,0.));
#4947=DIRECTION('',(0.,0.,1.));
#4948=DIRECTION('',(0.5,0.866025403784439,0.));
#4949=DIRECTION('',(0.,0.,-1.));
#4950=DIRECTION('',(-0.5,-0.866025403784439,0.));
#4951=DIRECTION('',(0.,0.,1.));
#4952=DIRECTION('',(0.5,0.866025403784439,0.));
#4953=DIRECTION('',(0.,0.,-1.));
#4954=DIRECTION('',(0.5,0.866025403784439,0.));
#4955=DIRECTION('',(0.,0.,-1.));
#4956=DIRECTION('',(0.5,0.866025403784439,0.));
#4957=DIRECTION('',(0.,0.,-1.));
#4958=DIRECTION('',(0.5,0.866025403784439,0.));
#4959=DIRECTION('',(0.,0.,-1.));
#4960=DIRECTION('',(0.957870999181348,0.28719879687653,0.));
#4961=DIRECTION('',(-0.28719879687653,0.957870999181348,0.));
#4962=DIRECTION('',(-0.251326224382165,0.838228099447492,0.483951218858318));
#4963=DIRECTION('',(-0.251326224382165,0.838228099447492,-0.483951218858318));
#4964=DIRECTION('',(0.,0.,-1.));
#4965=DIRECTION('',(0.251326224382165,-0.838228099447492,-0.483951218858318));
#4966=DIRECTION('',(0.251326224382165,-0.838228099447491,0.483951218858319));
#4967=DIRECTION('',(0.,0.,1.));
#4968=DIRECTION('',(0.28719879687653,-0.957870999181348,0.));
#4969=DIRECTION('',(0.,0.,-1.));
#4970=DIRECTION('',(0.28719879687653,-0.957870999181348,0.));
#4971=DIRECTION('',(0.,0.,-1.));
#4972=DIRECTION('',(0.,0.,1.));
#4973=DIRECTION('',(-0.251326224382165,0.838228099447492,0.483951218858318));
#4974=DIRECTION('',(-0.251326224382165,0.838228099447492,-0.483951218858318));
#4975=DIRECTION('',(0.,0.,-1.));
#4976=DIRECTION('',(0.251326224382165,-0.838228099447492,-0.483951218858318));
#4977=DIRECTION('',(0.251326224382165,-0.838228099447492,0.483951218858318));
#4978=DIRECTION('',(1.,0.,0.));
#4979=DIRECTION('',(0.,0.,-1.));
#4980=DIRECTION('',(-1.,0.,0.));
#4981=DIRECTION('',(0.,0.,1.));
#4982=DIRECTION('',(1.,0.,0.));
#4983=DIRECTION('',(0.,0.,-1.));
#4984=DIRECTION('',(1.,0.,0.));
#4985=DIRECTION('',(0.,0.,-1.));
#4986=DIRECTION('',(-1.,0.,0.));
#4987=DIRECTION('',(0.,0.,1.));
#4988=DIRECTION('',(1.,0.,0.));
#4989=DIRECTION('',(0.,0.,-1.));
#4990=DIRECTION('',(0.957870999181348,-0.28719879687653,0.));
#4991=DIRECTION('',(0.28719879687653,0.957870999181348,0.));
#4992=DIRECTION('',(-0.28719879687653,-0.957870999181348,0.));
#4993=DIRECTION('',(0.,0.,-1.));
#4994=DIRECTION('',(-0.28719879687653,-0.957870999181348,0.));
#4995=DIRECTION('',(0.,0.,-1.));
#4996=DIRECTION('',(0.957870999181348,-0.28719879687653,0.));
#4997=DIRECTION('',(-0.28719879687653,-0.957870999181348,0.));
#4998=DIRECTION('',(0.957870999181348,-0.28719879687653,0.));
#4999=DIRECTION('',(-0.28719879687653,-0.957870999181348,0.));
#5000=DIRECTION('',(-1.,0.,0.));
#5001=DIRECTION('',(0.,0.,1.));
#5002=DIRECTION('',(0.,1.,0.));
#5003=DIRECTION('',(0.,0.,-1.));
#5004=DIRECTION('',(0.,1.,0.));
#5005=DIRECTION('',(0.,0.,-1.));
#5006=DIRECTION('',(1.,0.,0.));
#5007=DIRECTION('',(0.,0.,-1.));
#5008=DIRECTION('',(1.,0.,0.));
#5009=DIRECTION('',(0.,0.,-1.));
#5010=DIRECTION('',(0.,-1.,0.));
#5011=DIRECTION('',(0.,0.,-1.));
#5012=DIRECTION('',(0.,-1.,0.));
#5013=DIRECTION('',(0.,0.,-1.));
#5014=DIRECTION('',(1.,0.,0.));
#5015=DIRECTION('',(0.,0.,-1.));
#5016=DIRECTION('',(-0.230214045559272,-0.973140017277695,0.));
#5017=DIRECTION('',(0.973140017277695,-0.230214045559272,0.));
#5018=DIRECTION('',(-0.973140017277695,0.230214045559272,0.));
#5019=DIRECTION('',(0.,0.,-1.));
#5020=DIRECTION('',(-0.973140017277695,0.230214045559272,0.));
#5021=DIRECTION('',(0.,0.,-1.));
#5022=DIRECTION('',(0.86602540378444,-0.5,0.));
#5023=DIRECTION('',(0.5,0.86602540378444,0.));
#5024=DIRECTION('',(-0.5,-0.86602540378444,0.));
#5025=DIRECTION('',(0.,0.,-1.));
#5026=DIRECTION('',(-0.5,-0.86602540378444,0.));
#5027=DIRECTION('',(0.5,0.866025403784439,0.));
#5028=DIRECTION('',(-0.866025403784439,0.5,0.));
#5029=DIRECTION('',(0.866025403784439,-0.5,0.));
#5030=DIRECTION('',(0.,0.,-1.));
#5031=DIRECTION('',(0.866025403784439,-0.5,0.));
#5032=DIRECTION('',(0.866025403784439,-0.5,0.));
#5033=DIRECTION('',(0.5,0.866025403784439,0.));
#5034=DIRECTION('',(-0.5,-0.866025403784439,0.));
#5035=DIRECTION('',(0.,0.,-1.));
#5036=DIRECTION('',(-0.5,-0.866025403784439,0.));
#5037=DIRECTION('',(0.,0.,-1.));
#5038=DIRECTION('',(-0.5,-0.866025403784439,0.));
#5039=DIRECTION('',(0.866025403784439,-0.5,0.));
#5040=DIRECTION('',(-0.866025403784438,0.5,0.));
#5041=DIRECTION('',(0.,0.,-1.));
#5042=DIRECTION('',(-0.866025403784438,0.5,0.));
#5043=DIRECTION('',(0.,0.,-1.));
#5044=DIRECTION('',(-0.866025403784438,0.5,0.));
#5045=DIRECTION('',(-0.5,-0.866025403784438,0.));
#5046=DIRECTION('',(0.5,0.866025403784438,0.));
#5047=DIRECTION('',(0.,0.,-1.));
#5048=DIRECTION('',(0.5,0.866025403784438,0.));
#5049=DIRECTION('',(-0.727656953622076,-0.685941220401165,0.));
#5050=DIRECTION('',(0.685941220401165,-0.727656953622076,0.));
#5051=DIRECTION('',(-0.685941220401165,0.727656953622076,0.));
#5052=DIRECTION('',(0.,0.,-1.));
#5053=DIRECTION('',(-0.685941220401165,0.727656953622076,0.));
#5054=DIRECTION('',(0.727656953622076,-0.685941220401165,0.));
#5055=DIRECTION('',(0.685941220401165,0.727656953622076,0.));
#5056=DIRECTION('',(-0.685941220401165,-0.727656953622076,0.));
#5057=DIRECTION('',(0.,0.,-1.));
#5058=DIRECTION('',(-0.685941220401165,-0.727656953622076,0.));
#5059=DIRECTION('',(0.,0.,-1.));
#5060=DIRECTION('',(0.866025403784439,0.5,0.));
#5061=DIRECTION('',(-0.5,0.866025403784439,0.));
#5062=DIRECTION('',(0.5,-0.866025403784439,0.));
#5063=DIRECTION('',(0.,0.,-1.));
#5064=DIRECTION('',(0.5,-0.866025403784439,0.));
#5065=DIRECTION('',(-0.5,0.866025403784439,0.));
#5066=DIRECTION('',(-0.866025403784439,-0.5,0.));
#5067=DIRECTION('',(0.866025403784439,0.5,0.));
#5068=DIRECTION('',(0.,0.,-1.));
#5069=DIRECTION('',(0.866025403784439,0.5,0.));
#5070=DIRECTION('',(0.866025403784439,0.5,0.));
#5071=DIRECTION('',(-0.5,0.866025403784439,0.));
#5072=DIRECTION('',(0.5,-0.866025403784439,0.));
#5073=DIRECTION('',(0.,0.,-1.));
#5074=DIRECTION('',(0.5,-0.866025403784439,0.));
#5075=DIRECTION('',(0.,0.,-1.));
#5076=DIRECTION('',(0.5,-0.866025403784439,0.));
#5077=DIRECTION('',(0.866025403784439,0.5,0.));
#5078=DIRECTION('',(-0.866025403784439,-0.5,0.));
#5079=DIRECTION('',(0.,0.,-1.));
#5080=DIRECTION('',(-0.866025403784439,-0.5,0.));
#5081=DIRECTION('',(0.,0.,-1.));
#5082=DIRECTION('',(-0.866025403784439,-0.5,0.));
#5083=DIRECTION('',(0.5,-0.866025403784439,0.));
#5084=DIRECTION('',(-0.5,0.866025403784439,0.));
#5085=DIRECTION('',(0.,0.,-1.));
#5086=DIRECTION('',(-0.5,0.866025403784439,0.));
#5087=DIRECTION('',(0.230214045559272,-0.973140017277695,0.));
#5088=DIRECTION('',(0.973140017277696,0.230214045559272,0.));
#5089=DIRECTION('',(-0.973140017277696,-0.230214045559272,0.));
#5090=DIRECTION('',(0.,0.,-1.));
#5091=DIRECTION('',(-0.973140017277696,-0.230214045559272,0.));
#5092=DIRECTION('',(0.,1.,0.));
#5093=DIRECTION('',(0.,0.,1.));
#5094=DIRECTION('',(1.,0.,0.));
#5095=DIRECTION('',(1.,0.,0.));
#5096=DIRECTION('',(0.,1.,0.));
#5097=DIRECTION('',(0.,0.,1.));
#5098=DIRECTION('',(1.,0.,0.));
#5099=DIRECTION('',(0.,0.,-1.));
#5100=DIRECTION('',(1.,0.,0.));
#5101=DIRECTION('',(0.,0.,-1.));
#5102=DIRECTION('',(0.,-1.,0.));
#5103=DIRECTION('',(0.,0.,-1.));
#5104=DIRECTION('',(-1.,0.,0.));
#5105=DIRECTION('',(-1.,0.,0.));
#5106=DIRECTION('',(0.230214045559272,0.973140017277695,0.));
#5107=DIRECTION('',(-0.973140017277695,0.230214045559272,0.));
#5108=DIRECTION('',(0.973140017277695,-0.230214045559272,0.));
#5109=DIRECTION('',(0.,0.,-1.));
#5110=DIRECTION('',(0.973140017277695,-0.230214045559272,0.));
#5111=DIRECTION('',(0.,0.,-1.));
#5112=DIRECTION('',(-0.866025403784438,0.5,0.));
#5113=DIRECTION('',(-0.5,-0.866025403784438,0.));
#5114=DIRECTION('',(0.5,0.866025403784438,0.));
#5115=DIRECTION('',(0.,0.,-1.));
#5116=DIRECTION('',(0.5,0.866025403784438,0.));
#5117=DIRECTION('',(-0.5,-0.866025403784439,0.));
#5118=DIRECTION('',(0.866025403784439,-0.5,0.));
#5119=DIRECTION('',(-0.866025403784439,0.5,0.));
#5120=DIRECTION('',(0.,0.,-1.));
#5121=DIRECTION('',(-0.866025403784439,0.5,0.));
#5122=DIRECTION('',(-0.866025403784439,0.5,0.));
#5123=DIRECTION('',(-0.5,-0.866025403784439,0.));
#5124=DIRECTION('',(0.5,0.866025403784439,0.));
#5125=DIRECTION('',(0.,0.,-1.));
#5126=DIRECTION('',(0.5,0.866025403784439,0.));
#5127=DIRECTION('',(0.,0.,-1.));
#5128=DIRECTION('',(0.5,0.866025403784439,0.));
#5129=DIRECTION('',(-0.866025403784439,0.5,0.));
#5130=DIRECTION('',(0.866025403784439,-0.5,0.));
#5131=DIRECTION('',(0.,0.,-1.));
#5132=DIRECTION('',(0.866025403784439,-0.5,0.));
#5133=DIRECTION('',(0.,0.,-1.));
#5134=DIRECTION('',(0.866025403784439,-0.5,0.));
#5135=DIRECTION('',(0.5,0.866025403784439,0.));
#5136=DIRECTION('',(-0.5,-0.866025403784439,0.));
#5137=DIRECTION('',(0.,0.,-1.));
#5138=DIRECTION('',(-0.5,-0.866025403784439,0.));
#5139=DIRECTION('',(0.727656953622076,0.685941220401166,0.));
#5140=DIRECTION('',(-0.685941220401166,0.727656953622076,0.));
#5141=DIRECTION('',(0.685941220401166,-0.727656953622076,0.));
#5142=DIRECTION('',(0.,0.,-1.));
#5143=DIRECTION('',(0.685941220401166,-0.727656953622076,0.));
#5144=DIRECTION('',(-0.727656953622076,0.685941220401166,0.));
#5145=DIRECTION('',(-0.685941220401166,-0.727656953622076,0.));
#5146=DIRECTION('',(0.685941220401166,0.727656953622076,0.));
#5147=DIRECTION('',(0.,0.,-1.));
#5148=DIRECTION('',(0.685941220401166,0.727656953622076,0.));
#5149=DIRECTION('',(0.,0.,-1.));
#5150=DIRECTION('',(-0.866025403784439,-0.5,0.));
#5151=DIRECTION('',(0.5,-0.866025403784439,0.));
#5152=DIRECTION('',(-0.5,0.866025403784439,0.));
#5153=DIRECTION('',(0.,0.,-1.));
#5154=DIRECTION('',(-0.5,0.866025403784439,0.));
#5155=DIRECTION('',(0.5,-0.866025403784439,0.));
#5156=DIRECTION('',(0.866025403784439,0.5,0.));
#5157=DIRECTION('',(-0.866025403784439,-0.5,0.));
#5158=DIRECTION('',(0.,0.,-1.));
#5159=DIRECTION('',(-0.866025403784439,-0.5,0.));
#5160=DIRECTION('',(-0.866025403784439,-0.5,0.));
#5161=DIRECTION('',(0.5,-0.866025403784439,0.));
#5162=DIRECTION('',(-0.5,0.866025403784439,0.));
#5163=DIRECTION('',(0.,0.,-1.));
#5164=DIRECTION('',(-0.5,0.866025403784439,0.));
#5165=DIRECTION('',(0.,0.,-1.));
#5166=DIRECTION('',(-0.5,0.866025403784439,0.));
#5167=DIRECTION('',(-0.866025403784439,-0.5,0.));
#5168=DIRECTION('',(0.866025403784439,0.5,0.));
#5169=DIRECTION('',(0.,0.,-1.));
#5170=DIRECTION('',(0.866025403784439,0.5,0.));
#5171=DIRECTION('',(0.,0.,-1.));
#5172=DIRECTION('',(0.86602540378444,0.5,0.));
#5173=DIRECTION('',(-0.5,0.86602540378444,0.));
#5174=DIRECTION('',(0.5,-0.86602540378444,0.));
#5175=DIRECTION('',(0.,0.,-1.));
#5176=DIRECTION('',(0.5,-0.86602540378444,0.));
#5177=DIRECTION('',(-0.230214045559272,0.973140017277696,0.));
#5178=DIRECTION('',(-0.973140017277696,-0.230214045559272,0.));
#5179=DIRECTION('',(0.973140017277696,0.230214045559272,0.));
#5180=DIRECTION('',(0.,0.,-1.));
#5181=DIRECTION('',(0.973140017277696,0.230214045559272,0.));
#5182=DIRECTION('',(-0.957870999181348,-0.28719879687653,0.));
#5183=DIRECTION('',(0.28719879687653,-0.957870999181348,0.));
#5184=DIRECTION('',(-0.28719879687653,0.957870999181348,0.));
#5185=DIRECTION('',(0.,0.,-1.));
#5186=DIRECTION('',(-0.28719879687653,0.957870999181348,0.));
#5187=DIRECTION('',(0.,0.,-1.));
#5188=DIRECTION('',(0.,-1.,0.));
#5189=DIRECTION('',(0.,0.,-1.));
#5190=DIRECTION('',(-1.,0.,0.));
#5191=DIRECTION('',(0.,0.,-1.));
#5192=DIRECTION('',(-1.,0.,0.));
#5193=DIRECTION('',(1.,-1.15648231731787E-16,0.));
#5194=DIRECTION('',(1.15648231731787E-16,1.,0.));
#5195=DIRECTION('',(-1.15648231731787E-16,-1.,0.));
#5196=DIRECTION('',(0.,0.,-1.));
#5197=DIRECTION('',(-1.15648231731787E-16,-1.,0.));
#5198=DIRECTION('',(0.,-1.,0.));
#5199=DIRECTION('',(0.,0.,-1.));
#5200=DIRECTION('',(-1.,0.,0.));
#5201=DIRECTION('',(0.,0.,-1.));
#5202=DIRECTION('',(-1.,0.,0.));
#5203=DIRECTION('',(0.,0.,-1.));
#5204=DIRECTION('',(-1.,1.15648231731787E-16,0.));
#5205=DIRECTION('',(-1.15648231731787E-16,-1.,0.));
#5206=DIRECTION('',(1.15648231731787E-16,1.,0.));
#5207=DIRECTION('',(0.,0.,-1.));
#5208=DIRECTION('',(1.15648231731787E-16,1.,0.));
#5209=DIRECTION('',(0.,0.,-1.));
#5210=DIRECTION('',(0.,1.,0.));
#5211=DIRECTION('',(0.,0.,1.));
#5212=DIRECTION('',(1.,0.,0.));
#5213=DIRECTION('',(0.,0.,-1.));
#5214=DIRECTION('',(1.,0.,0.));
#5215=DIRECTION('',(-0.957870999181348,0.28719879687653,0.));
#5216=DIRECTION('',(-0.28719879687653,-0.957870999181348,0.));
#5217=DIRECTION('',(0.28719879687653,0.957870999181348,0.));
#5218=DIRECTION('',(0.,0.,-1.));
#5219=DIRECTION('',(0.28719879687653,0.957870999181348,0.));
#5220=DIRECTION('',(0.,0.,1.));
#5221=DIRECTION('',(1.,0.,0.));
#5222=DIRECTION('',(0.,0.,1.));
#5223=DIRECTION('',(1.,0.,0.));
#5224=DIRECTION('',(0.,0.,1.));
#5225=DIRECTION('',(1.,0.,0.));
#5226=DIRECTION('',(0.,0.,1.));
#5227=DIRECTION('',(1.,0.,0.));
#5228=DIRECTION('',(0.,0.,1.));
#5229=DIRECTION('',(1.,0.,0.));
#5230=DIRECTION('',(0.,0.,1.));
#5231=DIRECTION('',(1.,0.,0.));
#5232=DIRECTION('',(0.,0.,1.));
#5233=DIRECTION('',(1.,0.,0.));
#5234=DIRECTION('',(0.,0.,1.));
#5235=DIRECTION('',(1.,0.,0.));
#5236=DIRECTION('',(0.,0.,1.));
#5237=DIRECTION('',(1.,0.,0.));
#5238=DIRECTION('',(0.,0.,1.));
#5239=DIRECTION('',(1.,0.,0.));
#5240=DIRECTION('',(0.,0.,1.));
#5241=DIRECTION('',(1.,0.,0.));
#5242=DIRECTION('',(0.,0.,1.));
#5243=DIRECTION('',(1.,0.,0.));
#5244=DIRECTION('',(0.,0.,1.));
#5245=DIRECTION('',(1.,0.,0.));
#5246=DIRECTION('',(0.,0.,1.));
#5247=DIRECTION('',(1.,0.,0.));
#5248=DIRECTION('',(0.,0.,1.));
#5249=DIRECTION('',(1.,0.,0.));
#5250=DIRECTION('',(0.,0.,1.));
#5251=DIRECTION('',(1.,0.,0.));
#5252=DIRECTION('',(0.,0.,1.));
#5253=DIRECTION('',(1.,0.,0.));
#5254=DIRECTION('',(0.,0.,1.));
#5255=DIRECTION('',(1.,0.,0.));
#5256=DIRECTION('',(0.,0.,1.));
#5257=DIRECTION('',(1.,0.,0.));
#5258=DIRECTION('',(0.,0.,1.));
#5259=DIRECTION('',(1.,0.,0.));
#5260=DIRECTION('',(0.,0.,1.));
#5261=DIRECTION('',(1.,0.,0.));
#5262=DIRECTION('',(0.,0.,1.));
#5263=DIRECTION('',(1.,0.,0.));
#5264=DIRECTION('',(0.,0.,1.));
#5265=DIRECTION('',(1.,0.,0.));
#5266=DIRECTION('',(0.,0.,1.));
#5267=DIRECTION('',(1.,0.,0.));
#5268=DIRECTION('',(0.,0.,1.));
#5269=DIRECTION('',(1.,0.,0.));
#5270=DIRECTION('',(0.,0.,1.));
#5271=DIRECTION('',(1.,0.,0.));
#5272=DIRECTION('',(0.,0.,1.));
#5273=DIRECTION('',(1.,0.,0.));
#5274=DIRECTION('',(0.,0.,1.));
#5275=DIRECTION('',(1.,0.,0.));
#5276=DIRECTION('',(0.,0.,1.));
#5277=DIRECTION('',(1.,0.,0.));
#5278=DIRECTION('',(0.,0.,1.));
#5279=DIRECTION('',(1.,0.,0.));
#5280=DIRECTION('',(0.,0.,1.));
#5281=DIRECTION('',(1.,0.,0.));
#5282=DIRECTION('',(0.,0.,1.));
#5283=DIRECTION('',(1.,0.,0.));
#5284=DIRECTION('',(0.,0.,1.));
#5285=DIRECTION('',(1.,0.,0.));
#5286=DIRECTION('',(0.,0.,1.));
#5287=DIRECTION('',(1.,0.,0.));
#5288=DIRECTION('',(0.,0.,1.));
#5289=DIRECTION('',(1.,0.,0.));
#5290=DIRECTION('',(0.,0.,1.));
#5291=DIRECTION('',(1.,0.,0.));
#5292=DIRECTION('',(0.,0.,1.));
#5293=DIRECTION('',(1.,0.,0.));
#5294=DIRECTION('',(0.,0.,1.));
#5295=DIRECTION('',(1.,0.,0.));
#5296=DIRECTION('',(0.,0.,1.));
#5297=DIRECTION('',(1.,0.,0.));
#5298=DIRECTION('',(0.,0.,1.));
#5299=DIRECTION('',(1.,0.,0.));
#5300=DIRECTION('',(0.,0.,1.));
#5301=DIRECTION('',(1.,0.,0.));
#5302=DIRECTION('',(0.,0.,1.));
#5303=DIRECTION('',(1.,0.,0.));
#5304=DIRECTION('',(0.,0.,1.));
#5305=DIRECTION('',(1.,0.,0.));
#5306=DIRECTION('',(0.,0.,1.));
#5307=DIRECTION('',(1.,0.,0.));
#5308=DIRECTION('',(0.,0.,1.));
#5309=DIRECTION('',(1.,0.,0.));
#5310=DIRECTION('',(0.,0.,1.));
#5311=DIRECTION('',(1.,0.,0.));
#5312=DIRECTION('',(0.,0.,1.));
#5313=DIRECTION('',(1.,0.,0.));
#5314=DIRECTION('',(0.,0.,1.));
#5315=DIRECTION('',(1.,0.,0.));
#5316=DIRECTION('',(0.,0.,1.));
#5317=DIRECTION('',(1.,0.,0.));
#5318=DIRECTION('',(0.,0.,1.));
#5319=DIRECTION('',(1.,0.,0.));
#5320=DIRECTION('',(0.,0.,1.));
#5321=DIRECTION('',(1.,0.,0.));
#5322=DIRECTION('',(0.,0.,1.));
#5323=DIRECTION('',(1.,0.,0.));
#5324=DIRECTION('',(0.,0.,1.));
#5325=DIRECTION('',(1.,0.,0.));
#5326=DIRECTION('',(0.,0.,1.));
#5327=DIRECTION('',(1.,0.,0.));
#5328=DIRECTION('',(0.,0.,1.));
#5329=DIRECTION('',(1.,0.,0.));
#5330=DIRECTION('',(0.,0.,1.));
#5331=DIRECTION('',(1.,0.,0.));
#5332=DIRECTION('',(0.,0.,1.));
#5333=DIRECTION('',(1.,0.,0.));
#5334=DIRECTION('',(0.,0.,1.));
#5335=DIRECTION('',(1.,0.,0.));
#5336=DIRECTION('',(0.,0.,1.));
#5337=DIRECTION('',(1.,0.,0.));
#5338=DIRECTION('',(0.,0.,1.));
#5339=DIRECTION('',(1.,0.,0.));
#5340=DIRECTION('',(0.,0.,1.));
#5341=DIRECTION('',(1.,0.,0.));
#5342=DIRECTION('',(0.,0.,1.));
#5343=DIRECTION('',(1.,0.,0.));
#5344=DIRECTION('',(0.,0.,1.));
#5345=DIRECTION('',(1.,0.,0.));
#5346=DIRECTION('',(0.,0.,1.));
#5347=DIRECTION('',(1.,0.,0.));
#5348=DIRECTION('',(0.,0.,1.));
#5349=DIRECTION('',(1.,0.,0.));
#5350=DIRECTION('',(0.,0.,1.));
#5351=DIRECTION('',(1.,0.,0.));
#5352=DIRECTION('',(0.,0.,1.));
#5353=DIRECTION('',(1.,0.,0.));
#5354=DIRECTION('',(0.,0.,1.));
#5355=DIRECTION('',(1.,0.,0.));
#5356=DIRECTION('',(0.,0.,1.));
#5357=DIRECTION('',(1.,0.,0.));
#5358=DIRECTION('',(0.,0.,1.));
#5359=DIRECTION('',(1.,0.,0.));
#5360=DIRECTION('',(0.,0.,1.));
#5361=DIRECTION('',(1.,0.,0.));
#5362=DIRECTION('',(0.,0.,1.));
#5363=DIRECTION('',(1.,0.,0.));
#5364=DIRECTION('',(0.,0.,1.));
#5365=DIRECTION('',(1.,0.,0.));
#5366=DIRECTION('',(0.,0.,1.));
#5367=DIRECTION('',(1.,0.,0.));
#5368=DIRECTION('',(0.,0.,1.));
#5369=DIRECTION('',(1.,0.,0.));
#5370=DIRECTION('',(0.,0.,1.));
#5371=DIRECTION('',(1.,0.,0.));
#5372=DIRECTION('',(0.,0.,1.));
#5373=DIRECTION('',(1.,0.,0.));
#5374=DIRECTION('',(0.,0.,1.));
#5375=DIRECTION('',(1.,0.,0.));
#5376=DIRECTION('',(0.,0.,1.));
#5377=DIRECTION('',(1.,0.,0.));
#5378=DIRECTION('',(0.,0.,1.));
#5379=DIRECTION('',(1.,0.,0.));
#5380=DIRECTION('',(0.,0.,1.));
#5381=DIRECTION('',(1.,0.,0.));
#5382=DIRECTION('',(0.,0.,1.));
#5383=DIRECTION('',(1.,0.,0.));
#5384=DIRECTION('',(0.,0.,1.));
#5385=DIRECTION('',(1.,0.,0.));
#5386=DIRECTION('',(0.,0.,1.));
#5387=DIRECTION('',(1.,0.,0.));
#5388=DIRECTION('',(0.,0.,1.));
#5389=DIRECTION('',(1.,0.,0.));
#5390=DIRECTION('',(0.,0.,1.));
#5391=DIRECTION('',(1.,0.,0.));
#5392=DIRECTION('',(0.,0.,1.));
#5393=DIRECTION('',(1.,0.,0.));
#5394=DIRECTION('',(0.,0.,1.));
#5395=DIRECTION('',(1.,0.,0.));
#5396=DIRECTION('',(0.,0.,1.));
#5397=DIRECTION('',(1.,0.,0.));
#5398=DIRECTION('',(0.,0.,1.));
#5399=DIRECTION('',(0.,0.,1.));
#5400=DIRECTION('',(0.,0.,1.));
#5401=DIRECTION('',(1.,0.,0.));
#5402=DIRECTION('',(0.,0.,1.));
#5403=DIRECTION('',(1.,0.,0.));
#5404=DIRECTION('',(0.,0.,1.));
#5405=DIRECTION('',(0.,0.,1.));
#5406=DIRECTION('',(0.,0.,1.));
#5407=DIRECTION('',(1.,0.,0.));
#5408=DIRECTION('',(0.,0.,1.));
#5409=DIRECTION('',(0.,0.,1.));
#5410=DIRECTION('',(0.,0.,1.));
#5411=DIRECTION('',(1.,0.,0.));
#5412=DIRECTION('',(0.,0.,1.));
#5413=DIRECTION('',(0.,0.,1.));
#5414=DIRECTION('',(0.,0.,1.));
#5415=DIRECTION('',(1.,0.,0.));
#5416=DIRECTION('',(0.,0.,1.));
#5417=DIRECTION('',(0.,0.,1.));
#5418=DIRECTION('',(0.,0.,1.));
#5419=DIRECTION('',(1.,0.,0.));
#5420=DIRECTION('',(0.,0.,1.));
#5421=DIRECTION('',(0.,0.,1.));
#5422=DIRECTION('',(0.,0.,1.));
#5423=DIRECTION('',(1.,0.,0.));
#5424=DIRECTION('',(0.,0.,1.));
#5425=DIRECTION('',(0.,0.,1.));
#5426=DIRECTION('',(0.,0.,1.));
#5427=DIRECTION('',(1.,0.,0.));
#5428=DIRECTION('',(0.,0.,1.));
#5429=DIRECTION('',(0.,0.,1.));
#5430=DIRECTION('',(0.,0.,1.));
#5431=DIRECTION('',(1.,0.,0.));
#5432=DIRECTION('',(0.,0.,1.));
#5433=DIRECTION('',(0.,0.,1.));
#5434=DIRECTION('',(0.,0.,1.));
#5435=DIRECTION('',(1.,0.,0.));
#5436=DIRECTION('',(0.,0.,1.));
#5437=DIRECTION('',(0.,0.,1.));
#5438=DIRECTION('',(0.,0.,1.));
#5439=DIRECTION('',(1.,0.,0.));
#5440=DIRECTION('',(0.,0.,1.));
#5441=DIRECTION('',(0.,0.,1.));
#5442=DIRECTION('',(0.,0.,1.));
#5443=DIRECTION('',(1.,0.,0.));
#5444=DIRECTION('',(0.,0.,1.));
#5445=DIRECTION('',(0.,0.,1.));
#5446=DIRECTION('',(0.,0.,1.));
#5447=DIRECTION('',(1.,0.,0.));
#5448=DIRECTION('',(0.,0.,1.));
#5449=DIRECTION('',(1.,0.,0.));
#5450=DIRECTION('',(0.,0.,1.));
#5451=DIRECTION('',(1.,0.,0.));
#5452=DIRECTION('',(0.,0.,1.));
#5453=DIRECTION('',(1.,0.,0.));
#5454=DIRECTION('',(0.,0.,1.));
#5455=DIRECTION('',(1.,0.,0.));
#5456=DIRECTION('',(0.,0.,1.));
#5457=DIRECTION('',(1.,0.,0.));
#5458=DIRECTION('',(0.,0.,1.));
#5459=DIRECTION('',(1.,0.,0.));
#5460=DIRECTION('',(0.,0.,1.));
#5461=DIRECTION('',(1.,0.,0.));
#5462=DIRECTION('',(0.,0.,1.));
#5463=DIRECTION('',(1.,0.,0.));
#5464=DIRECTION('',(0.,0.,1.));
#5465=DIRECTION('',(1.,0.,0.));
#5466=DIRECTION('',(0.,0.,1.));
#5467=DIRECTION('',(1.,0.,0.));
#5468=DIRECTION('',(0.,0.,1.));
#5469=DIRECTION('',(1.,0.,0.));
#5470=DIRECTION('',(0.,0.,1.));
#5471=DIRECTION('',(1.,0.,0.));
#5472=DIRECTION('',(0.,0.,1.));
#5473=DIRECTION('',(1.,0.,0.));
#5474=DIRECTION('',(0.,0.,1.));
#5475=DIRECTION('',(1.,0.,0.));
#5476=DIRECTION('',(0.,0.,1.));
#5477=DIRECTION('',(1.,0.,0.));
#5478=DIRECTION('',(0.,0.,1.));
#5479=DIRECTION('',(1.,0.,0.));
#5480=DIRECTION('',(0.,0.,1.));
#5481=DIRECTION('',(1.,0.,0.));
#5482=DIRECTION('',(0.,0.,1.));
#5483=DIRECTION('',(1.,0.,0.));
#5484=DIRECTION('',(0.,0.,1.));
#5485=DIRECTION('',(1.,0.,0.));
#5486=DIRECTION('',(0.,0.,1.));
#5487=DIRECTION('',(1.,0.,0.));
#5488=DIRECTION('',(0.,0.,1.));
#5489=DIRECTION('',(1.,0.,0.));
#5490=DIRECTION('',(0.,0.,1.));
#5491=DIRECTION('',(1.,0.,0.));
#5492=DIRECTION('',(0.,0.,1.));
#5493=DIRECTION('',(1.,0.,0.));
#5494=DIRECTION('',(0.,0.,-1.));
#5495=DIRECTION('',(-1.,0.,0.));
#5496=DIRECTION('',(0.,0.,-1.));
#5497=DIRECTION('',(-1.,0.,0.));
#5498=DIRECTION('',(0.,0.,-1.));
#5499=DIRECTION('',(-1.,0.,0.));
#5500=DIRECTION('',(0.,0.,-1.));
#5501=DIRECTION('',(-1.,0.,0.));
#5502=DIRECTION('',(0.,0.,-1.));
#5503=DIRECTION('',(-1.,0.,0.));
#5504=DIRECTION('',(0.,0.,-1.));
#5505=DIRECTION('',(-1.,0.,0.));
#5506=DIRECTION('',(1.,0.,0.));
#5507=DIRECTION('',(0.,0.,-1.));
#5508=DIRECTION('',(-1.,0.,0.));
#5509=DIRECTION('',(0.,0.,-1.));
#5510=DIRECTION('',(1.,0.,0.));
#5511=DIRECTION('',(0.,0.,-1.));
#5512=DIRECTION('',(1.,0.,0.));
#5513=DIRECTION('',(0.,0.,-1.));
#5514=DIRECTION('',(-1.,0.,0.));
#5515=DIRECTION('',(0.,0.,1.));
#5516=DIRECTION('',(1.,0.,0.));
#5517=DIRECTION('',(0.,0.,-1.));
#5518=DIRECTION('',(1.,0.,0.));
#5519=DIRECTION('',(0.,1.,0.));
#5520=DIRECTION('',(-1.,0.,0.));
#5521=DIRECTION('',(0.,0.,1.));
#5522=DIRECTION('',(-1.,0.,0.));
#5523=DIRECTION('',(0.,0.,-1.));
#5524=DIRECTION('',(1.,0.,0.));
#5525=DIRECTION('',(0.,1.,0.));
#5526=DIRECTION('',(0.,0.5,-0.866025403784439));
#5527=DIRECTION('',(0.,0.866025403784439,0.5));
#5528=DIRECTION('',(1.,0.,0.));
#5529=DIRECTION('',(0.,0.866025403784439,0.5));
#5530=DIRECTION('',(1.,0.,0.));
#5531=DIRECTION('',(0.,1.,0.));
#5532=DIRECTION('',(0.,0.,1.));
#5533=DIRECTION('',(1.,0.,0.));
#5534=DIRECTION('',(0.,0.,1.));
#5535=DIRECTION('',(0.,0.5,0.866025403784438));
#5536=DIRECTION('',(0.,-0.866025403784438,0.5));
#5537=DIRECTION('',(1.,0.,0.));
#5538=DIRECTION('',(0.,-0.866025403784438,0.5));
#5539=DIRECTION('',(0.,-0.5,0.866025403784439));
#5540=DIRECTION('',(0.,-0.866025403784439,-0.5));
#5541=DIRECTION('',(1.,0.,0.));
#5542=DIRECTION('',(0.,-0.866025403784439,-0.5));
#5543=DIRECTION('',(0.,-1.,0.));
#5544=DIRECTION('',(0.,0.,-1.));
#5545=DIRECTION('',(1.,0.,0.));
#5546=DIRECTION('',(0.,0.,-1.));
#5547=DIRECTION('',(0.,-0.5,-0.866025403784438));
#5548=DIRECTION('',(0.,0.866025403784439,-0.5));
#5549=DIRECTION('',(0.,0.866025403784439,-0.5));
#5550=DIRECTION('',(1.,0.,0.));
#5551=DIRECTION('',(0.,1.,0.));
#5552=DIRECTION('',(0.,0.5,-0.866025403784438));
#5553=DIRECTION('',(0.,0.866025403784439,0.5));
#5554=DIRECTION('',(1.,0.,0.));
#5555=DIRECTION('',(0.,0.866025403784439,0.5));
#5556=DIRECTION('',(1.,0.,0.));
#5557=DIRECTION('',(0.,1.,0.));
#5558=DIRECTION('',(0.,0.,1.));
#5559=DIRECTION('',(1.,0.,0.));
#5560=DIRECTION('',(0.,0.,1.));
#5561=DIRECTION('',(0.,0.5,0.866025403784439));
#5562=DIRECTION('',(0.,-0.866025403784439,0.5));
#5563=DIRECTION('',(1.,0.,0.));
#5564=DIRECTION('',(0.,-0.866025403784439,0.5));
#5565=DIRECTION('',(0.,-0.5,0.866025403784439));
#5566=DIRECTION('',(0.,-0.866025403784439,-0.5));
#5567=DIRECTION('',(1.,0.,0.));
#5568=DIRECTION('',(0.,-0.866025403784439,-0.5));
#5569=DIRECTION('',(0.,-1.,0.));
#5570=DIRECTION('',(0.,0.,-1.));
#5571=DIRECTION('',(1.,0.,0.));
#5572=DIRECTION('',(0.,0.,-1.));
#5573=DIRECTION('',(0.,-0.5,-0.866025403784439));
#5574=DIRECTION('',(0.,0.866025403784439,-0.5));
#5575=DIRECTION('',(0.,0.866025403784439,-0.5));
#5576=DIRECTION('',(1.,0.,0.));
#5577=DIRECTION('',(0.,1.,0.));
#5578=CARTESIAN_POINT('',(0.,0.,0.));
#5579=CARTESIAN_POINT('',(0.0171080725103905,0.00756794919243111,0.00742487113059642));
#5580=CARTESIAN_POINT('',(0.0158956369450923,0.00686794919243111,0.00661658075373095));
#5581=CARTESIAN_POINT('',(0.0158956369450923,0.00686794919243111,0.00661658075373095));
#5582=CARTESIAN_POINT('',(0.0170649753098364,0.00484259573345491,0.00661658075373095));
#5583=CARTESIAN_POINT('',(0.0171080725103905,0.00756794919243111,0.00742487113059642));
#5584=CARTESIAN_POINT('',(0.0183205080756888,0.00826794919243111,0.00823316150746191));
#5585=CARTESIAN_POINT('',(0.0183205080756888,0.00826794919243111,0.00823316150746191));
#5586=CARTESIAN_POINT('',(0.0190700839505247,0.00696964569308739,0.00823316150746191));
#5587=CARTESIAN_POINT('',(0.0213436522159808,0.00938148173484915,0.0100661827341661));
#5588=CARTESIAN_POINT('',(0.0158956369450923,0.00686794919243111,0.005));
#5589=CARTESIAN_POINT('',(0.0158956369450923,0.00686794919243111,0.00338341924626905));
#5590=CARTESIAN_POINT('',(0.0158956369450923,0.00686794919243111,0.00338341924626905));
#5591=CARTESIAN_POINT('',(0.0170649753098364,0.0048425957334549,0.00338341924626905));
#5592=CARTESIAN_POINT('',(0.0158956369450923,0.00686794919243111,0.005));
#5593=CARTESIAN_POINT('',(0.0170649753098364,0.00484259573345491,0.02));
#5594=CARTESIAN_POINT('',(0.0171080725103905,0.00756794919243111,0.00257512886940357));
#5595=CARTESIAN_POINT('',(0.0183205080756888,0.00826794919243111,0.00176683849253809));
#5596=CARTESIAN_POINT('',(0.0183205080756888,0.00826794919243111,0.00176683849253809));
#5597=CARTESIAN_POINT('',(0.0190700839505247,0.00696964569308739,0.00176683849253809));
#5598=CARTESIAN_POINT('',(0.0171080725103905,0.00756794919243111,0.00257512886940357));
#5599=CARTESIAN_POINT('',(0.0126287015047426,0.00013652852763794,0.00696008073286741));
#5600=CARTESIAN_POINT('',(0.019532943640987,0.00896794919243111,0.00257512886940357));
#5601=CARTESIAN_POINT('',(0.0207453792062852,0.0096679491924311,0.00338341924626905));
#5602=CARTESIAN_POINT('',(0.0207453792062852,0.0096679491924311,0.00338341924626905));
#5603=CARTESIAN_POINT('',(0.021075192591213,0.00909669565271987,0.00338341924626905));
#5604=CARTESIAN_POINT('',(0.019532943640987,0.00896794919243111,0.00257512886940357));
#5605=CARTESIAN_POINT('',(0.0232221084279143,0.0113741768580386,0.00511432935810223));
#5606=CARTESIAN_POINT('',(0.0207453792062852,0.0096679491924311,0.005));
#5607=CARTESIAN_POINT('',(0.0207453792062852,0.0096679491924311,0.00661658075373095));
#5608=CARTESIAN_POINT('',(0.0207453792062852,0.0096679491924311,0.00661658075373095));
#5609=CARTESIAN_POINT('',(0.021075192591213,0.00909669565271987,0.00661658075373095));
#5610=CARTESIAN_POINT('',(0.0207453792062852,0.0096679491924311,0.005));
#5611=CARTESIAN_POINT('',(0.021075192591213,0.00909669565271987,0.02));
#5612=CARTESIAN_POINT('',(0.019532943640987,0.00896794919243111,0.00742487113059643));
#5613=CARTESIAN_POINT('',(0.019532943640987,0.00896794919243111,0.00742487113059643));
#5614=CARTESIAN_POINT('',(0.0145071577166761,0.00212922365082739,0.0119119341089313));
#5615=CARTESIAN_POINT('',(0.0183205080756888,0.00826794919243111,0.01));
#5616=CARTESIAN_POINT('',(0.0183205080756888,0.00826794919243111,0.005));
#5617=CARTESIAN_POINT('',(0.0183205080756888,0.00826794919243111,0.003375));
#5618=CARTESIAN_POINT('',(0.019532943640987,0.00896794919243111,0.0125751288694036));
#5619=CARTESIAN_POINT('',(0.0203171248575016,0.0082925257889682,0.0127722415357577));
#5620=CARTESIAN_POINT('',(0.0190700839505247,0.00696964569308739,0.0117668384925381));
#5621=CARTESIAN_POINT('',(0.021075192591213,0.00909669565271987,0.013383419246269));
#5622=CARTESIAN_POINT('',(0.0207453792062852,0.0096679491924311,0.013383419246269));
#5623=CARTESIAN_POINT('',(0.0207453792062852,0.0096679491924311,0.013383419246269));
#5624=CARTESIAN_POINT('',(0.019532943640987,0.00896794919243111,0.0125751288694036));
#5625=CARTESIAN_POINT('',(0.0183205080756888,0.00826794919243111,0.0117668384925381));
#5626=CARTESIAN_POINT('',(0.0183205080756888,0.00826794919243111,0.0117668384925381));
#5627=CARTESIAN_POINT('',(0.0207453792062852,0.0096679491924311,0.015));
#5628=CARTESIAN_POINT('',(0.021075192591213,0.00909669565271987,0.02));
#5629=CARTESIAN_POINT('',(0.021075192591213,0.00909669565271987,0.0166165807537309));
#5630=CARTESIAN_POINT('',(0.0207453792062852,0.0096679491924311,0.0166165807537309));
#5631=CARTESIAN_POINT('',(0.0207453792062852,0.0096679491924311,0.0166165807537309));
#5632=CARTESIAN_POINT('',(0.0207453792062852,0.0096679491924311,0.015));
#5633=CARTESIAN_POINT('',(0.019532943640987,0.00896794919243111,0.0174248711305964));
#5634=CARTESIAN_POINT('',(0.0174121412870889,0.00521087471989779,0.0195698462865868));
#5635=CARTESIAN_POINT('',(0.0190700839505247,0.00696964569308739,0.0182331615074619));
#5636=CARTESIAN_POINT('',(0.0183205080756888,0.00826794919243111,0.0182331615074619));
#5637=CARTESIAN_POINT('',(0.0183205080756888,0.00826794919243111,0.0182331615074619));
#5638=CARTESIAN_POINT('',(0.019532943640987,0.00896794919243111,0.0174248711305964));
#5639=CARTESIAN_POINT('',(0.0171080725103905,0.00756794919243111,0.0174248711305964));
#5640=CARTESIAN_POINT('',(0.018438668645568,0.00629983066577874,0.0177240949118216));
#5641=CARTESIAN_POINT('',(0.0170649753098364,0.00484259573345491,0.0166165807537309));
#5642=CARTESIAN_POINT('',(0.0158956369450923,0.00686794919243111,0.0166165807537309));
#5643=CARTESIAN_POINT('',(0.0158956369450923,0.00686794919243111,0.0166165807537309));
#5644=CARTESIAN_POINT('',(0.0171080725103905,0.00756794919243111,0.0174248711305964));
#5645=CARTESIAN_POINT('',(0.0158956369450923,0.00686794919243111,0.015));
#5646=CARTESIAN_POINT('',(0.0170649753098364,0.00484259573345491,0.02));
#5647=CARTESIAN_POINT('',(0.0170649753098364,0.00484259573345491,0.0133834192462691));
#5648=CARTESIAN_POINT('',(0.0158956369450923,0.00686794919243111,0.0133834192462691));
#5649=CARTESIAN_POINT('',(0.0158956369450923,0.00686794919243111,0.0133834192462691));
#5650=CARTESIAN_POINT('',(0.0158956369450923,0.00686794919243111,0.015));
#5651=CARTESIAN_POINT('',(0.0171080725103905,0.00756794919243111,0.0125751288694036));
#5652=CARTESIAN_POINT('',(0.0155336850751553,0.00321817959670834,0.0146179929105229));
#5653=CARTESIAN_POINT('',(0.0171080725103905,0.00756794919243111,0.0125751288694036));
#5654=CARTESIAN_POINT('',(0.0183205080756888,0.00826794919243111,0.01));
#5655=CARTESIAN_POINT('',(0.0183205080756888,0.00826794919243111,0.015));
#5656=CARTESIAN_POINT('',(0.0183205080756888,0.00826794919243111,0.013375));
#5657=CARTESIAN_POINT('',(0.0163205080756888,0.0117320508075689,0.005));
#5658=CARTESIAN_POINT('',(0.0163205080756888,0.0117320508075689,0.005));
#5659=CARTESIAN_POINT('',(0.0163205080756888,0.0117320508075689,0.002));
#5660=CARTESIAN_POINT('',(0.0155709322008529,0.0130303543069126,0.005));
#5661=CARTESIAN_POINT('',(0.012523110464598,0.0123093364065188,0.005));
#5662=CARTESIAN_POINT('',(0.0130617993001164,0.00985063441878154,0.01));
#5663=CARTESIAN_POINT('',(0.0163205080756888,0.0117320508075689,0.005));
#5664=CARTESIAN_POINT('',(0.0163205080756888,0.0117320508075689,0.003375));
#5665=CARTESIAN_POINT('',(0.0163205080756888,0.0117320508075689,0.015));
#5666=CARTESIAN_POINT('',(0.0163205080756888,0.0117320508075689,0.015));
#5667=CARTESIAN_POINT('',(0.0163205080756888,0.0117320508075689,0.012));
#5668=CARTESIAN_POINT('',(0.0155709322008529,0.0130303543069126,0.015));
#5669=CARTESIAN_POINT('',(0.012523110464598,0.0123093364065188,0.015));
#5670=CARTESIAN_POINT('',(0.0130617993001164,0.00985063441878154,0.01));
#5671=CARTESIAN_POINT('',(0.0163205080756888,0.0117320508075689,0.015));
#5672=CARTESIAN_POINT('',(0.0163205080756888,0.0117320508075689,0.013375));
#5673=CARTESIAN_POINT('',(0.0110705080756888,0.0208253175473055,0.015));
#5674=CARTESIAN_POINT('',(0.0178205080756888,0.00913397459621555,0.015));
#5675=CARTESIAN_POINT('',(0.0178205080756888,0.00913397459621555,0.016625));
#5676=CARTESIAN_POINT('',(0.0110705080756888,0.0208253175473055,0.005));
#5677=CARTESIAN_POINT('',(0.0178205080756888,0.00913397459621555,0.005));
#5678=CARTESIAN_POINT('',(0.0178205080756888,0.00913397459621555,0.006625));
#5679=CARTESIAN_POINT('',(0.0110705080756888,0.0208253175473055,0.005));
#5680=CARTESIAN_POINT('',(0.0168205080756888,0.0108660254037844,0.005));
#5681=CARTESIAN_POINT('',(0.0168205080756888,0.0108660254037844,0.003375));
#5682=CARTESIAN_POINT('',(0.0110705080756888,0.0208253175473055,0.015));
#5683=CARTESIAN_POINT('',(0.0168205080756888,0.0108660254037844,0.015));
#5684=CARTESIAN_POINT('',(0.0168205080756888,0.0108660254037844,0.013375));
#5685=CARTESIAN_POINT('',(0.0151080725103906,-0.0110320508075689,0.00742487113059642));
#5686=CARTESIAN_POINT('',(0.0138956369450923,-0.0103320508075689,0.00661658075373095));
#5687=CARTESIAN_POINT('',(0.0138956369450923,-0.0103320508075689,0.00661658075373095));
#5688=CARTESIAN_POINT('',(0.0127262985803483,-0.0123574042665451,0.00661658075373095));
#5689=CARTESIAN_POINT('',(0.0151080725103906,-0.0110320508075689,0.00742487113059642));
#5690=CARTESIAN_POINT('',(0.0163205080756888,-0.0117320508075689,0.00823316150746191));
#5691=CARTESIAN_POINT('',(0.0163205080756888,-0.0117320508075689,0.00823316150746191));
#5692=CARTESIAN_POINT('',(0.0155709322008529,-0.0130303543069126,0.00823316150746191));
#5693=CARTESIAN_POINT('',(0.0187964276155094,-0.0137934041611548,0.0100661827341661));
#5694=CARTESIAN_POINT('',(0.0138956369450923,-0.0103320508075689,0.005));
#5695=CARTESIAN_POINT('',(0.0138956369450923,-0.0103320508075689,0.00338341924626905));
#5696=CARTESIAN_POINT('',(0.0138956369450923,-0.0103320508075689,0.00338341924626905));
#5697=CARTESIAN_POINT('',(0.0127262985803483,-0.0123574042665451,0.00338341924626905));
#5698=CARTESIAN_POINT('',(0.0138956369450923,-0.0103320508075689,0.005));
#5699=CARTESIAN_POINT('',(0.0127262985803483,-0.0123574042665451,0.02));
#5700=CARTESIAN_POINT('',(0.0151080725103906,-0.0110320508075689,0.00257512886940357));
#5701=CARTESIAN_POINT('',(0.0163205080756888,-0.0117320508075689,0.00176683849253809));
#5702=CARTESIAN_POINT('',(0.0163205080756888,-0.0117320508075689,0.00176683849253809));
#5703=CARTESIAN_POINT('',(0.0155709322008529,-0.0130303543069126,0.00176683849253809));
#5704=CARTESIAN_POINT('',(0.0151080725103906,-0.0110320508075689,0.00257512886940357));
#5705=CARTESIAN_POINT('',(0.00643258792564702,-0.0108685120560988,0.00696008073286741));
#5706=CARTESIAN_POINT('',(0.017532943640987,-0.0124320508075689,0.00257512886940357));
#5707=CARTESIAN_POINT('',(0.0187453792062852,-0.0131320508075689,0.00338341924626905));
#5708=CARTESIAN_POINT('',(0.0187453792062852,-0.0131320508075689,0.00338341924626905));
#5709=CARTESIAN_POINT('',(0.0184155658213574,-0.0137033043472801,0.00338341924626905));
#5710=CARTESIAN_POINT('',(0.017532943640987,-0.0124320508075689,0.00257512886940357));
#5711=CARTESIAN_POINT('',(0.0214613803201557,-0.0144238473989912,0.00511432935810223));
#5712=CARTESIAN_POINT('',(0.0187453792062852,-0.0131320508075689,0.005));
#5713=CARTESIAN_POINT('',(0.0187453792062852,-0.0131320508075689,0.00661658075373095));
#5714=CARTESIAN_POINT('',(0.0187453792062852,-0.0131320508075689,0.00661658075373095));
#5715=CARTESIAN_POINT('',(0.0184155658213574,-0.0137033043472801,0.00661658075373095));
#5716=CARTESIAN_POINT('',(0.0187453792062852,-0.0131320508075689,0.005));
#5717=CARTESIAN_POINT('',(0.0184155658213574,-0.0137033043472801,0.02));
#5718=CARTESIAN_POINT('',(0.017532943640987,-0.0124320508075689,0.00742487113059643));
#5719=CARTESIAN_POINT('',(0.017532943640987,-0.0124320508075689,0.00742487113059643));
#5720=CARTESIAN_POINT('',(0.00909754063029322,-0.0114989552939353,0.0119119341089313));
#5721=CARTESIAN_POINT('',(0.0163205080756888,-0.0117320508075689,0.01));
#5722=CARTESIAN_POINT('',(0.0163205080756888,-0.0117320508075689,0.005));
#5723=CARTESIAN_POINT('',(0.0163205080756888,-0.0117320508075689,0.003375));
#5724=CARTESIAN_POINT('',(0.017532943640987,-0.0124320508075689,0.0125751288694036));
#5725=CARTESIAN_POINT('',(0.0173401004235349,-0.0134488833639725,0.0127722415357577));
#5726=CARTESIAN_POINT('',(0.0155709322008529,-0.0130303543069126,0.0117668384925381));
#5727=CARTESIAN_POINT('',(0.0184155658213574,-0.0137033043472801,0.013383419246269));
#5728=CARTESIAN_POINT('',(0.0187453792062852,-0.0131320508075689,0.013383419246269));
#5729=CARTESIAN_POINT('',(0.0187453792062852,-0.0131320508075689,0.013383419246269));
#5730=CARTESIAN_POINT('',(0.017532943640987,-0.0124320508075689,0.0125751288694036));
#5731=CARTESIAN_POINT('',(0.0163205080756888,-0.0117320508075689,0.0117668384925381));
#5732=CARTESIAN_POINT('',(0.0163205080756888,-0.0117320508075689,0.0117668384925381));
#5733=CARTESIAN_POINT('',(0.0187453792062852,-0.0131320508075689,0.015));
#5734=CARTESIAN_POINT('',(0.0184155658213574,-0.0137033043472801,0.02));
#5735=CARTESIAN_POINT('',(0.0184155658213574,-0.0137033043472801,0.0166165807537309));
#5736=CARTESIAN_POINT('',(0.0187453792062852,-0.0131320508075689,0.0166165807537309));
#5737=CARTESIAN_POINT('',(0.0187453792062852,-0.0131320508075689,0.0166165807537309));
#5738=CARTESIAN_POINT('',(0.0187453792062852,-0.0131320508075689,0.015));
#5739=CARTESIAN_POINT('',(0.017532943640987,-0.0124320508075689,0.0174248711305964));
#5740=CARTESIAN_POINT('',(0.013218820526914,-0.0124739193289539,0.0195698462865868));
#5741=CARTESIAN_POINT('',(0.0155709322008529,-0.0130303543069126,0.0182331615074619));
#5742=CARTESIAN_POINT('',(0.0163205080756888,-0.0117320508075689,0.0182331615074619));
#5743=CARTESIAN_POINT('',(0.0163205080756888,-0.0117320508075689,0.0182331615074619));
#5744=CARTESIAN_POINT('',(0.017532943640987,-0.0124320508075689,0.0174248711305964));
#5745=CARTESIAN_POINT('',(0.0151080725103906,-0.0110320508075689,0.0174248711305964));
#5746=CARTESIAN_POINT('',(0.0146751477188886,-0.0128184401261361,0.0177240949118216));
#5747=CARTESIAN_POINT('',(0.0127262985803483,-0.0123574042665451,0.0166165807537309));
#5748=CARTESIAN_POINT('',(0.0138956369450923,-0.0103320508075689,0.0166165807537309));
#5749=CARTESIAN_POINT('',(0.0138956369450923,-0.0103320508075689,0.0166165807537309));
#5750=CARTESIAN_POINT('',(0.0151080725103906,-0.0110320508075689,0.0174248711305964));
#5751=CARTESIAN_POINT('',(0.0138956369450923,-0.0103320508075689,0.015));
#5752=CARTESIAN_POINT('',(0.0127262985803483,-0.0123574042665451,0.02));
#5753=CARTESIAN_POINT('',(0.0127262985803483,-0.0123574042665451,0.0133834192462691));
#5754=CARTESIAN_POINT('',(0.0138956369450923,-0.0103320508075689,0.0133834192462691));
#5755=CARTESIAN_POINT('',(0.0138956369450923,-0.0103320508075689,0.0133834192462691));
#5756=CARTESIAN_POINT('',(0.0138956369450923,-0.0103320508075689,0.015));
#5757=CARTESIAN_POINT('',(0.0151080725103906,-0.0110320508075689,0.0125751288694036));
#5758=CARTESIAN_POINT('',(0.0105538678222678,-0.0118434760911175,0.0146179929105229));
#5759=CARTESIAN_POINT('',(0.0151080725103906,-0.0110320508075689,0.0125751288694036));
#5760=CARTESIAN_POINT('',(0.0163205080756888,-0.0117320508075689,0.01));
#5761=CARTESIAN_POINT('',(0.0163205080756888,-0.0117320508075689,0.015));
#5762=CARTESIAN_POINT('',(0.0163205080756888,-0.0117320508075689,0.013375));
#5763=CARTESIAN_POINT('',(0.0183205080756888,-0.00826794919243113,0.005));
#5764=CARTESIAN_POINT('',(0.0183205080756888,-0.00826794919243113,0.005));
#5765=CARTESIAN_POINT('',(0.0183205080756888,-0.00826794919243113,0.002));
#5766=CARTESIAN_POINT('',(0.0190700839505247,-0.00696964569308741,0.005));
#5767=CARTESIAN_POINT('',(0.0169217532640729,-0.00469066359348118,0.005));
#5768=CARTESIAN_POINT('',(0.0150617993001163,-0.0063865328036438,0.01));
#5769=CARTESIAN_POINT('',(0.0183205080756888,-0.00826794919243113,0.005));
#5770=CARTESIAN_POINT('',(0.0183205080756888,-0.00826794919243113,0.003375));
#5771=CARTESIAN_POINT('',(0.0183205080756888,-0.00826794919243113,0.015));
#5772=CARTESIAN_POINT('',(0.0183205080756888,-0.00826794919243113,0.015));
#5773=CARTESIAN_POINT('',(0.0183205080756888,-0.00826794919243113,0.012));
#5774=CARTESIAN_POINT('',(0.0190700839505247,-0.00696964569308741,0.015));
#5775=CARTESIAN_POINT('',(0.0169217532640729,-0.00469066359348118,0.015));
#5776=CARTESIAN_POINT('',(0.0150617993001163,-0.0063865328036438,0.01));
#5777=CARTESIAN_POINT('',(0.0183205080756888,-0.00826794919243113,0.015));
#5778=CARTESIAN_POINT('',(0.0183205080756888,-0.00826794919243113,0.013375));
#5779=CARTESIAN_POINT('',(0.0235705080756888,0.000825317547305471,0.015));
#5780=CARTESIAN_POINT('',(0.0168205080756888,-0.0108660254037844,0.015));
#5781=CARTESIAN_POINT('',(0.0168205080756888,-0.0108660254037844,0.016625));
#5782=CARTESIAN_POINT('',(0.0235705080756888,0.000825317547305471,0.005));
#5783=CARTESIAN_POINT('',(0.0168205080756888,-0.0108660254037844,0.005));
#5784=CARTESIAN_POINT('',(0.0168205080756888,-0.0108660254037844,0.006625));
#5785=CARTESIAN_POINT('',(0.0235705080756888,0.000825317547305471,0.005));
#5786=CARTESIAN_POINT('',(0.0178205080756888,-0.00913397459621557,0.005));
#5787=CARTESIAN_POINT('',(0.0178205080756888,-0.00913397459621557,0.003375));
#5788=CARTESIAN_POINT('',(0.0235705080756888,0.000825317547305471,0.015));
#5789=CARTESIAN_POINT('',(0.0178205080756888,-0.00913397459621557,0.015));
#5790=CARTESIAN_POINT('',(0.0178205080756888,-0.00913397459621557,0.013375));
#5791=CARTESIAN_POINT('',(-0.002,-0.0186,0.00742487113059642));
#5792=CARTESIAN_POINT('',(-0.002,-0.0172,0.00661658075373095));
#5793=CARTESIAN_POINT('',(-0.002,-0.0172,0.00661658075373095));
#5794=CARTESIAN_POINT('',(-0.0043386767294881,-0.0172,0.00661658075373095));
#5795=CARTESIAN_POINT('',(-0.002,-0.0186,0.00742487113059642));
#5796=CARTESIAN_POINT('',(-0.002,-0.02,0.00823316150746191));
#5797=CARTESIAN_POINT('',(-0.002,-0.02,0.00823316150746191));
#5798=CARTESIAN_POINT('',(-0.00349915174967186,-0.02,0.00823316150746191));
#5799=CARTESIAN_POINT('',(-0.00254722460047129,-0.023174885896004,0.0100661827341661));
#5800=CARTESIAN_POINT('',(-0.002,-0.0172,0.005));
#5801=CARTESIAN_POINT('',(-0.002,-0.0172,0.00338341924626905));
#5802=CARTESIAN_POINT('',(-0.002,-0.0172,0.00338341924626905));
#5803=CARTESIAN_POINT('',(-0.0043386767294881,-0.0172,0.00338341924626905));
#5804=CARTESIAN_POINT('',(-0.002,-0.0172,0.005));
#5805=CARTESIAN_POINT('',(-0.0043386767294881,-0.0172,0.02));
#5806=CARTESIAN_POINT('',(-0.002,-0.0186,0.00257512886940357));
#5807=CARTESIAN_POINT('',(-0.002,-0.02,0.00176683849253809));
#5808=CARTESIAN_POINT('',(-0.002,-0.02,0.00176683849253809));
#5809=CARTESIAN_POINT('',(-0.00349915174967186,-0.02,0.00176683849253809));
#5810=CARTESIAN_POINT('',(-0.002,-0.0186,0.00257512886940357));
#5811=CARTESIAN_POINT('',(-0.00619611357909553,-0.0110050405837368,0.00696008073286741));
#5812=CARTESIAN_POINT('',(-0.002,-0.0214,0.00257512886940357));
#5813=CARTESIAN_POINT('',(-0.002,-0.0228,0.00338341924626905));
#5814=CARTESIAN_POINT('',(-0.002,-0.0228,0.00338341924626905));
#5815=CARTESIAN_POINT('',(-0.00265962676985562,-0.0228,0.00338341924626905));
#5816=CARTESIAN_POINT('',(-0.002,-0.0214,0.00257512886940357));
#5817=CARTESIAN_POINT('',(-0.00176072810775864,-0.0257980242570298,0.00511432935810223));
#5818=CARTESIAN_POINT('',(-0.002,-0.0228,0.005));
#5819=CARTESIAN_POINT('',(-0.002,-0.0228,0.00661658075373095));
#5820=CARTESIAN_POINT('',(-0.002,-0.0228,0.00661658075373095));
#5821=CARTESIAN_POINT('',(-0.00265962676985562,-0.0228,0.00661658075373095));
#5822=CARTESIAN_POINT('',(-0.002,-0.0228,0.005));
#5823=CARTESIAN_POINT('',(-0.00265962676985562,-0.0228,0.02));
#5824=CARTESIAN_POINT('',(-0.002,-0.0214,0.00742487113059643));
#5825=CARTESIAN_POINT('',(-0.002,-0.0214,0.00742487113059643));
#5826=CARTESIAN_POINT('',(-0.00540961708638287,-0.0136281789447626,0.0119119341089313));
#5827=CARTESIAN_POINT('',(-0.002,-0.02,0.01));
#5828=CARTESIAN_POINT('',(-0.002,-0.02,0.005));
#5829=CARTESIAN_POINT('',(-0.002,-0.02,0.003375));
#5830=CARTESIAN_POINT('',(-0.002,-0.0214,0.0125751288694036));
#5831=CARTESIAN_POINT('',(-0.00297702443396672,-0.0217414091529408,0.0127722415357577));
#5832=CARTESIAN_POINT('',(-0.00349915174967186,-0.02,0.0117668384925381));
#5833=CARTESIAN_POINT('',(-0.00265962676985562,-0.0228,0.013383419246269));
#5834=CARTESIAN_POINT('',(-0.002,-0.0228,0.013383419246269));
#5835=CARTESIAN_POINT('',(-0.002,-0.0228,0.013383419246269));
#5836=CARTESIAN_POINT('',(-0.002,-0.0214,0.0125751288694036));
#5837=CARTESIAN_POINT('',(-0.002,-0.02,0.0117668384925381));
#5838=CARTESIAN_POINT('',(-0.002,-0.02,0.0117668384925381));
#5839=CARTESIAN_POINT('',(-0.002,-0.0228,0.015));
#5840=CARTESIAN_POINT('',(-0.00265962676985562,-0.0228,0.02));
#5841=CARTESIAN_POINT('',(-0.00265962676985562,-0.0228,0.0166165807537309));
#5842=CARTESIAN_POINT('',(-0.002,-0.0228,0.0166165807537309));
#5843=CARTESIAN_POINT('',(-0.002,-0.0228,0.0166165807537309));
#5844=CARTESIAN_POINT('',(-0.002,-0.0228,0.015));
#5845=CARTESIAN_POINT('',(-0.002,-0.0214,0.0174248711305964));
#5846=CARTESIAN_POINT('',(-0.0041933207601748,-0.0176847940488517,0.0195698462865868));
#5847=CARTESIAN_POINT('',(-0.00349915174967186,-0.02,0.0182331615074619));
#5848=CARTESIAN_POINT('',(-0.002,-0.02,0.0182331615074619));
#5849=CARTESIAN_POINT('',(-0.002,-0.02,0.0182331615074619));
#5850=CARTESIAN_POINT('',(-0.002,-0.0214,0.0174248711305964));
#5851=CARTESIAN_POINT('',(-0.002,-0.0186,0.0174248711305964));
#5852=CARTESIAN_POINT('',(-0.00376352092667937,-0.0191182707919149,0.0177240949118216));
#5853=CARTESIAN_POINT('',(-0.0043386767294881,-0.0172,0.0166165807537309));
#5854=CARTESIAN_POINT('',(-0.002,-0.0172,0.0166165807537309));
#5855=CARTESIAN_POINT('',(-0.002,-0.0172,0.0166165807537309));
#5856=CARTESIAN_POINT('',(-0.002,-0.0186,0.0174248711305964));
#5857=CARTESIAN_POINT('',(-0.002,-0.0172,0.015));
#5858=CARTESIAN_POINT('',(-0.0043386767294881,-0.0172,0.02));
#5859=CARTESIAN_POINT('',(-0.0043386767294881,-0.0172,0.0133834192462691));
#5860=CARTESIAN_POINT('',(-0.002,-0.0172,0.0133834192462691));
#5861=CARTESIAN_POINT('',(-0.002,-0.0172,0.0133834192462691));
#5862=CARTESIAN_POINT('',(-0.002,-0.0172,0.015));
#5863=CARTESIAN_POINT('',(-0.002,-0.0186,0.0125751288694036));
#5864=CARTESIAN_POINT('',(-0.00497981725288745,-0.0150616556878258,0.0146179929105229));
#5865=CARTESIAN_POINT('',(-0.002,-0.0186,0.0125751288694036));
#5866=CARTESIAN_POINT('',(-0.002,-0.02,0.01));
#5867=CARTESIAN_POINT('',(-0.002,-0.02,0.015));
#5868=CARTESIAN_POINT('',(-0.002,-0.02,0.013375));
#5869=CARTESIAN_POINT('',(0.002,-0.02,0.005));
#5870=CARTESIAN_POINT('',(0.002,-0.02,0.005));
#5871=CARTESIAN_POINT('',(0.002,-0.02,0.002));
#5872=CARTESIAN_POINT('',(0.00349915174967185,-0.02,0.005));
#5873=CARTESIAN_POINT('',(0.00439864279947497,-0.017,0.005));
#5874=CARTESIAN_POINT('',(0.002,-0.0162371672224254,0.01));
#5875=CARTESIAN_POINT('',(0.002,-0.02,0.005));
#5876=CARTESIAN_POINT('',(0.002,-0.02,0.003375));
#5877=CARTESIAN_POINT('',(0.002,-0.02,0.015));
#5878=CARTESIAN_POINT('',(0.002,-0.02,0.015));
#5879=CARTESIAN_POINT('',(0.002,-0.02,0.012));
#5880=CARTESIAN_POINT('',(0.00349915174967185,-0.02,0.015));
#5881=CARTESIAN_POINT('',(0.00439864279947497,-0.017,0.015));
#5882=CARTESIAN_POINT('',(0.002,-0.0162371672224254,0.01));
#5883=CARTESIAN_POINT('',(0.002,-0.02,0.015));
#5884=CARTESIAN_POINT('',(0.002,-0.02,0.013375));
#5885=CARTESIAN_POINT('',(0.0125,-0.02,0.015));
#5886=CARTESIAN_POINT('',(-0.001,-0.02,0.015));
#5887=CARTESIAN_POINT('',(-0.001,-0.02,0.016625));
#5888=CARTESIAN_POINT('',(0.0125,-0.02,0.005));
#5889=CARTESIAN_POINT('',(-0.001,-0.02,0.005));
#5890=CARTESIAN_POINT('',(-0.001,-0.02,0.006625));
#5891=CARTESIAN_POINT('',(0.0125,-0.02,0.005));
#5892=CARTESIAN_POINT('',(0.001,-0.02,0.005));
#5893=CARTESIAN_POINT('',(0.001,-0.02,0.003375));
#5894=CARTESIAN_POINT('',(0.0125,-0.02,0.015));
#5895=CARTESIAN_POINT('',(0.001,-0.02,0.015));
#5896=CARTESIAN_POINT('',(0.001,-0.02,0.013375));
#5897=CARTESIAN_POINT('',(-0.0171080725103905,-0.00756794919243112,0.00742487113059642));
#5898=CARTESIAN_POINT('',(-0.0158956369450923,-0.00686794919243112,0.00661658075373095));
#5899=CARTESIAN_POINT('',(-0.0158956369450923,-0.00686794919243112,0.00661658075373095));
#5900=CARTESIAN_POINT('',(-0.0170649753098364,-0.00484259573345492,0.00661658075373095));
#5901=CARTESIAN_POINT('',(-0.0171080725103905,-0.00756794919243112,0.00742487113059642));
#5902=CARTESIAN_POINT('',(-0.0183205080756888,-0.00826794919243112,0.00823316150746191));
#5903=CARTESIAN_POINT('',(-0.0183205080756888,-0.00826794919243112,0.00823316150746191));
#5904=CARTESIAN_POINT('',(-0.0190700839505247,-0.0069696456930874,0.00823316150746191));
#5905=CARTESIAN_POINT('',(-0.0213436522159808,-0.00938148173484916,0.0100661827341661));
#5906=CARTESIAN_POINT('',(-0.0158956369450923,-0.00686794919243112,0.005));
#5907=CARTESIAN_POINT('',(-0.0158956369450923,-0.00686794919243112,0.00338341924626905));
#5908=CARTESIAN_POINT('',(-0.0158956369450923,-0.00686794919243112,0.00338341924626905));
#5909=CARTESIAN_POINT('',(-0.0170649753098364,-0.00484259573345491,0.00338341924626905));
#5910=CARTESIAN_POINT('',(-0.0158956369450923,-0.00686794919243112,0.005));
#5911=CARTESIAN_POINT('',(-0.0170649753098364,-0.00484259573345492,0.02));
#5912=CARTESIAN_POINT('',(-0.0171080725103905,-0.00756794919243112,0.00257512886940357));
#5913=CARTESIAN_POINT('',(-0.0183205080756888,-0.00826794919243112,0.00176683849253809));
#5914=CARTESIAN_POINT('',(-0.0183205080756888,-0.00826794919243112,0.00176683849253809));
#5915=CARTESIAN_POINT('',(-0.0190700839505247,-0.0069696456930874,0.00176683849253809));
#5916=CARTESIAN_POINT('',(-0.0171080725103905,-0.00756794919243112,0.00257512886940357));
#5917=CARTESIAN_POINT('',(-0.0126287015047426,-0.000136528527637946,0.00696008073286741));
#5918=CARTESIAN_POINT('',(-0.019532943640987,-0.00896794919243112,0.00257512886940357));
#5919=CARTESIAN_POINT('',(-0.0207453792062852,-0.00966794919243112,0.00338341924626905));
#5920=CARTESIAN_POINT('',(-0.0207453792062852,-0.00966794919243112,0.00338341924626905));
#5921=CARTESIAN_POINT('',(-0.021075192591213,-0.00909669565271988,0.00338341924626905));
#5922=CARTESIAN_POINT('',(-0.019532943640987,-0.00896794919243112,0.00257512886940357));
#5923=CARTESIAN_POINT('',(-0.0232221084279143,-0.0113741768580386,0.00511432935810223));
#5924=CARTESIAN_POINT('',(-0.0207453792062852,-0.00966794919243112,0.005));
#5925=CARTESIAN_POINT('',(-0.0207453792062852,-0.00966794919243112,0.00661658075373095));
#5926=CARTESIAN_POINT('',(-0.0207453792062852,-0.00966794919243112,0.00661658075373095));
#5927=CARTESIAN_POINT('',(-0.021075192591213,-0.00909669565271988,0.00661658075373095));
#5928=CARTESIAN_POINT('',(-0.0207453792062852,-0.00966794919243112,0.005));
#5929=CARTESIAN_POINT('',(-0.021075192591213,-0.00909669565271988,0.02));
#5930=CARTESIAN_POINT('',(-0.019532943640987,-0.00896794919243112,0.00742487113059643));
#5931=CARTESIAN_POINT('',(-0.019532943640987,-0.00896794919243112,0.00742487113059643));
#5932=CARTESIAN_POINT('',(-0.0145071577166761,-0.00212922365082739,0.0119119341089313));
#5933=CARTESIAN_POINT('',(-0.0183205080756888,-0.00826794919243112,0.01));
#5934=CARTESIAN_POINT('',(-0.0183205080756888,-0.00826794919243112,0.005));
#5935=CARTESIAN_POINT('',(-0.0183205080756888,-0.00826794919243112,0.003375));
#5936=CARTESIAN_POINT('',(-0.019532943640987,-0.00896794919243112,0.0125751288694036));
#5937=CARTESIAN_POINT('',(-0.0203171248575016,-0.00829252578896821,0.0127722415357577));
#5938=CARTESIAN_POINT('',(-0.0190700839505247,-0.0069696456930874,0.0117668384925381));
#5939=CARTESIAN_POINT('',(-0.021075192591213,-0.00909669565271988,0.013383419246269));
#5940=CARTESIAN_POINT('',(-0.0207453792062852,-0.00966794919243112,0.013383419246269));
#5941=CARTESIAN_POINT('',(-0.0207453792062852,-0.00966794919243112,0.013383419246269));
#5942=CARTESIAN_POINT('',(-0.019532943640987,-0.00896794919243112,0.0125751288694036));
#5943=CARTESIAN_POINT('',(-0.0183205080756888,-0.00826794919243112,0.0117668384925381));
#5944=CARTESIAN_POINT('',(-0.0183205080756888,-0.00826794919243112,0.0117668384925381));
#5945=CARTESIAN_POINT('',(-0.0207453792062852,-0.00966794919243112,0.015));
#5946=CARTESIAN_POINT('',(-0.021075192591213,-0.00909669565271988,0.02));
#5947=CARTESIAN_POINT('',(-0.021075192591213,-0.00909669565271988,0.0166165807537309));
#5948=CARTESIAN_POINT('',(-0.0207453792062852,-0.00966794919243112,0.0166165807537309));
#5949=CARTESIAN_POINT('',(-0.0207453792062852,-0.00966794919243112,0.0166165807537309));
#5950=CARTESIAN_POINT('',(-0.0207453792062852,-0.00966794919243112,0.015));
#5951=CARTESIAN_POINT('',(-0.019532943640987,-0.00896794919243112,0.0174248711305964));
#5952=CARTESIAN_POINT('',(-0.0174121412870889,-0.0052108747198978,0.0195698462865868));
#5953=CARTESIAN_POINT('',(-0.0190700839505247,-0.0069696456930874,0.0182331615074619));
#5954=CARTESIAN_POINT('',(-0.0183205080756888,-0.00826794919243112,0.0182331615074619));
#5955=CARTESIAN_POINT('',(-0.0183205080756888,-0.00826794919243112,0.0182331615074619));
#5956=CARTESIAN_POINT('',(-0.019532943640987,-0.00896794919243112,0.0174248711305964));
#5957=CARTESIAN_POINT('',(-0.0171080725103905,-0.00756794919243112,0.0174248711305964));
#5958=CARTESIAN_POINT('',(-0.018438668645568,-0.00629983066577875,0.0177240949118216));
#5959=CARTESIAN_POINT('',(-0.0170649753098364,-0.00484259573345492,0.0166165807537309));
#5960=CARTESIAN_POINT('',(-0.0158956369450923,-0.00686794919243112,0.0166165807537309));
#5961=CARTESIAN_POINT('',(-0.0158956369450923,-0.00686794919243112,0.0166165807537309));
#5962=CARTESIAN_POINT('',(-0.0171080725103905,-0.00756794919243112,0.0174248711305964));
#5963=CARTESIAN_POINT('',(-0.0158956369450923,-0.00686794919243112,0.015));
#5964=CARTESIAN_POINT('',(-0.0170649753098364,-0.00484259573345492,0.02));
#5965=CARTESIAN_POINT('',(-0.0170649753098364,-0.00484259573345492,0.0133834192462691));
#5966=CARTESIAN_POINT('',(-0.0158956369450923,-0.00686794919243112,0.0133834192462691));
#5967=CARTESIAN_POINT('',(-0.0158956369450923,-0.00686794919243112,0.0133834192462691));
#5968=CARTESIAN_POINT('',(-0.0158956369450923,-0.00686794919243112,0.015));
#5969=CARTESIAN_POINT('',(-0.0171080725103905,-0.00756794919243112,0.0125751288694036));
#5970=CARTESIAN_POINT('',(-0.0155336850751553,-0.00321817959670835,0.0146179929105229));
#5971=CARTESIAN_POINT('',(-0.0171080725103905,-0.00756794919243112,0.0125751288694036));
#5972=CARTESIAN_POINT('',(-0.0183205080756888,-0.00826794919243112,0.01));
#5973=CARTESIAN_POINT('',(-0.0183205080756888,-0.00826794919243112,0.015));
#5974=CARTESIAN_POINT('',(-0.0183205080756888,-0.00826794919243112,0.013375));
#5975=CARTESIAN_POINT('',(-0.0163205080756888,-0.0117320508075689,0.005));
#5976=CARTESIAN_POINT('',(-0.0163205080756888,-0.0117320508075689,0.005));
#5977=CARTESIAN_POINT('',(-0.0163205080756888,-0.0117320508075689,0.002));
#5978=CARTESIAN_POINT('',(-0.0155709322008529,-0.0130303543069126,0.005));
#5979=CARTESIAN_POINT('',(-0.012523110464598,-0.0123093364065188,0.005));
#5980=CARTESIAN_POINT('',(-0.0130617993001164,-0.00985063441878155,0.01));
#5981=CARTESIAN_POINT('',(-0.0163205080756888,-0.0117320508075689,0.005));
#5982=CARTESIAN_POINT('',(-0.0163205080756888,-0.0117320508075689,0.003375));
#5983=CARTESIAN_POINT('',(-0.0163205080756888,-0.0117320508075689,0.015));
#5984=CARTESIAN_POINT('',(-0.0163205080756888,-0.0117320508075689,0.015));
#5985=CARTESIAN_POINT('',(-0.0163205080756888,-0.0117320508075689,0.012));
#5986=CARTESIAN_POINT('',(-0.0155709322008529,-0.0130303543069126,0.015));
#5987=CARTESIAN_POINT('',(-0.012523110464598,-0.0123093364065188,0.015));
#5988=CARTESIAN_POINT('',(-0.0130617993001164,-0.00985063441878155,0.01));
#5989=CARTESIAN_POINT('',(-0.0163205080756888,-0.0117320508075689,0.015));
#5990=CARTESIAN_POINT('',(-0.0163205080756888,-0.0117320508075689,0.013375));
#5991=CARTESIAN_POINT('',(-0.0110705080756888,-0.0208253175473055,0.015));
#5992=CARTESIAN_POINT('',(-0.0178205080756888,-0.00913397459621556,0.015));
#5993=CARTESIAN_POINT('',(-0.0178205080756888,-0.00913397459621556,0.016625));
#5994=CARTESIAN_POINT('',(-0.0110705080756888,-0.0208253175473055,0.005));
#5995=CARTESIAN_POINT('',(-0.0178205080756888,-0.00913397459621556,0.005));
#5996=CARTESIAN_POINT('',(-0.0178205080756888,-0.00913397459621556,0.006625));
#5997=CARTESIAN_POINT('',(-0.0110705080756888,-0.0208253175473055,0.005));
#5998=CARTESIAN_POINT('',(-0.0168205080756888,-0.0108660254037844,0.005));
#5999=CARTESIAN_POINT('',(-0.0168205080756888,-0.0108660254037844,0.003375));
#6000=CARTESIAN_POINT('',(-0.0110705080756888,-0.0208253175473055,0.015));
#6001=CARTESIAN_POINT('',(-0.0168205080756888,-0.0108660254037844,0.015));
#6002=CARTESIAN_POINT('',(-0.0168205080756888,-0.0108660254037844,0.013375));
#6003=CARTESIAN_POINT('',(-0.0151080725103906,0.0110320508075689,0.00742487113059642));
#6004=CARTESIAN_POINT('',(-0.0138956369450923,0.0103320508075689,0.00661658075373095));
#6005=CARTESIAN_POINT('',(-0.0138956369450923,0.0103320508075689,0.00661658075373095));
#6006=CARTESIAN_POINT('',(-0.0127262985803483,0.0123574042665451,0.00661658075373095));
#6007=CARTESIAN_POINT('',(-0.0151080725103906,0.0110320508075689,0.00742487113059642));
#6008=CARTESIAN_POINT('',(-0.0163205080756888,0.0117320508075689,0.00823316150746191));
#6009=CARTESIAN_POINT('',(-0.0163205080756888,0.0117320508075689,0.00823316150746191));
#6010=CARTESIAN_POINT('',(-0.0155709322008529,0.0130303543069126,0.00823316150746191));
#6011=CARTESIAN_POINT('',(-0.0187964276155094,0.0137934041611548,0.0100661827341661));
#6012=CARTESIAN_POINT('',(-0.0138956369450923,0.0103320508075689,0.005));
#6013=CARTESIAN_POINT('',(-0.0138956369450923,0.0103320508075689,0.00338341924626905));
#6014=CARTESIAN_POINT('',(-0.0138956369450923,0.0103320508075689,0.00338341924626905));
#6015=CARTESIAN_POINT('',(-0.0127262985803483,0.0123574042665451,0.00338341924626905));
#6016=CARTESIAN_POINT('',(-0.0138956369450923,0.0103320508075689,0.005));
#6017=CARTESIAN_POINT('',(-0.0127262985803483,0.0123574042665451,0.02));
#6018=CARTESIAN_POINT('',(-0.0151080725103906,0.0110320508075689,0.00257512886940357));
#6019=CARTESIAN_POINT('',(-0.0163205080756888,0.0117320508075689,0.00176683849253809));
#6020=CARTESIAN_POINT('',(-0.0163205080756888,0.0117320508075689,0.00176683849253809));
#6021=CARTESIAN_POINT('',(-0.0155709322008529,0.0130303543069126,0.00176683849253809));
#6022=CARTESIAN_POINT('',(-0.0151080725103906,0.0110320508075689,0.00257512886940357));
#6023=CARTESIAN_POINT('',(-0.00643258792564703,0.0108685120560988,0.00696008073286741));
#6024=CARTESIAN_POINT('',(-0.017532943640987,0.0124320508075689,0.00257512886940357));
#6025=CARTESIAN_POINT('',(-0.0187453792062852,0.0131320508075689,0.00338341924626905));
#6026=CARTESIAN_POINT('',(-0.0187453792062852,0.0131320508075689,0.00338341924626905));
#6027=CARTESIAN_POINT('',(-0.0184155658213574,0.0137033043472801,0.00338341924626905));
#6028=CARTESIAN_POINT('',(-0.017532943640987,0.0124320508075689,0.00257512886940357));
#6029=CARTESIAN_POINT('',(-0.0214613803201557,0.0144238473989912,0.00511432935810223));
#6030=CARTESIAN_POINT('',(-0.0187453792062852,0.0131320508075689,0.005));
#6031=CARTESIAN_POINT('',(-0.0187453792062852,0.0131320508075689,0.00661658075373095));
#6032=CARTESIAN_POINT('',(-0.0187453792062852,0.0131320508075689,0.00661658075373095));
#6033=CARTESIAN_POINT('',(-0.0184155658213574,0.0137033043472801,0.00661658075373095));
#6034=CARTESIAN_POINT('',(-0.0187453792062852,0.0131320508075689,0.005));
#6035=CARTESIAN_POINT('',(-0.0184155658213574,0.0137033043472801,0.02));
#6036=CARTESIAN_POINT('',(-0.017532943640987,0.0124320508075689,0.00742487113059643));
#6037=CARTESIAN_POINT('',(-0.017532943640987,0.0124320508075689,0.00742487113059643));
#6038=CARTESIAN_POINT('',(-0.00909754063029322,0.0114989552939352,0.0119119341089313));
#6039=CARTESIAN_POINT('',(-0.0163205080756888,0.0117320508075689,0.01));
#6040=CARTESIAN_POINT('',(-0.0163205080756888,0.0117320508075689,0.005));
#6041=CARTESIAN_POINT('',(-0.0163205080756888,0.0117320508075689,0.003375));
#6042=CARTESIAN_POINT('',(-0.017532943640987,0.0124320508075689,0.0125751288694036));
#6043=CARTESIAN_POINT('',(-0.0173401004235349,0.0134488833639725,0.0127722415357577));
#6044=CARTESIAN_POINT('',(-0.0155709322008529,0.0130303543069126,0.0117668384925381));
#6045=CARTESIAN_POINT('',(-0.0184155658213574,0.0137033043472801,0.013383419246269));
#6046=CARTESIAN_POINT('',(-0.0187453792062852,0.0131320508075689,0.013383419246269));
#6047=CARTESIAN_POINT('',(-0.0187453792062852,0.0131320508075689,0.013383419246269));
#6048=CARTESIAN_POINT('',(-0.017532943640987,0.0124320508075689,0.0125751288694036));
#6049=CARTESIAN_POINT('',(-0.0163205080756888,0.0117320508075689,0.0117668384925381));
#6050=CARTESIAN_POINT('',(-0.0163205080756888,0.0117320508075689,0.0117668384925381));
#6051=CARTESIAN_POINT('',(-0.0187453792062852,0.0131320508075689,0.015));
#6052=CARTESIAN_POINT('',(-0.0184155658213574,0.0137033043472801,0.02));
#6053=CARTESIAN_POINT('',(-0.0184155658213574,0.0137033043472801,0.0166165807537309));
#6054=CARTESIAN_POINT('',(-0.0187453792062852,0.0131320508075689,0.0166165807537309));
#6055=CARTESIAN_POINT('',(-0.0187453792062852,0.0131320508075689,0.0166165807537309));
#6056=CARTESIAN_POINT('',(-0.0187453792062852,0.0131320508075689,0.015));
#6057=CARTESIAN_POINT('',(-0.017532943640987,0.0124320508075689,0.0174248711305964));
#6058=CARTESIAN_POINT('',(-0.013218820526914,0.0124739193289539,0.0195698462865868));
#6059=CARTESIAN_POINT('',(-0.0155709322008529,0.0130303543069126,0.0182331615074619));
#6060=CARTESIAN_POINT('',(-0.0163205080756888,0.0117320508075689,0.0182331615074619));
#6061=CARTESIAN_POINT('',(-0.0163205080756888,0.0117320508075689,0.0182331615074619));
#6062=CARTESIAN_POINT('',(-0.017532943640987,0.0124320508075689,0.0174248711305964));
#6063=CARTESIAN_POINT('',(-0.0151080725103906,0.0110320508075689,0.0174248711305964));
#6064=CARTESIAN_POINT('',(-0.0146751477188886,0.0128184401261361,0.0177240949118216));
#6065=CARTESIAN_POINT('',(-0.0127262985803483,0.0123574042665451,0.0166165807537309));
#6066=CARTESIAN_POINT('',(-0.0138956369450923,0.0103320508075689,0.0166165807537309));
#6067=CARTESIAN_POINT('',(-0.0138956369450923,0.0103320508075689,0.0166165807537309));
#6068=CARTESIAN_POINT('',(-0.0151080725103906,0.0110320508075689,0.0174248711305964));
#6069=CARTESIAN_POINT('',(-0.0138956369450923,0.0103320508075689,0.015));
#6070=CARTESIAN_POINT('',(-0.0127262985803483,0.0123574042665451,0.02));
#6071=CARTESIAN_POINT('',(-0.0127262985803483,0.0123574042665451,0.0133834192462691));
#6072=CARTESIAN_POINT('',(-0.0138956369450923,0.0103320508075689,0.0133834192462691));
#6073=CARTESIAN_POINT('',(-0.0138956369450923,0.0103320508075689,0.0133834192462691));
#6074=CARTESIAN_POINT('',(-0.0138956369450923,0.0103320508075689,0.015));
#6075=CARTESIAN_POINT('',(-0.0151080725103906,0.0110320508075689,0.0125751288694036));
#6076=CARTESIAN_POINT('',(-0.0105538678222678,0.0118434760911175,0.0146179929105229));
#6077=CARTESIAN_POINT('',(-0.0151080725103906,0.0110320508075689,0.0125751288694036));
#6078=CARTESIAN_POINT('',(-0.0163205080756888,0.0117320508075689,0.01));
#6079=CARTESIAN_POINT('',(-0.0163205080756888,0.0117320508075689,0.015));
#6080=CARTESIAN_POINT('',(-0.0163205080756888,0.0117320508075689,0.013375));
#6081=CARTESIAN_POINT('',(-0.0183205080756888,0.00826794919243112,0.005));
#6082=CARTESIAN_POINT('',(-0.0183205080756888,0.00826794919243112,0.005));
#6083=CARTESIAN_POINT('',(-0.0183205080756888,0.00826794919243112,0.002));
#6084=CARTESIAN_POINT('',(-0.0190700839505247,0.00696964569308741,0.005));
#6085=CARTESIAN_POINT('',(-0.0169217532640729,0.00469066359348118,0.005));
#6086=CARTESIAN_POINT('',(-0.0150617993001163,0.00638653280364379,0.01));
#6087=CARTESIAN_POINT('',(-0.0183205080756888,0.00826794919243112,0.005));
#6088=CARTESIAN_POINT('',(-0.0183205080756888,0.00826794919243112,0.003375));
#6089=CARTESIAN_POINT('',(-0.0183205080756888,0.00826794919243112,0.015));
#6090=CARTESIAN_POINT('',(-0.0183205080756888,0.00826794919243112,0.015));
#6091=CARTESIAN_POINT('',(-0.0183205080756888,0.00826794919243112,0.012));
#6092=CARTESIAN_POINT('',(-0.0190700839505247,0.00696964569308741,0.015));
#6093=CARTESIAN_POINT('',(-0.0169217532640729,0.00469066359348118,0.015));
#6094=CARTESIAN_POINT('',(-0.0150617993001163,0.00638653280364379,0.01));
#6095=CARTESIAN_POINT('',(-0.0183205080756888,0.00826794919243112,0.015));
#6096=CARTESIAN_POINT('',(-0.0183205080756888,0.00826794919243112,0.013375));
#6097=CARTESIAN_POINT('',(-0.0235705080756888,-0.000825317547305481,0.015));
#6098=CARTESIAN_POINT('',(-0.0168205080756888,0.0108660254037844,0.015));
#6099=CARTESIAN_POINT('',(-0.0168205080756888,0.0108660254037844,0.016625));
#6100=CARTESIAN_POINT('',(-0.0235705080756888,-0.000825317547305481,0.005));
#6101=CARTESIAN_POINT('',(-0.0168205080756888,0.0108660254037844,0.005));
#6102=CARTESIAN_POINT('',(-0.0168205080756888,0.0108660254037844,0.006625));
#6103=CARTESIAN_POINT('',(-0.0235705080756888,-0.000825317547305481,0.005));
#6104=CARTESIAN_POINT('',(-0.0178205080756888,0.00913397459621556,0.005));
#6105=CARTESIAN_POINT('',(-0.0178205080756888,0.00913397459621556,0.003375));
#6106=CARTESIAN_POINT('',(-0.0235705080756888,-0.000825317547305481,0.015));
#6107=CARTESIAN_POINT('',(-0.0178205080756888,0.00913397459621556,0.015));
#6108=CARTESIAN_POINT('',(-0.0178205080756888,0.00913397459621556,0.013375));
#6109=CARTESIAN_POINT('',(0.004125,0.0179126587736528,0.02));
#6110=CARTESIAN_POINT('',(0.00297702443396671,0.0217414091529408,0.0127722415357577));
#6111=CARTESIAN_POINT('',(0.00349915174967186,0.02,0.0117668384925381));
#6112=CARTESIAN_POINT('',(0.00265962676985562,0.0228,0.013383419246269));
#6113=CARTESIAN_POINT('',(0.00497981725288745,0.0150616556878258,0.0146179929105229));
#6114=CARTESIAN_POINT('',(0.0043386767294881,0.0172,0.0133834192462691));
#6115=CARTESIAN_POINT('',(0.0043386767294881,0.0172,0.02));
#6116=CARTESIAN_POINT('',(0.0043386767294881,0.0172,0.0166165807537309));
#6117=CARTESIAN_POINT('',(0.00376352092667937,0.0191182707919149,0.0177240949118216));
#6118=CARTESIAN_POINT('',(0.00349915174967186,0.02,0.0182331615074619));
#6119=CARTESIAN_POINT('',(0.0041933207601748,0.0176847940488517,0.0195698462865868));
#6120=CARTESIAN_POINT('',(0.00265962676985562,0.0228,0.0166165807537309));
#6121=CARTESIAN_POINT('',(0.00265962676985562,0.0228,0.02));
#6122=CARTESIAN_POINT('',(0.004125,0.0179126587736528,0.02));
#6123=CARTESIAN_POINT('',(0.002,0.025,0.02));
#6124=CARTESIAN_POINT('',(0.00597926597863648,0.0117282749077688,0.02));
#6125=CARTESIAN_POINT('',(0.00597926597863648,0.0117282749077688,0.02));
#6126=CARTESIAN_POINT('',(0.00597926597863648,0.0117282749077688,0.));
#6127=CARTESIAN_POINT('',(0.004125,0.0179126587736528,0.));
#6128=CARTESIAN_POINT('',(0.002,0.025,0.));
#6129=CARTESIAN_POINT('',(0.002,0.025,0.02));
#6130=CARTESIAN_POINT('',(0.0043386767294881,0.0172,0.02));
#6131=CARTESIAN_POINT('',(0.0043386767294881,0.0172,0.00338341924626905));
#6132=CARTESIAN_POINT('',(0.0043386767294881,0.0172,0.00661658075373095));
#6133=CARTESIAN_POINT('',(0.00254722460047129,0.023174885896004,0.0100661827341661));
#6134=CARTESIAN_POINT('',(0.00349915174967186,0.02,0.00823316150746191));
#6135=CARTESIAN_POINT('',(0.00540961708638287,0.0136281789447626,0.0119119341089313));
#6136=CARTESIAN_POINT('',(0.00265962676985562,0.0228,0.00661658075373095));
#6137=CARTESIAN_POINT('',(0.00265962676985562,0.0228,0.02));
#6138=CARTESIAN_POINT('',(0.00265962676985562,0.0228,0.00338341924626905));
#6139=CARTESIAN_POINT('',(0.00176072810775863,0.0257980242570298,0.00511432935810223));
#6140=CARTESIAN_POINT('',(0.00349915174967186,0.02,0.00176683849253809));
#6141=CARTESIAN_POINT('',(0.00619611357909553,0.0110050405837368,0.00696008073286741));
#6142=CARTESIAN_POINT('',(-0.0125,0.02,0.005));
#6143=CARTESIAN_POINT('',(0.001,0.02,0.005));
#6144=CARTESIAN_POINT('',(0.001,0.02,0.006625));
#6145=CARTESIAN_POINT('',(0.002,0.02,0.005));
#6146=CARTESIAN_POINT('',(0.002,0.02,0.003375));
#6147=CARTESIAN_POINT('',(-0.0125,0.02,0.015));
#6148=CARTESIAN_POINT('',(0.001,0.02,0.015));
#6149=CARTESIAN_POINT('',(0.001,0.02,0.016625));
#6150=CARTESIAN_POINT('',(0.002,0.02,0.015));
#6151=CARTESIAN_POINT('',(0.002,0.02,0.013375));
#6152=CARTESIAN_POINT('',(-0.004125,0.0179126587736528,0.02));
#6153=CARTESIAN_POINT('',(-0.004125,0.0179126587736528,0.));
#6154=CARTESIAN_POINT('',(-0.002,0.025,0.));
#6155=CARTESIAN_POINT('',(-0.00597926597863648,0.0117282749077688,0.));
#6156=CARTESIAN_POINT('',(-0.00597926597863648,0.0117282749077688,0.02));
#6157=CARTESIAN_POINT('',(-0.00597926597863648,0.0117282749077688,0.02));
#6158=CARTESIAN_POINT('',(-0.004125,0.0179126587736528,0.02));
#6159=CARTESIAN_POINT('',(-0.002,0.025,0.02));
#6160=CARTESIAN_POINT('',(-0.002,0.025,0.02));
#6161=CARTESIAN_POINT('',(-0.00349915174967186,0.02,0.005));
#6162=CARTESIAN_POINT('',(-0.00439864279947498,0.017,0.005));
#6163=CARTESIAN_POINT('',(-0.00349915174967186,0.02,0.015));
#6164=CARTESIAN_POINT('',(-0.00439864279947498,0.017,0.015));
#6165=CARTESIAN_POINT('',(0.001,0.0175,0.02));
#6166=CARTESIAN_POINT('',(0.001,0.0175,0.));
#6167=CARTESIAN_POINT('',(0.001,0.0109219544457293,0.));
#6168=CARTESIAN_POINT('',(0.001,0.025,0.));
#6169=CARTESIAN_POINT('',(0.001,0.0109219544457293,0.02));
#6170=CARTESIAN_POINT('',(0.001,0.0109219544457293,0.02));
#6171=CARTESIAN_POINT('',(0.001,0.0175,0.02));
#6172=CARTESIAN_POINT('',(0.001,0.025,0.02));
#6173=CARTESIAN_POINT('',(0.001,0.025,0.02));
#6174=CARTESIAN_POINT('',(-0.001,0.0175,0.02));
#6175=CARTESIAN_POINT('',(-0.001,0.02,0.005));
#6176=CARTESIAN_POINT('',(-0.001,0.02,0.003375));
#6177=CARTESIAN_POINT('',(-0.001,0.0175,0.02));
#6178=CARTESIAN_POINT('',(-0.001,0.025,0.02));
#6179=CARTESIAN_POINT('',(-0.001,0.0109219544457293,0.02));
#6180=CARTESIAN_POINT('',(-0.001,0.0109219544457293,0.));
#6181=CARTESIAN_POINT('',(-0.001,0.0109219544457293,0.));
#6182=CARTESIAN_POINT('',(-0.001,0.0175,0.));
#6183=CARTESIAN_POINT('',(-0.001,0.025,0.));
#6184=CARTESIAN_POINT('',(-0.001,0.025,0.02));
#6185=CARTESIAN_POINT('',(-0.001,0.02,0.015));
#6186=CARTESIAN_POINT('',(-0.001,0.02,0.013375));
#6187=CARTESIAN_POINT('',(0.0134503175473055,-0.0125286841774372,0.02));
#6188=CARTESIAN_POINT('',(0.0134503175473055,-0.0125286841774372,0.02));
#6189=CARTESIAN_POINT('',(0.020650635094611,-0.0142320508075689,0.02));
#6190=CARTESIAN_POINT('',(0.0071673510233771,-0.0110423336873676,0.02));
#6191=CARTESIAN_POINT('',(0.0071673510233771,-0.0110423336873676,0.02));
#6192=CARTESIAN_POINT('',(0.0071673510233771,-0.0110423336873676,0.));
#6193=CARTESIAN_POINT('',(0.0134503175473055,-0.0125286841774372,0.));
#6194=CARTESIAN_POINT('',(0.020650635094611,-0.0142320508075689,0.));
#6195=CARTESIAN_POINT('',(0.020650635094611,-0.0142320508075689,0.02));
#6196=CARTESIAN_POINT('',(0.020900635094611,-0.0137990381056767,0.02));
#6197=CARTESIAN_POINT('',(0.020900635094611,-0.0137990381056767,0.));
#6198=CARTESIAN_POINT('',(0.021150635094611,-0.0133660254037844,0.));
#6199=CARTESIAN_POINT('',(0.021150635094611,-0.0133660254037844,0.02));
#6200=CARTESIAN_POINT('',(0.021150635094611,-0.0133660254037844,0.02));
#6201=CARTESIAN_POINT('',(0.020900635094611,-0.0137990381056767,0.02));
#6202=CARTESIAN_POINT('',(0.0146554445662277,-0.00961602540378445,0.02));
#6203=CARTESIAN_POINT('',(0.0146554445662277,-0.00961602540378445,0.));
#6204=CARTESIAN_POINT('',(0.00895869000897795,-0.00632700262664909,0.));
#6205=CARTESIAN_POINT('',(0.00895869000897795,-0.00632700262664909,0.02));
#6206=CARTESIAN_POINT('',(0.00895869000897795,-0.00632700262664909,0.02));
#6207=CARTESIAN_POINT('',(0.0146554445662277,-0.00961602540378445,0.02));
#6208=CARTESIAN_POINT('',(0.00866025403784438,-0.005,0.02));
#6209=CARTESIAN_POINT('',(0.00866025403784438,-0.005,0.02));
#6210=CARTESIAN_POINT('',(0.00869927681497974,-0.00493241056734913,0.02));
#6211=CARTESIAN_POINT('',(0.00862123126070903,-0.00506758943265088,0.02));
#6212=CARTESIAN_POINT('',(0.00862123126070903,-0.00506758943265088,0.));
#6213=CARTESIAN_POINT('',(0.00862123126070903,-0.00506758943265088,0.));
#6214=CARTESIAN_POINT('',(0.00866025403784438,-0.005,0.));
#6215=CARTESIAN_POINT('',(0.00869927681497974,-0.00493241056734913,0.));
#6216=CARTESIAN_POINT('',(0.00869927681497974,-0.00493241056734913,0.02));
#6217=CARTESIAN_POINT('',(0.0156554445662276,-0.00788397459621557,0.02));
#6218=CARTESIAN_POINT('',(0.0156554445662276,-0.00788397459621557,0.02));
#6219=CARTESIAN_POINT('',(0.0221506350946109,-0.0116339745962156,0.02));
#6220=CARTESIAN_POINT('',(0.00995869000897795,-0.00459495181908021,0.02));
#6221=CARTESIAN_POINT('',(0.00995869000897795,-0.00459495181908021,0.));
#6222=CARTESIAN_POINT('',(0.00995869000897795,-0.00459495181908021,0.));
#6223=CARTESIAN_POINT('',(0.0156554445662276,-0.00788397459621557,0.));
#6224=CARTESIAN_POINT('',(0.0221506350946109,-0.0116339745962156,0.));
#6225=CARTESIAN_POINT('',(0.0221506350946109,-0.0116339745962156,0.02));
#6226=CARTESIAN_POINT('',(0.0224006350946109,-0.0112009618943233,0.02));
#6227=CARTESIAN_POINT('',(0.0224006350946109,-0.0112009618943233,0.));
#6228=CARTESIAN_POINT('',(0.0226506350946109,-0.0107679491924311,0.));
#6229=CARTESIAN_POINT('',(0.0226506350946109,-0.0107679491924311,0.02));
#6230=CARTESIAN_POINT('',(0.0226506350946109,-0.0107679491924311,0.02));
#6231=CARTESIAN_POINT('',(0.0224006350946109,-0.0112009618943233,0.02));
#6232=CARTESIAN_POINT('',(0.0175753175473055,-0.00538397459621557,0.02));
#6233=CARTESIAN_POINT('',(0.0175753175473055,-0.00538397459621557,0.));
#6234=CARTESIAN_POINT('',(0.0131466170020136,-0.000685941220401165,0.));
#6235=CARTESIAN_POINT('',(0.0131466170020136,-0.000685941220401166,0.02));
#6236=CARTESIAN_POINT('',(0.0131466170020136,-0.000685941220401165,0.02));
#6237=CARTESIAN_POINT('',(0.0175753175473055,-0.00538397459621557,0.02));
#6238=CARTESIAN_POINT('',(0.0175753175473055,0.00538397459621556,0.02));
#6239=CARTESIAN_POINT('',(0.0175753175473055,0.00538397459621556,0.02));
#6240=CARTESIAN_POINT('',(0.0226506350946109,0.0107679491924311,0.02));
#6241=CARTESIAN_POINT('',(0.0131466170020136,0.000685941220401163,0.02));
#6242=CARTESIAN_POINT('',(0.0131466170020136,0.000685941220401164,0.02));
#6243=CARTESIAN_POINT('',(0.0131466170020136,0.000685941220401163,0.));
#6244=CARTESIAN_POINT('',(0.0175753175473055,0.00538397459621556,0.));
#6245=CARTESIAN_POINT('',(0.0226506350946109,0.0107679491924311,0.));
#6246=CARTESIAN_POINT('',(0.0226506350946109,0.0107679491924311,0.02));
#6247=CARTESIAN_POINT('',(0.022400635094611,0.0112009618943233,0.02));
#6248=CARTESIAN_POINT('',(0.022400635094611,0.0112009618943233,0.));
#6249=CARTESIAN_POINT('',(0.0221506350946109,0.0116339745962155,0.));
#6250=CARTESIAN_POINT('',(0.0221506350946109,0.0116339745962155,0.02));
#6251=CARTESIAN_POINT('',(0.0221506350946109,0.0116339745962155,0.02));
#6252=CARTESIAN_POINT('',(0.022400635094611,0.0112009618943233,0.02));
#6253=CARTESIAN_POINT('',(0.0156554445662276,0.00788397459621556,0.02));
#6254=CARTESIAN_POINT('',(0.0156554445662276,0.00788397459621556,0.));
#6255=CARTESIAN_POINT('',(0.00995869000897795,0.0045949518190802,0.));
#6256=CARTESIAN_POINT('',(0.00995869000897795,0.0045949518190802,0.02));
#6257=CARTESIAN_POINT('',(0.00995869000897795,0.0045949518190802,0.02));
#6258=CARTESIAN_POINT('',(0.0156554445662276,0.00788397459621556,0.02));
#6259=CARTESIAN_POINT('',(0.00866025403784438,0.005,0.02));
#6260=CARTESIAN_POINT('',(0.00866025403784438,0.005,0.02));
#6261=CARTESIAN_POINT('',(0.00862123126070903,0.00506758943265088,0.02));
#6262=CARTESIAN_POINT('',(0.00869927681497974,0.00493241056734913,0.02));
#6263=CARTESIAN_POINT('',(0.00869927681497974,0.00493241056734913,0.));
#6264=CARTESIAN_POINT('',(0.00869927681497974,0.00493241056734913,0.));
#6265=CARTESIAN_POINT('',(0.00866025403784438,0.005,0.));
#6266=CARTESIAN_POINT('',(0.00862123126070903,0.00506758943265088,0.));
#6267=CARTESIAN_POINT('',(0.00862123126070903,0.00506758943265088,0.02));
#6268=CARTESIAN_POINT('',(0.0146554445662277,0.00961602540378444,0.02));
#6269=CARTESIAN_POINT('',(0.0146554445662277,0.00961602540378444,0.02));
#6270=CARTESIAN_POINT('',(0.021150635094611,0.0133660254037844,0.02));
#6271=CARTESIAN_POINT('',(0.00895869000897795,0.00632700262664909,0.02));
#6272=CARTESIAN_POINT('',(0.00895869000897795,0.00632700262664909,0.));
#6273=CARTESIAN_POINT('',(0.00895869000897795,0.00632700262664909,0.));
#6274=CARTESIAN_POINT('',(0.0146554445662277,0.00961602540378444,0.));
#6275=CARTESIAN_POINT('',(0.021150635094611,0.0133660254037844,0.));
#6276=CARTESIAN_POINT('',(0.021150635094611,0.0133660254037844,0.02));
#6277=CARTESIAN_POINT('',(0.020900635094611,0.0137990381056766,0.02));
#6278=CARTESIAN_POINT('',(0.020900635094611,0.0137990381056766,0.));
#6279=CARTESIAN_POINT('',(0.020650635094611,0.0142320508075688,0.));
#6280=CARTESIAN_POINT('',(0.020650635094611,0.0142320508075688,0.02));
#6281=CARTESIAN_POINT('',(0.020650635094611,0.0142320508075688,0.02));
#6282=CARTESIAN_POINT('',(0.020900635094611,0.0137990381056766,0.02));
#6283=CARTESIAN_POINT('',(0.0134503175473055,0.0125286841774372,0.02));
#6284=CARTESIAN_POINT('',(0.0134503175473055,0.0125286841774372,0.));
#6285=CARTESIAN_POINT('',(0.0071673510233771,0.0110423336873676,0.));
#6286=CARTESIAN_POINT('',(0.0071673510233771,0.0110423336873676,0.02));
#6287=CARTESIAN_POINT('',(0.0071673510233771,0.0110423336873676,0.02));
#6288=CARTESIAN_POINT('',(0.0134503175473055,0.0125286841774372,0.02));
#6289=CARTESIAN_POINT('',(0.0015,0.025,0.02));
#6290=CARTESIAN_POINT('',(0.0015,0.025,0.));
#6291=CARTESIAN_POINT('',(0.0015,0.025,0.02));
#6292=CARTESIAN_POINT('',(0.,0.01,0.02));
#6293=CARTESIAN_POINT('',(0.,0.01,0.02));
#6294=CARTESIAN_POINT('',(-7.8045554270714E-5,0.01,0.02));
#6295=CARTESIAN_POINT('',(7.80455542707125E-5,0.01,0.02));
#6296=CARTESIAN_POINT('',(7.80455542707125E-5,0.01,0.));
#6297=CARTESIAN_POINT('',(7.80455542707125E-5,0.01,0.));
#6298=CARTESIAN_POINT('',(0.,0.01,0.));
#6299=CARTESIAN_POINT('',(-7.8045554270714E-5,0.01,0.));
#6300=CARTESIAN_POINT('',(-7.8045554270714E-5,0.01,0.02));
#6301=CARTESIAN_POINT('',(-0.0015,0.025,0.02));
#6302=CARTESIAN_POINT('',(-0.0015,0.025,0.));
#6303=CARTESIAN_POINT('',(-0.0015,0.025,0.02));
#6304=CARTESIAN_POINT('',(-0.0134503175473055,0.0125286841774372,0.02));
#6305=CARTESIAN_POINT('',(-0.0134503175473055,0.0125286841774372,0.02));
#6306=CARTESIAN_POINT('',(-0.020650635094611,0.0142320508075689,0.02));
#6307=CARTESIAN_POINT('',(-0.0071673510233771,0.0110423336873676,0.02));
#6308=CARTESIAN_POINT('',(-0.0071673510233771,0.0110423336873676,0.02));
#6309=CARTESIAN_POINT('',(-0.0071673510233771,0.0110423336873676,0.));
#6310=CARTESIAN_POINT('',(-0.0134503175473055,0.0125286841774372,0.));
#6311=CARTESIAN_POINT('',(-0.020650635094611,0.0142320508075689,0.));
#6312=CARTESIAN_POINT('',(-0.020650635094611,0.0142320508075689,0.02));
#6313=CARTESIAN_POINT('',(-0.020900635094611,0.0137990381056767,0.02));
#6314=CARTESIAN_POINT('',(-0.020900635094611,0.0137990381056767,0.));
#6315=CARTESIAN_POINT('',(-0.021150635094611,0.0133660254037844,0.));
#6316=CARTESIAN_POINT('',(-0.021150635094611,0.0133660254037844,0.02));
#6317=CARTESIAN_POINT('',(-0.021150635094611,0.0133660254037844,0.02));
#6318=CARTESIAN_POINT('',(-0.020900635094611,0.0137990381056767,0.02));
#6319=CARTESIAN_POINT('',(-0.0146554445662277,0.00961602540378444,0.02));
#6320=CARTESIAN_POINT('',(-0.0146554445662277,0.00961602540378444,0.));
#6321=CARTESIAN_POINT('',(-0.00895869000897795,0.00632700262664909,0.));
#6322=CARTESIAN_POINT('',(-0.00895869000897795,0.00632700262664909,0.02));
#6323=CARTESIAN_POINT('',(-0.00895869000897795,0.00632700262664909,0.02));
#6324=CARTESIAN_POINT('',(-0.0146554445662277,0.00961602540378444,0.02));
#6325=CARTESIAN_POINT('',(-0.00866025403784439,0.005,0.02));
#6326=CARTESIAN_POINT('',(-0.00866025403784439,0.005,0.));
#6327=CARTESIAN_POINT('',(-0.00869927681497974,0.00493241056734913,0.));
#6328=CARTESIAN_POINT('',(-0.00862123126070903,0.00506758943265087,0.));
#6329=CARTESIAN_POINT('',(-0.00869927681497974,0.00493241056734913,0.02));
#6330=CARTESIAN_POINT('',(-0.00869927681497974,0.00493241056734913,0.02));
#6331=CARTESIAN_POINT('',(-0.00866025403784439,0.005,0.02));
#6332=CARTESIAN_POINT('',(-0.00862123126070903,0.00506758943265087,0.02));
#6333=CARTESIAN_POINT('',(-0.00862123126070903,0.00506758943265087,0.));
#6334=CARTESIAN_POINT('',(-0.0156554445662276,0.00788397459621556,0.02));
#6335=CARTESIAN_POINT('',(-0.0156554445662276,0.00788397459621556,0.02));
#6336=CARTESIAN_POINT('',(-0.0221506350946109,0.0116339745962156,0.02));
#6337=CARTESIAN_POINT('',(-0.00995869000897795,0.00459495181908021,0.02));
#6338=CARTESIAN_POINT('',(-0.00995869000897795,0.00459495181908021,0.));
#6339=CARTESIAN_POINT('',(-0.00995869000897795,0.00459495181908021,0.));
#6340=CARTESIAN_POINT('',(-0.0156554445662276,0.00788397459621556,0.));
#6341=CARTESIAN_POINT('',(-0.0221506350946109,0.0116339745962156,0.));
#6342=CARTESIAN_POINT('',(-0.0221506350946109,0.0116339745962156,0.02));
#6343=CARTESIAN_POINT('',(-0.0224006350946109,0.0112009618943233,0.02));
#6344=CARTESIAN_POINT('',(-0.0224006350946109,0.0112009618943233,0.));
#6345=CARTESIAN_POINT('',(-0.0226506350946109,0.0107679491924311,0.));
#6346=CARTESIAN_POINT('',(-0.0226506350946109,0.0107679491924311,0.02));
#6347=CARTESIAN_POINT('',(-0.0226506350946109,0.0107679491924311,0.02));
#6348=CARTESIAN_POINT('',(-0.0224006350946109,0.0112009618943233,0.02));
#6349=CARTESIAN_POINT('',(-0.0175753175473055,0.00538397459621556,0.02));
#6350=CARTESIAN_POINT('',(-0.0175753175473055,0.00538397459621556,0.));
#6351=CARTESIAN_POINT('',(-0.0131466170020136,0.000685941220401167,0.));
#6352=CARTESIAN_POINT('',(-0.0131466170020136,0.000685941220401168,0.02));
#6353=CARTESIAN_POINT('',(-0.0131466170020136,0.000685941220401167,0.02));
#6354=CARTESIAN_POINT('',(-0.0175753175473055,0.00538397459621556,0.02));
#6355=CARTESIAN_POINT('',(-0.0175753175473055,-0.00538397459621556,0.02));
#6356=CARTESIAN_POINT('',(-0.0175753175473055,-0.00538397459621556,0.02));
#6357=CARTESIAN_POINT('',(-0.0226506350946109,-0.0107679491924311,0.02));
#6358=CARTESIAN_POINT('',(-0.0131466170020136,-0.000685941220401164,0.02));
#6359=CARTESIAN_POINT('',(-0.0131466170020136,-0.000685941220401165,0.02));
#6360=CARTESIAN_POINT('',(-0.0131466170020136,-0.000685941220401164,0.));
#6361=CARTESIAN_POINT('',(-0.0175753175473055,-0.00538397459621556,0.));
#6362=CARTESIAN_POINT('',(-0.0226506350946109,-0.0107679491924311,0.));
#6363=CARTESIAN_POINT('',(-0.0226506350946109,-0.0107679491924311,0.02));
#6364=CARTESIAN_POINT('',(-0.0224006350946109,-0.0112009618943233,0.02));
#6365=CARTESIAN_POINT('',(-0.0224006350946109,-0.0112009618943233,0.));
#6366=CARTESIAN_POINT('',(-0.0221506350946109,-0.0116339745962156,0.));
#6367=CARTESIAN_POINT('',(-0.0221506350946109,-0.0116339745962156,0.02));
#6368=CARTESIAN_POINT('',(-0.0221506350946109,-0.0116339745962156,0.02));
#6369=CARTESIAN_POINT('',(-0.0224006350946109,-0.0112009618943233,0.02));
#6370=CARTESIAN_POINT('',(-0.0156554445662276,-0.00788397459621556,0.02));
#6371=CARTESIAN_POINT('',(-0.0156554445662276,-0.00788397459621556,0.));
#6372=CARTESIAN_POINT('',(-0.00995869000897795,-0.00459495181908021,0.));
#6373=CARTESIAN_POINT('',(-0.00995869000897796,-0.00459495181908021,0.02));
#6374=CARTESIAN_POINT('',(-0.00995869000897795,-0.00459495181908021,0.02));
#6375=CARTESIAN_POINT('',(-0.0156554445662276,-0.00788397459621556,0.02));
#6376=CARTESIAN_POINT('',(-0.00866025403784439,-0.005,0.02));
#6377=CARTESIAN_POINT('',(-0.00866025403784439,-0.005,0.));
#6378=CARTESIAN_POINT('',(-0.00862123126070903,-0.00506758943265087,0.));
#6379=CARTESIAN_POINT('',(-0.00869927681497974,-0.00493241056734912,0.));
#6380=CARTESIAN_POINT('',(-0.00862123126070903,-0.00506758943265087,0.02));
#6381=CARTESIAN_POINT('',(-0.00862123126070903,-0.00506758943265087,0.02));
#6382=CARTESIAN_POINT('',(-0.00866025403784439,-0.005,0.02));
#6383=CARTESIAN_POINT('',(-0.00869927681497974,-0.00493241056734912,0.02));
#6384=CARTESIAN_POINT('',(-0.00869927681497974,-0.00493241056734912,0.));
#6385=CARTESIAN_POINT('',(-0.0146554445662277,-0.00961602540378444,0.02));
#6386=CARTESIAN_POINT('',(-0.0146554445662277,-0.00961602540378444,0.02));
#6387=CARTESIAN_POINT('',(-0.021150635094611,-0.0133660254037844,0.02));
#6388=CARTESIAN_POINT('',(-0.00895869000897796,-0.00632700262664908,0.02));
#6389=CARTESIAN_POINT('',(-0.00895869000897796,-0.00632700262664908,0.));
#6390=CARTESIAN_POINT('',(-0.00895869000897796,-0.00632700262664908,0.));
#6391=CARTESIAN_POINT('',(-0.0146554445662277,-0.00961602540378444,0.));
#6392=CARTESIAN_POINT('',(-0.021150635094611,-0.0133660254037844,0.));
#6393=CARTESIAN_POINT('',(-0.021150635094611,-0.0133660254037844,0.02));
#6394=CARTESIAN_POINT('',(-0.020900635094611,-0.0137990381056767,0.02));
#6395=CARTESIAN_POINT('',(-0.020900635094611,-0.0137990381056767,0.));
#6396=CARTESIAN_POINT('',(-0.020650635094611,-0.0142320508075689,0.));
#6397=CARTESIAN_POINT('',(-0.020650635094611,-0.0142320508075689,0.02));
#6398=CARTESIAN_POINT('',(-0.020650635094611,-0.0142320508075689,0.02));
#6399=CARTESIAN_POINT('',(-0.020900635094611,-0.0137990381056767,0.02));
#6400=CARTESIAN_POINT('',(-0.0134503175473055,-0.0125286841774372,0.02));
#6401=CARTESIAN_POINT('',(-0.0134503175473055,-0.0125286841774372,0.));
#6402=CARTESIAN_POINT('',(-0.0071673510233771,-0.0110423336873676,0.));
#6403=CARTESIAN_POINT('',(-0.0071673510233771,-0.0110423336873676,0.02));
#6404=CARTESIAN_POINT('',(-0.0071673510233771,-0.0110423336873676,0.02));
#6405=CARTESIAN_POINT('',(-0.0134503175473055,-0.0125286841774372,0.02));
#6406=CARTESIAN_POINT('',(-0.004125,-0.0179126587736528,0.02));
#6407=CARTESIAN_POINT('',(-0.004125,-0.0179126587736528,0.02));
#6408=CARTESIAN_POINT('',(-0.002,-0.025,0.02));
#6409=CARTESIAN_POINT('',(-0.00597926597863648,-0.0117282749077688,0.02));
#6410=CARTESIAN_POINT('',(-0.00597926597863648,-0.0117282749077688,0.02));
#6411=CARTESIAN_POINT('',(-0.00597926597863648,-0.0117282749077688,0.));
#6412=CARTESIAN_POINT('',(-0.004125,-0.0179126587736528,0.));
#6413=CARTESIAN_POINT('',(-0.002,-0.025,0.));
#6414=CARTESIAN_POINT('',(-0.002,-0.025,0.02));
#6415=CARTESIAN_POINT('',(-0.0015,-0.025,0.02));
#6416=CARTESIAN_POINT('',(-0.0015,-0.025,0.));
#6417=CARTESIAN_POINT('',(-0.001,-0.025,0.));
#6418=CARTESIAN_POINT('',(-0.001,-0.025,0.02));
#6419=CARTESIAN_POINT('',(-0.001,-0.025,0.02));
#6420=CARTESIAN_POINT('',(-0.0015,-0.025,0.02));
#6421=CARTESIAN_POINT('',(-0.001,-0.0175,0.02));
#6422=CARTESIAN_POINT('',(-0.001,-0.0175,0.));
#6423=CARTESIAN_POINT('',(-0.001,-0.0109219544457293,0.));
#6424=CARTESIAN_POINT('',(-0.001,-0.0109219544457293,0.02));
#6425=CARTESIAN_POINT('',(-0.001,-0.0109219544457293,0.02));
#6426=CARTESIAN_POINT('',(-0.001,-0.0175,0.02));
#6427=CARTESIAN_POINT('',(-1.3010426069826E-18,-0.01,0.02));
#6428=CARTESIAN_POINT('',(-1.3010426069826E-18,-0.01,0.));
#6429=CARTESIAN_POINT('',(7.80455542707129E-5,-0.01,0.));
#6430=CARTESIAN_POINT('',(-7.80455542707135E-5,-0.01,0.));
#6431=CARTESIAN_POINT('',(7.80455542707129E-5,-0.01,0.02));
#6432=CARTESIAN_POINT('',(7.80455542707129E-5,-0.01,0.02));
#6433=CARTESIAN_POINT('',(-1.3010426069826E-18,-0.01,0.02));
#6434=CARTESIAN_POINT('',(-7.80455542707135E-5,-0.01,0.02));
#6435=CARTESIAN_POINT('',(-7.80455542707135E-5,-0.01,0.));
#6436=CARTESIAN_POINT('',(0.001,-0.0175,0.02));
#6437=CARTESIAN_POINT('',(0.001,-0.0175,0.02));
#6438=CARTESIAN_POINT('',(0.001,-0.025,0.02));
#6439=CARTESIAN_POINT('',(0.001,-0.0109219544457293,0.02));
#6440=CARTESIAN_POINT('',(0.001,-0.0109219544457293,0.));
#6441=CARTESIAN_POINT('',(0.001,-0.0109219544457293,0.));
#6442=CARTESIAN_POINT('',(0.001,-0.0175,0.));
#6443=CARTESIAN_POINT('',(0.001,-0.025,0.));
#6444=CARTESIAN_POINT('',(0.001,-0.025,0.02));
#6445=CARTESIAN_POINT('',(0.0015,-0.025,0.02));
#6446=CARTESIAN_POINT('',(0.0015,-0.025,0.));
#6447=CARTESIAN_POINT('',(0.002,-0.025,0.));
#6448=CARTESIAN_POINT('',(0.002,-0.025,0.02));
#6449=CARTESIAN_POINT('',(0.002,-0.025,0.02));
#6450=CARTESIAN_POINT('',(0.0015,-0.025,0.02));
#6451=CARTESIAN_POINT('',(0.004125,-0.0179126587736528,0.02));
#6452=CARTESIAN_POINT('',(0.004125,-0.0179126587736528,0.));
#6453=CARTESIAN_POINT('',(0.00597926597863648,-0.0117282749077688,0.));
#6454=CARTESIAN_POINT('',(0.00597926597863648,-0.0117282749077688,0.02));
#6455=CARTESIAN_POINT('',(0.00597926597863648,-0.0117282749077688,0.02));
#6456=CARTESIAN_POINT('',(0.004125,-0.0179126587736528,0.02));
#6457=CARTESIAN_POINT('',(0.,-3.46944695195361E-18,0.02));
#6458=CARTESIAN_POINT('',(0.0102586900089779,0.00407533657680954,0.02));
#6459=CARTESIAN_POINT('',(0.00965954311563237,0.00410732095103101,0.02));
#6460=CARTESIAN_POINT('',(0.00916025403784439,0.00413397459621557,0.02));
#6461=CARTESIAN_POINT('',(0.00871453019005561,0.00436053640127628,0.02));
#6462=CARTESIAN_POINT('',(0.00817966157270908,0.00463241056734913,0.02));
#6463=CARTESIAN_POINT('',(0.00810161601843837,0.00476758943265088,0.02));
#6464=CARTESIAN_POINT('',(0.00813360039265983,0.00536673632599646,0.02));
#6465=CARTESIAN_POINT('',(0.00816025403784438,0.00586602540378444,0.02));
#6466=CARTESIAN_POINT('',(0.0083868158429051,0.00631174925157322,0.02));
#6467=CARTESIAN_POINT('',(0.00865869000897795,0.00684661786891975,0.02));
#6468=CARTESIAN_POINT('',(0.00693713697781782,0.0120154737046453,0.02));
#6469=CARTESIAN_POINT('',(0.0016,0.0109219544457293,0.02));
#6470=CARTESIAN_POINT('',(0.00127272727272727,0.0104190702026042,0.02));
#6471=CARTESIAN_POINT('',(0.001,0.01,0.02));
#6472=CARTESIAN_POINT('',(0.000580929797395778,0.00972727272727273,0.02));
#6473=CARTESIAN_POINT('',(7.80455542707125E-5,0.0094,0.02));
#6474=CARTESIAN_POINT('',(-7.8045554270714E-5,0.0094,0.02));
#6475=CARTESIAN_POINT('',(-0.000580929797395781,0.00972727272727273,0.02));
#6476=CARTESIAN_POINT('',(-0.001,0.01,0.02));
#6477=CARTESIAN_POINT('',(-0.00127272727272727,0.0104190702026042,0.02));
#6478=CARTESIAN_POINT('',(-0.0016,0.0109219544457293,0.02));
#6479=CARTESIAN_POINT('',(-0.00693713697781783,0.0120154737046453,0.02));
#6480=CARTESIAN_POINT('',(-0.00865869000897795,0.00684661786891975,0.02));
#6481=CARTESIAN_POINT('',(-0.0083868158429051,0.00631174925157322,0.02));
#6482=CARTESIAN_POINT('',(-0.00816025403784439,0.00586602540378444,0.02));
#6483=CARTESIAN_POINT('',(-0.00813360039265983,0.00536673632599646,0.02));
#6484=CARTESIAN_POINT('',(-0.00810161601843837,0.00476758943265087,0.02));
#6485=CARTESIAN_POINT('',(-0.00817966157270908,0.00463241056734913,0.02));
#6486=CARTESIAN_POINT('',(-0.00871453019005561,0.00436053640127627,0.02));
#6487=CARTESIAN_POINT('',(-0.00916025403784439,0.00413397459621556,0.02));
#6488=CARTESIAN_POINT('',(-0.00965954311563237,0.00410732095103101,0.02));
#6489=CARTESIAN_POINT('',(-0.0102586900089779,0.00407533657680955,0.02));
#6490=CARTESIAN_POINT('',(-0.0138742739556357,8.67361737988404E-19,0.02));
#6491=CARTESIAN_POINT('',(-0.010258690008978,-0.00407533657680955,0.02));
#6492=CARTESIAN_POINT('',(-0.00965954311563237,-0.00410732095103101,0.02));
#6493=CARTESIAN_POINT('',(-0.00916025403784439,-0.00413397459621556,0.02));
#6494=CARTESIAN_POINT('',(-0.00871453019005561,-0.00436053640127627,0.02));
#6495=CARTESIAN_POINT('',(-0.00817966157270908,-0.00463241056734912,0.02));
#6496=CARTESIAN_POINT('',(-0.00810161601843837,-0.00476758943265087,0.02));
#6497=CARTESIAN_POINT('',(-0.00813360039265983,-0.00536673632599645,0.02));
#6498=CARTESIAN_POINT('',(-0.00816025403784439,-0.00586602540378444,0.02));
#6499=CARTESIAN_POINT('',(-0.0083868158429051,-0.00631174925157322,0.02));
#6500=CARTESIAN_POINT('',(-0.00865869000897796,-0.00684661786891975,0.02));
#6501=CARTESIAN_POINT('',(-0.00693713697781783,-0.0120154737046453,0.02));
#6502=CARTESIAN_POINT('',(-0.0016,-0.0109219544457293,0.02));
#6503=CARTESIAN_POINT('',(-0.00127272727272727,-0.0104190702026042,0.02));
#6504=CARTESIAN_POINT('',(-0.001,-0.01,0.02));
#6505=CARTESIAN_POINT('',(-0.000580929797395779,-0.00972727272727273,0.02));
#6506=CARTESIAN_POINT('',(-7.80455542707135E-5,-0.0094,0.02));
#6507=CARTESIAN_POINT('',(7.80455542707129E-5,-0.0094,0.02));
#6508=CARTESIAN_POINT('',(0.00058092979739578,-0.00972727272727273,0.02));
#6509=CARTESIAN_POINT('',(0.001,-0.01,0.02));
#6510=CARTESIAN_POINT('',(0.00127272727272727,-0.0104190702026042,0.02));
#6511=CARTESIAN_POINT('',(0.0016,-0.0109219544457293,0.02));
#6512=CARTESIAN_POINT('',(0.00693713697781782,-0.0120154737046453,0.02));
#6513=CARTESIAN_POINT('',(0.00865869000897795,-0.00684661786891975,0.02));
#6514=CARTESIAN_POINT('',(0.0083868158429051,-0.00631174925157322,0.02));
#6515=CARTESIAN_POINT('',(0.00816025403784439,-0.00586602540378444,0.02));
#6516=CARTESIAN_POINT('',(0.00813360039265983,-0.00536673632599646,0.02));
#6517=CARTESIAN_POINT('',(0.00810161601843836,-0.00476758943265088,0.02));
#6518=CARTESIAN_POINT('',(0.00817966157270908,-0.00463241056734913,0.02));
#6519=CARTESIAN_POINT('',(0.00871453019005561,-0.00436053640127628,0.02));
#6520=CARTESIAN_POINT('',(0.00916025403784439,-0.00413397459621557,0.02));
#6521=CARTESIAN_POINT('',(0.00965954311563237,-0.00410732095103101,0.02));
#6522=CARTESIAN_POINT('',(0.0102586900089779,-0.00407533657680955,0.02));
#6523=CARTESIAN_POINT('',(0.0138742739556356,-8.67361737988404E-19,0.02));
#6524=CARTESIAN_POINT('',(0.,6.12323399573679E-20,0.02));
#6525=CARTESIAN_POINT('',(0.001,6.12323399573679E-20,0.02));
#6526=CARTESIAN_POINT('',(0.,-3.46944695195361E-18,0.));
#6527=CARTESIAN_POINT('',(0.,6.12323399573679E-20,0.));
#6528=CARTESIAN_POINT('',(0.001,6.12323399573679E-20,0.));
#6529=CARTESIAN_POINT('',(0.00916025403784439,0.00413397459621557,0.));
#6530=CARTESIAN_POINT('',(0.00871453019005561,0.00436053640127628,0.));
#6531=CARTESIAN_POINT('',(0.00965954311563237,0.00410732095103101,0.));
#6532=CARTESIAN_POINT('',(0.0102586900089779,0.00407533657680954,0.));
#6533=CARTESIAN_POINT('',(0.0138742739556356,-8.67361737988404E-19,0.));
#6534=CARTESIAN_POINT('',(0.0102586900089779,-0.00407533657680955,0.));
#6535=CARTESIAN_POINT('',(0.00965954311563237,-0.00410732095103101,0.));
#6536=CARTESIAN_POINT('',(0.00916025403784439,-0.00413397459621557,0.));
#6537=CARTESIAN_POINT('',(0.00871453019005561,-0.00436053640127628,0.));
#6538=CARTESIAN_POINT('',(0.00817966157270908,-0.00463241056734913,0.));
#6539=CARTESIAN_POINT('',(0.00810161601843836,-0.00476758943265088,0.));
#6540=CARTESIAN_POINT('',(0.00813360039265983,-0.00536673632599646,0.));
#6541=CARTESIAN_POINT('',(0.00816025403784439,-0.00586602540378444,0.));
#6542=CARTESIAN_POINT('',(0.0083868158429051,-0.00631174925157322,0.));
#6543=CARTESIAN_POINT('',(0.00865869000897795,-0.00684661786891975,0.));
#6544=CARTESIAN_POINT('',(0.00693713697781782,-0.0120154737046453,0.));
#6545=CARTESIAN_POINT('',(0.0016,-0.0109219544457293,0.));
#6546=CARTESIAN_POINT('',(0.00127272727272727,-0.0104190702026042,0.));
#6547=CARTESIAN_POINT('',(0.001,-0.01,0.));
#6548=CARTESIAN_POINT('',(0.00058092979739578,-0.00972727272727273,0.));
#6549=CARTESIAN_POINT('',(7.80455542707129E-5,-0.0094,0.));
#6550=CARTESIAN_POINT('',(-7.80455542707135E-5,-0.0094,0.));
#6551=CARTESIAN_POINT('',(-0.000580929797395779,-0.00972727272727273,0.));
#6552=CARTESIAN_POINT('',(-0.001,-0.01,0.));
#6553=CARTESIAN_POINT('',(-0.00127272727272727,-0.0104190702026042,0.));
#6554=CARTESIAN_POINT('',(-0.0016,-0.0109219544457293,0.));
#6555=CARTESIAN_POINT('',(-0.00693713697781783,-0.0120154737046453,0.));
#6556=CARTESIAN_POINT('',(-0.00865869000897796,-0.00684661786891975,0.));
#6557=CARTESIAN_POINT('',(-0.0083868158429051,-0.00631174925157322,0.));
#6558=CARTESIAN_POINT('',(-0.00816025403784439,-0.00586602540378444,0.));
#6559=CARTESIAN_POINT('',(-0.00813360039265983,-0.00536673632599645,0.));
#6560=CARTESIAN_POINT('',(-0.00810161601843837,-0.00476758943265087,0.));
#6561=CARTESIAN_POINT('',(-0.00817966157270908,-0.00463241056734912,0.));
#6562=CARTESIAN_POINT('',(-0.00871453019005561,-0.00436053640127627,0.));
#6563=CARTESIAN_POINT('',(-0.00916025403784439,-0.00413397459621556,0.));
#6564=CARTESIAN_POINT('',(-0.00965954311563237,-0.00410732095103101,0.));
#6565=CARTESIAN_POINT('',(-0.010258690008978,-0.00407533657680955,0.));
#6566=CARTESIAN_POINT('',(-0.0138742739556357,8.67361737988404E-19,0.));
#6567=CARTESIAN_POINT('',(-0.0102586900089779,0.00407533657680955,0.));
#6568=CARTESIAN_POINT('',(-0.00965954311563237,0.00410732095103101,0.));
#6569=CARTESIAN_POINT('',(-0.00916025403784439,0.00413397459621556,0.));
#6570=CARTESIAN_POINT('',(-0.00871453019005561,0.00436053640127627,0.));
#6571=CARTESIAN_POINT('',(-0.00817966157270908,0.00463241056734913,0.));
#6572=CARTESIAN_POINT('',(-0.00810161601843837,0.00476758943265087,0.));
#6573=CARTESIAN_POINT('',(-0.00813360039265983,0.00536673632599646,0.));
#6574=CARTESIAN_POINT('',(-0.00816025403784439,0.00586602540378444,0.));
#6575=CARTESIAN_POINT('',(-0.0083868158429051,0.00631174925157322,0.));
#6576=CARTESIAN_POINT('',(-0.00865869000897795,0.00684661786891975,0.));
#6577=CARTESIAN_POINT('',(-0.00693713697781783,0.0120154737046453,0.));
#6578=CARTESIAN_POINT('',(-0.0016,0.0109219544457293,0.));
#6579=CARTESIAN_POINT('',(-0.00127272727272727,0.0104190702026042,0.));
#6580=CARTESIAN_POINT('',(-0.001,0.01,0.));
#6581=CARTESIAN_POINT('',(-0.000580929797395781,0.00972727272727273,0.));
#6582=CARTESIAN_POINT('',(-7.8045554270714E-5,0.0094,0.));
#6583=CARTESIAN_POINT('',(7.80455542707125E-5,0.0094,0.));
#6584=CARTESIAN_POINT('',(0.000580929797395778,0.00972727272727273,0.));
#6585=CARTESIAN_POINT('',(0.001,0.01,0.));
#6586=CARTESIAN_POINT('',(0.00127272727272727,0.0104190702026042,0.));
#6587=CARTESIAN_POINT('',(0.0016,0.0109219544457293,0.));
#6588=CARTESIAN_POINT('',(0.00693713697781782,0.0120154737046453,0.));
#6589=CARTESIAN_POINT('',(0.00865869000897795,0.00684661786891975,0.));
#6590=CARTESIAN_POINT('',(0.0083868158429051,0.00631174925157322,0.));
#6591=CARTESIAN_POINT('',(0.00816025403784438,0.00586602540378444,0.));
#6592=CARTESIAN_POINT('',(0.00813360039265983,0.00536673632599646,0.));
#6593=CARTESIAN_POINT('',(0.00810161601843837,0.00476758943265088,0.));
#6594=CARTESIAN_POINT('',(0.00817966157270908,0.00463241056734913,0.));
#6595=CARTESIAN_POINT('',(-0.001,0.01,-0.005));
#6596=CARTESIAN_POINT('',(-0.000580929797395781,0.00972727272727273,-0.005));
#6597=CARTESIAN_POINT('',(-0.00127272727272727,0.0104190702026042,-0.005));
#6598=CARTESIAN_POINT('',(0.,6.12323399573679E-20,-0.005));
#6599=CARTESIAN_POINT('',(-0.00816025403784439,0.00586602540378444,-0.005));
#6600=CARTESIAN_POINT('',(-0.00813360039265983,0.00536673632599646,-0.005));
#6601=CARTESIAN_POINT('',(-0.0083868158429051,0.00631174925157322,-0.005));
#6602=CARTESIAN_POINT('',(-0.00916025403784439,0.00413397459621556,-0.005));
#6603=CARTESIAN_POINT('',(-0.00965954311563237,0.00410732095103101,-0.005));
#6604=CARTESIAN_POINT('',(-0.00871453019005561,0.00436053640127627,-0.005));
#6605=CARTESIAN_POINT('',(-0.00916025403784439,-0.00413397459621556,-0.005));
#6606=CARTESIAN_POINT('',(-0.00871453019005561,-0.00436053640127627,-0.005));
#6607=CARTESIAN_POINT('',(-0.00965954311563237,-0.00410732095103101,-0.005));
#6608=CARTESIAN_POINT('',(-0.00816025403784439,-0.00586602540378444,-0.005));
#6609=CARTESIAN_POINT('',(-0.0083868158429051,-0.00631174925157322,-0.005));
#6610=CARTESIAN_POINT('',(-0.00813360039265983,-0.00536673632599645,-0.005));
#6611=CARTESIAN_POINT('',(-0.001,-0.01,-0.005));
#6612=CARTESIAN_POINT('',(-0.00127272727272727,-0.0104190702026042,-0.005));
#6613=CARTESIAN_POINT('',(-0.000580929797395779,-0.00972727272727273,-0.005));
#6614=CARTESIAN_POINT('',(0.001,-0.01,-0.005));
#6615=CARTESIAN_POINT('',(0.00058092979739578,-0.00972727272727273,-0.005));
#6616=CARTESIAN_POINT('',(0.00127272727272727,-0.0104190702026042,-0.005));
#6617=CARTESIAN_POINT('',(0.00816025403784439,-0.00586602540378444,-0.005));
#6618=CARTESIAN_POINT('',(0.0083868158429051,-0.00631174925157322,-0.005));
#6619=CARTESIAN_POINT('',(0.00813360039265983,-0.00536673632599646,-0.005));
#6620=CARTESIAN_POINT('',(0.00916025403784439,-0.00413397459621557,-0.005));
#6621=CARTESIAN_POINT('',(0.00965954311563237,-0.00410732095103101,-0.005));
#6622=CARTESIAN_POINT('',(0.00871453019005561,-0.00436053640127628,-0.005));
#6623=CARTESIAN_POINT('',(0.00916025403784439,0.00413397459621557,-0.005));
#6624=CARTESIAN_POINT('',(0.00965954311563237,0.00410732095103101,-0.005));
#6625=CARTESIAN_POINT('',(0.00871453019005561,0.00436053640127628,-0.005));
#6626=CARTESIAN_POINT('',(0.00816025403784438,0.00586602540378444,-0.005));
#6627=CARTESIAN_POINT('',(0.00813360039265983,0.00536673632599646,-0.005));
#6628=CARTESIAN_POINT('',(0.0083868158429051,0.00631174925157322,-0.005));
#6629=CARTESIAN_POINT('',(0.001,0.01,-0.005));
#6630=CARTESIAN_POINT('',(0.00127272727272727,0.0104190702026042,-0.005));
#6631=CARTESIAN_POINT('',(0.000580929797395778,0.00972727272727273,-0.005));
#6632=CARTESIAN_POINT('',(0.0102586900089779,0.00407533657680954,-0.005));
#6633=CARTESIAN_POINT('',(0.00817966157270908,0.00463241056734913,-0.005));
#6634=CARTESIAN_POINT('',(0.00810161601843837,0.00476758943265088,-0.005));
#6635=CARTESIAN_POINT('',(0.00865869000897795,0.00684661786891975,-0.005));
#6636=CARTESIAN_POINT('',(0.0102586900089779,-0.00407533657680955,-0.005));
#6637=CARTESIAN_POINT('',(0.00865869000897795,-0.00684661786891975,-0.005));
#6638=CARTESIAN_POINT('',(0.00810161601843836,-0.00476758943265088,-0.005));
#6639=CARTESIAN_POINT('',(0.00817966157270908,-0.00463241056734913,-0.005));
#6640=CARTESIAN_POINT('',(7.80455542707129E-5,-0.0094,-0.005));
#6641=CARTESIAN_POINT('',(-0.0016,-0.0109219544457293,-0.005));
#6642=CARTESIAN_POINT('',(-7.80455542707135E-5,-0.0094,-0.005));
#6643=CARTESIAN_POINT('',(0.0016,-0.0109219544457293,-0.005));
#6644=CARTESIAN_POINT('',(-0.00865869000897796,-0.00684661786891975,-0.005));
#6645=CARTESIAN_POINT('',(-0.00810161601843837,-0.00476758943265087,-0.005));
#6646=CARTESIAN_POINT('',(-0.00817966157270908,-0.00463241056734912,-0.005));
#6647=CARTESIAN_POINT('',(-0.010258690008978,-0.00407533657680955,-0.005));
#6648=CARTESIAN_POINT('',(-0.0102586900089779,0.00407533657680955,-0.005));
#6649=CARTESIAN_POINT('',(-0.00817966157270908,0.00463241056734913,-0.005));
#6650=CARTESIAN_POINT('',(-0.00810161601843837,0.00476758943265087,-0.005));
#6651=CARTESIAN_POINT('',(-0.00865869000897795,0.00684661786891975,-0.005));
#6652=CARTESIAN_POINT('',(0.0016,0.0109219544457293,-0.005));
#6653=CARTESIAN_POINT('',(7.80455542707125E-5,0.0094,-0.005));
#6654=CARTESIAN_POINT('',(-7.8045554270714E-5,0.0094,-0.005));
#6655=CARTESIAN_POINT('',(-0.0016,0.0109219544457293,-0.005));
#6656=CARTESIAN_POINT('',(-0.00693713697781783,-0.0120154737046453,0.02));
#6657=CARTESIAN_POINT('',(0.00693713697781782,-0.0120154737046453,0.02));
#6658=CARTESIAN_POINT('',(0.0138742739556356,-8.67361737988404E-19,0.02));
#6659=CARTESIAN_POINT('',(0.00693713697781782,0.0120154737046453,0.02));
#6660=CARTESIAN_POINT('',(-0.00693713697781783,0.0120154737046453,0.02));
#6661=CARTESIAN_POINT('',(-0.0138742739556357,8.67361737988404E-19,0.02));
#6662=CARTESIAN_POINT('',(-0.0125,0.02,0.005));
#6663=CARTESIAN_POINT('',(-0.002,0.02,0.005));
#6664=CARTESIAN_POINT('',(-0.002,0.02,0.003375));
#6665=CARTESIAN_POINT('',(-0.0125,0.02,0.015));
#6666=CARTESIAN_POINT('',(-0.002,0.02,0.015));
#6667=CARTESIAN_POINT('',(-0.002,0.02,0.013375));
#6668=CARTESIAN_POINT('',(-0.002,0.02,0.015));
#6669=CARTESIAN_POINT('',(-0.002,0.02,0.015));
#6670=CARTESIAN_POINT('',(-0.002,0.02,0.012));
#6671=CARTESIAN_POINT('',(-0.002,0.0162371672224254,0.01));
#6672=CARTESIAN_POINT('',(-0.002,0.02,0.005));
#6673=CARTESIAN_POINT('',(-0.002,0.02,0.005));
#6674=CARTESIAN_POINT('',(-0.002,0.02,0.002));
#6675=CARTESIAN_POINT('',(-0.002,0.0162371672224254,0.01));
#6676=CARTESIAN_POINT('',(0.002,0.0214,0.0125751288694036));
#6677=CARTESIAN_POINT('',(0.002,0.0228,0.013383419246269));
#6678=CARTESIAN_POINT('',(0.002,0.0228,0.013383419246269));
#6679=CARTESIAN_POINT('',(0.002,0.0214,0.0125751288694036));
#6680=CARTESIAN_POINT('',(0.002,0.02,0.0117668384925381));
#6681=CARTESIAN_POINT('',(0.002,0.02,0.0117668384925381));
#6682=CARTESIAN_POINT('',(0.002,0.0228,0.015));
#6683=CARTESIAN_POINT('',(0.002,0.0228,0.0166165807537309));
#6684=CARTESIAN_POINT('',(0.002,0.0228,0.0166165807537309));
#6685=CARTESIAN_POINT('',(0.002,0.0228,0.015));
#6686=CARTESIAN_POINT('',(0.002,0.0214,0.0174248711305964));
#6687=CARTESIAN_POINT('',(0.002,0.02,0.0182331615074619));
#6688=CARTESIAN_POINT('',(0.002,0.02,0.0182331615074619));
#6689=CARTESIAN_POINT('',(0.002,0.0214,0.0174248711305964));
#6690=CARTESIAN_POINT('',(0.002,0.0186,0.0174248711305964));
#6691=CARTESIAN_POINT('',(0.002,0.0172,0.0166165807537309));
#6692=CARTESIAN_POINT('',(0.002,0.0172,0.0166165807537309));
#6693=CARTESIAN_POINT('',(0.002,0.0186,0.0174248711305964));
#6694=CARTESIAN_POINT('',(0.002,0.0172,0.015));
#6695=CARTESIAN_POINT('',(0.002,0.0172,0.0133834192462691));
#6696=CARTESIAN_POINT('',(0.002,0.0172,0.0133834192462691));
#6697=CARTESIAN_POINT('',(0.002,0.0172,0.015));
#6698=CARTESIAN_POINT('',(0.002,0.0186,0.0125751288694036));
#6699=CARTESIAN_POINT('',(0.002,0.0186,0.0125751288694036));
#6700=CARTESIAN_POINT('',(0.002,0.02,0.01));
#6701=CARTESIAN_POINT('',(0.002,0.0186,0.00742487113059642));
#6702=CARTESIAN_POINT('',(0.002,0.0172,0.00661658075373095));
#6703=CARTESIAN_POINT('',(0.002,0.0172,0.00661658075373095));
#6704=CARTESIAN_POINT('',(0.002,0.0186,0.00742487113059642));
#6705=CARTESIAN_POINT('',(0.002,0.02,0.00823316150746191));
#6706=CARTESIAN_POINT('',(0.002,0.02,0.00823316150746191));
#6707=CARTESIAN_POINT('',(0.002,0.0172,0.005));
#6708=CARTESIAN_POINT('',(0.002,0.0172,0.00338341924626905));
#6709=CARTESIAN_POINT('',(0.002,0.0172,0.00338341924626905));
#6710=CARTESIAN_POINT('',(0.002,0.0172,0.005));
#6711=CARTESIAN_POINT('',(0.002,0.0186,0.00257512886940357));
#6712=CARTESIAN_POINT('',(0.002,0.02,0.00176683849253809));
#6713=CARTESIAN_POINT('',(0.002,0.02,0.00176683849253809));
#6714=CARTESIAN_POINT('',(0.002,0.0186,0.00257512886940357));
#6715=CARTESIAN_POINT('',(0.002,0.0214,0.00257512886940357));
#6716=CARTESIAN_POINT('',(0.002,0.0228,0.00338341924626905));
#6717=CARTESIAN_POINT('',(0.002,0.0228,0.00338341924626905));
#6718=CARTESIAN_POINT('',(0.002,0.0214,0.00257512886940357));
#6719=CARTESIAN_POINT('',(0.002,0.0228,0.005));
#6720=CARTESIAN_POINT('',(0.002,0.0228,0.00661658075373095));
#6721=CARTESIAN_POINT('',(0.002,0.0228,0.00661658075373095));
#6722=CARTESIAN_POINT('',(0.002,0.0228,0.005));
#6723=CARTESIAN_POINT('',(0.002,0.0214,0.00742487113059643));
#6724=CARTESIAN_POINT('',(0.002,0.0214,0.00742487113059643));
#6725=CARTESIAN_POINT('',(0.002,0.02,0.01));
#6726=MECHANICAL_DESIGN_GEOMETRIC_PRESENTATION_REPRESENTATION('',(#4049),
#6727);
#6727=(
GEOMETRIC_REPRESENTATION_CONTEXT(3)
GLOBAL_UNCERTAINTY_ASSIGNED_CONTEXT((#6728))
GLOBAL_UNIT_ASSIGNED_CONTEXT((#6731,#6730,#6729))
REPRESENTATION_CONTEXT('Part 1','TOP_LEVEL_ASSEMBLY_PART')
);
#6728=UNCERTAINTY_MEASURE_WITH_UNIT(LENGTH_MEASURE(1.E-8),#6731,
'DISTANCE_ACCURACY_VALUE','Maximum Tolerance applied to model');
#6729=(
NAMED_UNIT(*)
SI_UNIT($,.STERADIAN.)
SOLID_ANGLE_UNIT()
);
#6730=(
NAMED_UNIT(*)
PLANE_ANGLE_UNIT()
SI_UNIT($,.RADIAN.)
);
#6731=(
LENGTH_UNIT()
NAMED_UNIT(*)
SI_UNIT($,.METRE.)
);
#6732=PRODUCT_DEFINITION_SHAPE('','',#6733);
#6733=PRODUCT_DEFINITION('','',#6735,#6734);
#6734=PRODUCT_DEFINITION_CONTEXT('',#6741,'design');
#6735=PRODUCT_DEFINITION_FORMATION_WITH_SPECIFIED_SOURCE('','',#6737,
 .NOT_KNOWN.);
#6736=PRODUCT_RELATED_PRODUCT_CATEGORY('','',(#6737));
#6737=PRODUCT('Part 1','Part 1','Part 1',(#6739));
#6738=PRODUCT_CATEGORY('','');
#6739=PRODUCT_CONTEXT('',#6741,'mechanical');
#6740=APPLICATION_PROTOCOL_DEFINITION('international standard',
'ap242_managed_model_based_3d_engineering',2020,#6741);
#6741=APPLICATION_CONTEXT('managed model based 3d engineering');
ENDSEC;
END-ISO-10303-21;
